,GOOGL,GOOG,META,EA,TTWO,LYV,TKO,PSKY,TTD,AMZN,TSLA,HD,YUM,EBAY,CCL,MGM,POOL,NCLH,WMT,COST,PG,KMB,CASY,EL,TAP,CAG,CPB,XOM,CVX,COP,PSX,OXY,OKE,CTRA,EXE,APA,BRK-B,JPM,V,FITB,XYZ,MSCI,IVZ,JKHY,FDS,LLY,JNJ,ABBV,BDX,A,RMD,HSIC,TECH,CRL,CAT,GEV,GE,FAST,CARR,ODFL,SWK,BLDR,AOS,NVDA,AAPL,MSFT,CIEN,MSI,TER,IT,SWKS,EPAM,LIN,NEM,FCX,DOW,PPG,LYB,BALL,AVY,MOS,WELL,PLD,EQIX,AVB,EQR,SBAC,FRT,BXP,ARE,NEE,CEG,SO,PCG,NRG,AEE,LNT,PNW,AES,GLD,SLV,CPER,USO,TLT,IEF,LQD,HYG,SPY,QQQ,035420,035720,017670,028260,000720,047040,005380,000270,012330,015760,033780,278470,034730,051910,267250,105560,032830,055550,207940,068270,0126Z0,034020,329180,267260,005930,000660,402340,373220,012450,010120,010130,005490,004020,069500
GOOGL,1.0,0.9952479772503886,0.5613892813501817,0.23336448202773888,0.3326020473288326,0.3535166018113245,0.1742668327667923,0.18078949962909632,0.39391787327321237,0.6175307371839388,0.4176257729079238,0.33267204148328006,0.23778227680722736,0.29802524815233,0.3908659246130208,0.36424589435031696,0.3149646345524085,0.3586114321190835,0.18128828116333767,0.34337589326192186,0.11435085357917679,0.012963150195634127,0.18827904720162128,0.34305220246121404,0.10128729146182734,-0.018644564239128643,-0.04486371968887135,0.07922523575339561,0.14527369920904992,0.1342829503047281,0.12832635239259255,0.1394658035844223,0.22224128998414222,0.12565666581541138,0.17274800934577178,0.20089350958160626,0.33291115742570004,0.3325939892572475,0.3830433478569006,0.29221804452239364,0.4746372709806167,0.4175954519793,0.40273751250776424,0.23735033646752607,0.25759676616014626,0.17021803822881887,0.06753002277739778,0.06729623898979871,0.16648000740808822,0.3715482705690407,0.31403386384160253,0.2218292329467131,0.35077622434376327,0.3124960624591476,0.3005526144346885,0.3349344391619049,0.34097801188304133,0.3519644764757559,0.3364350975622532,0.33029738902273587,0.3332264960614423,0.3059815221816349,0.28762171849632306,0.5240737213543671,0.5705831701227626,0.6083299026694448,0.344051918456559,0.3405779109098868,0.45588565950203025,0.31545175070694265,0.4274100912293686,0.3018463164854951,0.33660675496998543,0.1391135617570308,0.3422944072245024,0.2182457637128318,0.34168305780415914,0.1911496532089006,0.246921437978304,0.3523810434149259,0.16365522970363386,0.22025218120823917,0.334019633439417,0.31605827226956285,0.2624816374102825,0.27799295246733424,0.15410006096823145,0.2901876266444536,0.274434554636579,0.25112853627284604,0.1773043712822346,0.2712015927917263,0.069829549982429,0.20712733328487917,0.28052931048187124,0.08981553107032433,0.09794709852103511,0.09102173922980258,0.25148675064333337,0.10157266087220854,0.17588259643406318,0.20727704789815937,0.045009911102256446,0.0407189025614468,0.054825308031885796,0.25762712588170456,0.5260926267735417,0.6884093372724435,0.7401444975461511,0.05877385998319715,0.013583370849571721,0.01634434045709402,0.07579294608813947,0.03931871512015968,0.029277171951173755,0.06364824262682815,0.0643102372496798,0.04789653262725045,0.01923477354129029,0.02579760013119737,0.02315892604091291,0.03633005049689622,0.03071918908423573,0.05039344754248717,0.06275665103063352,0.017485035243966014,0.040923505819102375,0.04585228446130023,-0.01983589381947915,0.003919963264757637,0.04088367649330748,0.05009955843919219,0.03053334971276907,0.07209774722668977,0.07588671355254209,0.07330053852651412,-0.01595643105875259,0.0045580245652188465,0.04144333528040691,0.028520314024330518,0.03450966042200692,0.040469298435423295,0.0882340323671716
GOOG,0.9952479772503886,1.0,0.5628022081662827,0.23516043817174087,0.3349637108221914,0.35880366071850334,0.17518424317545628,0.18646828857518558,0.39818196840040887,0.621315532165442,0.41972783341549447,0.3378065050717455,0.24073035750218358,0.30230229665732833,0.39637535550384206,0.36772555499874326,0.3224145013669219,0.3634275777620614,0.18509043750153928,0.3467117558149476,0.11415828670679247,0.010140630074980743,0.1939982056827987,0.3444390245235447,0.1071605109283347,-0.018358933618995585,-0.047360741711773756,0.0799241419804582,0.14585399854553704,0.13288332171789424,0.12803901744340324,0.14125632361495719,0.22618846741487875,0.1267716775698497,0.17170753470538733,0.2014292674692694,0.33788536883061165,0.3325396648950686,0.38738465815234896,0.2964731106432025,0.4783442843419697,0.4209735882789069,0.40705173158142893,0.24036276297434214,0.25680369942583914,0.16809625201617368,0.06409505132875296,0.06803340228815255,0.16863565846033604,0.3706842226229052,0.3115630682618601,0.22089748381420676,0.3518974052613619,0.3132464793010952,0.3009200174551888,0.3374341065047202,0.33730712969809173,0.35534856331596754,0.3368520628519941,0.3304883736989673,0.3377017219893604,0.3109943544967428,0.28739081193041327,0.5253298469340439,0.5725732831114922,0.6097579084357702,0.3440671558312518,0.34203246167268114,0.45524108173281247,0.31604163083105286,0.4286249997242107,0.30559452783685426,0.336822641237414,0.1386282814807241,0.34112992841895057,0.22114142377842413,0.34502056395687053,0.19267254805439457,0.2499646087084272,0.3579092454063791,0.16186035050007364,0.22307522803558838,0.336823859314028,0.3179079771995284,0.26511934249246183,0.2815130021722009,0.15968269246079217,0.295279371669076,0.27778890779231363,0.2547030872956646,0.1805984978504725,0.2711317141089118,0.07108027244928203,0.20910718127051403,0.27968852715081577,0.09277771470611916,0.1020468688574891,0.09519952465491396,0.2556235341930037,0.09974633364636888,0.17447448123333728,0.2078311681566812,0.04550688222049848,0.044432514397472304,0.0574734503563265,0.26162087270091716,0.5297800142266785,0.6907151706581649,0.7426402267625477,0.055597359874370506,0.010849005424121275,0.01191897474790876,0.07384907799927885,0.03365821834622116,0.023653399948914598,0.06449611967693615,0.06685927016757236,0.048532584620002234,0.01797484809166302,0.026302213333263328,0.020677338472794765,0.034309155838582316,0.031134331566099786,0.049735546590291634,0.06369910477246296,0.015278513744259484,0.03870359420760429,0.04919764762013469,-0.017423758475329815,-0.005884502816586869,0.04203921185440055,0.05057741498460398,0.027981713992720387,0.0685832088682426,0.07494906369051195,0.07164959522609485,-0.012621513285406864,0.005900283851331758,0.03811618255199088,0.027284950573735412,0.03494646691534257,0.03664723572762731,0.08575666680732676
META,0.5613892813501817,0.5628022081662827,1.0,0.19502261747845043,0.31862601242211164,0.35160223587948414,0.22009419520528722,0.2066466807928811,0.43523980469830276,0.5954107593627362,0.34571193155375113,0.34152539393493136,0.21218016201907908,0.33327681976392753,0.38477187743256547,0.34501229588594656,0.3435984986340169,0.3672558617821365,0.17213391589815535,0.335435801889069,0.09753251040372739,0.02677779079426268,0.15804515924290696,0.2940338888759081,0.08084711356789893,-0.01787936154172822,-0.05105208791631115,0.05521561839648989,0.11014164550799949,0.09089628661365433,0.14428407954122807,0.10299744073583446,0.20864303026048733,0.09862668495720693,0.13541570219620758,0.14381798610714702,0.2892905428439978,0.3137890500410707,0.3693388845962478,0.29334797480254515,0.4603092208183182,0.37273148551780827,0.38430340576429417,0.18324288372603062,0.21899837716956932,0.18081705256308286,0.008358130920494377,0.043457647234481596,0.0786310503174966,0.33316973543084927,0.2363979796109577,0.17870111286122622,0.2957723417054213,0.29804557224745465,0.2478539571438575,0.36603574147462425,0.34252550379416713,0.30581255748293285,0.34182097242207604,0.34210777720963126,0.35124085220415924,0.3337037534564712,0.2640508980281586,0.49567691181248263,0.47415543987637093,0.5567270524752026,0.3017564628145806,0.2734012115935863,0.3938436561243713,0.3088937772075053,0.3972063632090079,0.3124632662233162,0.326047451732483,0.06986800838220925,0.30836027485847795,0.20527191699090586,0.3363618178050101,0.1741752944919708,0.2344562203959349,0.326936036409097,0.14745532998482233,0.21513179421860806,0.29296242701580366,0.28452418275505037,0.2431563911625039,0.2520057665402111,0.12825052659937838,0.2799048138464821,0.2668719370673072,0.24016500543838007,0.14221962368027868,0.2516430877585741,0.022407086896853886,0.16798139515593138,0.28312932687002246,0.0475078019075265,0.036574225260538946,0.053628178948978596,0.20576685792977767,0.05089807605111065,0.12969171472941515,0.19947019601788124,0.01168230192244748,0.02110730066164465,0.020342086468420634,0.2140788495201672,0.4579727399839781,0.6261807972995733,0.6878829119144102,0.06512065674065964,0.047991408487308165,-0.0017808739108372013,0.02246889547932552,0.056607838073074054,0.03633070264102103,0.04275389166682848,0.05200847302329412,0.01646696581980438,0.04391504122172294,-0.016850362297797444,0.01934471644886554,0.03637057230962795,0.020996445538075524,-0.011809918213436847,0.037166223836574044,-0.010456281251754676,0.044214507718241036,0.01339714630391365,-0.032607185310461945,-0.07542852047173548,0.059996962343306565,0.0003452216365098981,0.014278530013553259,0.050305332437120535,0.08877585005083649,0.1075693308656931,-0.0018304362775475739,-0.0021738664939715056,0.0009980747872001686,0.02969576850305994,0.03517330897714047,0.03041160609820489,0.0703684296812351
EA,0.23336448202773888,0.23516043817174087,0.19502261747845043,1.0,0.43437586657366384,0.18765782572433082,0.1436234110302846,0.1306231917157022,0.1958157282396487,0.20772011982321065,0.16727888153484707,0.20269085790864058,0.24965237511083088,0.1664251249087496,0.15032215745110492,0.19945033352021133,0.18798213830783114,0.13289724864684108,0.13395696095998802,0.19684655168317713,0.16455014021622125,0.14043814031924362,0.1632470268737606,0.18531493915398042,0.12884443517156,0.09920744852596848,0.04790209973467454,0.11820358944156834,0.12920248637669213,0.12051897374771559,0.09105646282855573,0.11200629964663747,0.18894513491836679,0.14136229907167808,0.19283594763655923,0.12105817580904671,0.27072772949768437,0.21040397073855832,0.2702277919528179,0.16676801179053924,0.202802193074158,0.2534390515230792,0.22417020080323768,0.2214379444255743,0.20698848976528672,0.11095071896508489,0.15096922125669407,0.15076636034287422,0.15890722338598265,0.20164559688730135,0.1863908868176979,0.1687959653892227,0.2210238444214545,0.17784622110972,0.1609297414912629,0.07641212836707986,0.18325789612666352,0.22767816698306195,0.19821445517723266,0.14631218994383394,0.17049299932274406,0.13739247813822733,0.1944813157366368,0.21466556156295696,0.23989355829936032,0.2487339610842841,0.1627979479257702,0.24414756215607267,0.25097613226945065,0.16465835827522324,0.2336504917068889,0.12072322314178591,0.2835539007349661,0.13172962318825737,0.2224411469590277,0.1625465055474451,0.2283927178866063,0.14071055665846155,0.16033273412189838,0.23752835397210206,0.11464616235767122,0.19968536058347874,0.21873911481486003,0.2183416274622771,0.22659281426215488,0.22758474005875534,0.19494504072175275,0.2082666585158179,0.17122474671356033,0.18009626985217403,0.18389701231626646,0.11828342411238167,0.15731759306849796,0.21595773441267638,0.14108905070793876,0.19143199733562188,0.17642800550796933,0.16365178059852767,0.1596952884306269,0.0946912221177134,0.11796696041428473,0.09906973298630026,0.05719163034154257,0.08401471911984702,0.09878825558042657,0.19730413410373734,0.3048400777282745,0.34249821070865594,0.3288212253187165,0.0779082712388084,0.05654336120131396,0.014443799393135483,0.03393976742703351,0.008466934702676024,0.05416392275664986,0.009621604473825257,0.009681796644359206,0.011638830959151096,0.03087273868311927,0.05445455490978878,0.02875566881755128,-0.01002776893638718,0.053873510749651445,0.02089398745424485,0.05126531895465407,0.03511630181149252,0.038359840569463025,-0.010621127936030093,-0.03403567683527174,-0.05642899690186729,0.02700315382683838,0.0353931041647937,0.02155125674164795,0.014917762650254983,0.022706817049401626,0.03299412579924249,0.025709305642152215,0.03300995616757545,-0.020379343405226003,0.01295570436362236,0.044759790739553454,0.004787728491026213,0.044908357800425465
TTWO,0.3326020473288326,0.3349637108221914,0.31862601242211164,0.43437586657366384,1.0,0.2589004268471527,0.22730735680316475,0.22849757667135906,0.3565328501631867,0.3450511911890431,0.2815419716181656,0.21361988733159107,0.17992382190044948,0.24267718179001968,0.2739969616785008,0.2706734307945194,0.2183298107506845,0.24974554684687683,0.06845086714560354,0.2458959513629519,0.06924409697397968,0.044802803351092074,0.1296874168184678,0.2636940694291265,0.025003414788639395,-0.015435488841843984,-0.04311057571611178,0.12126201491347417,0.13626595682706777,0.12504519316972712,0.11547073018388243,0.1167120210314478,0.19117826265164753,0.16987622285728846,0.1722137208171811,0.14353034933071412,0.21833623630169144,0.2574289790999917,0.3110801804263386,0.18600253554543153,0.3863188187482986,0.312064257512732,0.2948407334371193,0.23883159668339324,0.21692740199047467,0.09185302343144582,0.02105714380022151,0.026489006319693333,0.1223650306509655,0.259845480435807,0.19415073926667029,0.1715518789465098,0.24669992721868816,0.23112055749113974,0.19988408158195267,0.19915852218965682,0.23931666501579277,0.20588744467146078,0.20418684640408985,0.1980075643720145,0.21343565747203813,0.18312215270627036,0.1961176580424989,0.3247625657915464,0.318045425316013,0.35683294426941004,0.21713061715984375,0.217880577644578,0.2930342545691392,0.2515391182502224,0.2919786160705007,0.22717866315449795,0.23934681844627523,0.15578000098312086,0.28412949596381365,0.16842271491596275,0.24763387964872086,0.13939290535481155,0.1957864563137342,0.21696188646613496,0.16615688476088572,0.1307573645464968,0.2433025559830721,0.2298822393933019,0.21097554988096617,0.21968406123472287,0.15783623894610155,0.20701410738102866,0.2210079958693651,0.22312791614356606,0.15800770099947506,0.185380701924972,0.09015095759679989,0.1441070451026137,0.19481432790235037,0.07097991596882222,0.07329878004351682,0.08137502014153972,0.1850700568917138,0.10881566877231547,0.17248462463824896,0.16692768116335915,0.043135742415531385,0.057455749088179325,0.062129274541666335,0.18993277203908418,0.334899602094099,0.43015994383218065,0.4503393126965001,0.04641259293726807,0.011998824646599935,-0.028300864053470355,0.03457226282682612,0.040597007290008716,0.04174245145235913,0.011245940744060256,-0.001962260015197947,0.027831771615141162,0.017248745851175484,-0.05007935865151053,0.0025610054052090624,0.010652083844485235,0.012916671298282239,-0.013395220628683466,0.01132860444920403,0.0028456870398845973,0.019670597393342842,0.009304545371481218,-0.04429062019965212,0.05751055410694593,0.041791730879428564,-0.004232145652474906,0.02800450088448551,0.02304275415428933,0.02761128384047124,0.04479687727002444,-0.002065113344702673,-0.016389801605500073,0.015151732966849038,0.020602041336182122,0.027319267194515592,0.006204770117400608,0.027046234715181063
LYV,0.3535166018113245,0.35880366071850334,0.35160223587948414,0.18765782572433082,0.2589004268471527,1.0,0.26250879486454537,0.2300428214503961,0.3034000694834131,0.39763797731321165,0.35733023825907295,0.3486274111100109,0.3097394616466851,0.27472913468559,0.5150801812294437,0.5034955734076448,0.34558702768128047,0.49898755718636884,0.158041536325503,0.2740885546962622,0.09414821774659969,0.04830361456599373,0.2376129955190832,0.29591478051242687,0.14354751236480248,0.015817415444261945,-0.020521915699644833,0.1932267066250036,0.22247595595523348,0.22259745269242173,0.2517917959234201,0.2222347470342786,0.32177207451150763,0.18849706701800553,0.18113166376683582,0.2795979084439784,0.3453522392209872,0.39417131447066645,0.3966048946969939,0.41936507352399743,0.41865405405206546,0.36161633006387006,0.4019717275907259,0.18772484231159756,0.27115435357724765,0.10068481305635447,0.05069730592176632,0.09362898639434891,0.15625662310024577,0.2925124183251227,0.23942906627088517,0.23632049728343504,0.2998474632986624,0.2794077143832379,0.3221257126739022,0.29002180734535016,0.39333718274998397,0.29681156246713564,0.36691232030012993,0.3141197809658071,0.31498383081131526,0.3647175710367258,0.31037013035715355,0.37965575037226135,0.3804837126616238,0.3885119325694251,0.2851489252830944,0.31108424315877203,0.3527226246387083,0.3158398751038814,0.34573935782329274,0.2743782629020232,0.341979254321913,0.08574136092639471,0.3221821225728373,0.24672105767949784,0.3771189546677879,0.23432981841521808,0.2296096676407468,0.3600260740872093,0.23282460455193515,0.2950412082632934,0.34836268019468375,0.29484065592833864,0.31663621781057083,0.3162189270153613,0.2210685025680776,0.396936772033244,0.34129247987782324,0.2752729975346674,0.1334911246726005,0.20138729089813845,0.07442383029142198,0.22894427124252856,0.2413266097777494,0.1358394879497013,0.13726376686750266,0.12739487192384008,0.20164508877421786,0.042091609485836894,0.13250473374811303,0.18616654145162193,0.09637548710258091,0.019521796173164088,0.01856513464113125,0.17246698063049948,0.44851512859946707,0.5410982686694171,0.5165121399289286,0.04531692086908065,0.02263197343977511,0.031650969405452194,0.0974628966800124,0.04947850831289729,0.01780631619640853,0.035121170730661795,0.006063347538149468,0.03247854971082469,-0.018071457759471853,0.0155447943121223,-0.006981556323265972,0.06799609284655536,0.01174264194878361,0.035063053752545786,0.05245887168516695,0.05675516214542638,0.050113560385618816,0.03463403281033606,0.02059495112814229,-0.0230499626973404,0.05152452232128224,0.03616778708947908,0.058167607708075234,0.06516852885793935,0.06571508555576325,0.09492650632025325,-0.0008680655077636053,0.03853138654460581,0.04515970989391099,0.04540498062268361,0.01990974089467056,0.015757308804029695,0.08119793783108308
TKO,0.1742668327667923,0.17518424317545628,0.22009419520528722,0.1436234110302846,0.22730735680316475,0.26250879486454537,1.0,0.17688180190735261,0.16730308094763724,0.22684516292742782,0.14898746338388047,0.20205494079785796,0.15880208528828169,0.17226592468188182,0.2513529002021015,0.28650595748759067,0.18267674321157895,0.24469188546443593,0.10728837724137899,0.17080852840546454,0.10306017327296958,0.048804517606282946,0.15603571197115854,0.1603546596453281,0.09523253357004403,0.0391090993262314,0.01661464651450372,0.1340963821322573,0.126618236679948,0.14307499363790324,0.181534084138291,0.14895163854070825,0.2408590979484761,0.1936494704543988,0.17025194016830536,0.1863130620945815,0.22740329732000036,0.2469325298473946,0.23734783125806286,0.24523517216460836,0.24124988428288952,0.21078769872745337,0.277882770246381,0.1682552971934808,0.11099165327544734,0.10919468311294836,0.05043122923047361,0.10921741622016763,0.13496110419526244,0.1883787176334981,0.188008355897935,0.15168513874622608,0.19536730419413476,0.17612016824508786,0.21398120598578763,0.26775909035163226,0.2614620359253718,0.1760675964609009,0.2169169894710073,0.22273173155327453,0.21810841050135285,0.2031648024663556,0.18484279489920172,0.2088232516536923,0.23023423898581596,0.17360839739076797,0.16296470807550176,0.2034700882494732,0.22013601417208634,0.14142217800764723,0.20127854689090074,0.16112998371161527,0.1945406846652322,0.1194565169481824,0.29381353589091214,0.20292718261884968,0.22548740705664064,0.1923032171947387,0.14969189953208392,0.20254318076209177,0.20616718312975063,0.16474956038142352,0.23343495818274188,0.16564429084950463,0.19220158743094232,0.19423472555119684,0.11421471516972734,0.2425705506681305,0.23769090398999648,0.20416528199691314,0.11610714766354617,0.17286209732635732,0.08032348782814643,0.17807132290498132,0.2344227537396595,0.11240908405879967,0.12403819343060496,0.12311664823426556,0.13834395954968173,0.06488854230328557,0.1022426768124954,0.1866579173660109,0.03442047405441313,0.033846678083085946,0.03608869879772171,0.1282934495976063,0.28495749197013626,0.33266268259388965,0.29636213937754957,0.026420082000270042,0.018351422049645606,-0.012761887790965024,0.004273372984259699,0.03185667497445087,0.028270096066858312,0.02406969908313288,-0.008486759094789357,0.07279889579694804,-0.025957252461054278,0.011713794676044244,-0.023140203133456792,-0.0060504018142799425,0.0002659694902252148,-0.010416677917534456,0.04548634659975483,0.008520691624852757,0.029466790126754277,0.01609100510780763,0.002736846474978506,-0.06157656992191981,-0.024479071249892934,-0.0168288420098392,-0.006028258456758186,0.05106088319825481,-0.0038201491660982433,0.023524716040075368,-0.0058145520914422615,-0.021443515505357856,-0.01817688017621273,0.009415598060458658,0.014374423586743689,0.008822424558589292,0.02735216888460906
PSKY,0.18078949962909632,0.18646828857518558,0.2066466807928811,0.1306231917157022,0.22849757667135906,0.2300428214503961,0.17688180190735261,1.0,0.26712713618980083,0.19544423460806565,0.20008855949829005,0.22648678236694889,0.16253636238813937,0.25381577186612597,0.30538736328385235,0.3063286753019463,0.2796113209001594,0.28994382201306085,0.04512023654557811,0.11396539759637202,0.046211975063572254,0.06468655279585575,0.11848204972766778,0.19598781059137743,0.18330862435718645,0.11079349620987106,0.061431792761038294,0.17804908681175755,0.18117031548580786,0.14843501173198442,0.19271559629088927,0.17580969104521169,0.22273359036929424,0.14605990029590843,0.15048107011992062,0.17682190959591165,0.2859610798802471,0.22675109688134154,0.20951745633921526,0.337893626198972,0.3167517295798338,0.21634394191784495,0.31925635246558154,0.23931762777482862,0.1438743183522001,0.011499052608345927,0.11770110845090265,0.07308886598870579,0.18528004151199703,0.20733282319388008,0.13429370184734352,0.19622121121441335,0.25941902550738377,0.2086313814110534,0.2323001679805209,0.0009419939590311839,0.20517768126414754,0.15762605295837256,0.21038394633011612,0.21338214460808125,0.2959821091261134,0.24381681110144998,0.24070636640221105,0.1421824141800926,0.2306974558184684,0.14660725063931332,0.13296817662038163,0.0931183434951994,0.17901943039687399,0.22175447138226823,0.24975339121771797,0.20707600132665757,0.1547606717635095,0.11249372943120282,0.22777459438987066,0.2560275400911995,0.25480226640133824,0.24693344013137788,0.19044111794148888,0.24501838583866273,0.2397768163057768,0.1841675244710811,0.22878210618880332,0.11678418309540627,0.24779418899779673,0.23650358387911366,0.22965610541410986,0.30308381500788195,0.30612810140577906,0.2636808422840328,0.13755053408779816,0.05794343185902513,0.1427336080741993,0.1335342141101991,0.15167207087504675,0.13499464654324048,0.14812928030818687,0.1269960252754038,0.2188950264151951,0.07597456487424581,0.11994857857482924,0.11787623873438301,0.06812586507959377,0.035893640213041776,0.04805568598610398,0.14628313581221758,0.2935918947318822,0.3028493013882002,0.2676234892667576,0.0808908172844802,0.07776179737966074,-0.014231541994798192,0.04018811021161034,0.02995809655889541,0.030613300217699885,0.06431439165648842,0.0353169546997951,0.029575743038825684,-0.006748318675585643,-0.07062193294402902,-0.057100317464030534,0.01770984900236323,0.05676580961924237,0.01529431967775527,-0.009685000580384193,-0.009512138271672443,-0.004734525615997246,0.03539736090039494,0.01048573491694198,-0.013986365600483558,0.03315695298834297,0.0464594339107814,0.04168125240261611,0.055016991730239766,0.04552989453558337,0.03184524802105498,0.02945899326494005,0.05061869678554493,0.025837301985525463,0.0314294023022306,0.06760658662782704,0.10012927229154306,0.06422671856371186
TTD,0.39391787327321237,0.39818196840040887,0.43523980469830276,0.1958157282396487,0.3565328501631867,0.3034000694834131,0.16730308094763724,0.26712713618980083,1.0,0.4692767089826744,0.36216934088197655,0.29556554422681636,0.19101786970102103,0.2790760721409683,0.38570895474918343,0.31721044641235563,0.35159016778106045,0.37449661295084785,0.11752410337290216,0.26110333506182676,0.018744432692423263,-0.012878062474208429,0.15063044283192123,0.3134886604910441,0.012900293614122052,-0.022268500908348712,-0.027438246920926373,0.09003791053764804,0.11114402992589215,0.12108894198915844,0.14878970975402664,0.14088429193176685,0.22782644865706042,0.11523131243904079,0.166197837278681,0.18220062556160754,0.20843437486287947,0.2506124677732482,0.3170732749723376,0.2690982706813904,0.5146420352536664,0.38918236798284467,0.3436986464430138,0.20873620450204966,0.27187689440228685,0.12496495383305155,-0.04997837296113644,0.009428205550255824,0.105612573496419,0.3214031401911858,0.25408401106161915,0.15455677917304422,0.3462299158157479,0.3155514366980765,0.20816934177030832,0.20439829438543178,0.27112081020185397,0.25525873364664614,0.30159222957063075,0.29326198473964066,0.31270130083778663,0.32485562808027113,0.23670020028251607,0.4186188379897151,0.38978544393542686,0.4213198303439955,0.23087902507348296,0.24904814307752665,0.36158973379598014,0.33517299083825597,0.37952216443547293,0.3311932715627297,0.2706348371575658,0.03813844694859951,0.2789780640009036,0.22647973041765765,0.2889272235684332,0.20612276675584465,0.21855716769907568,0.28178703941335104,0.1559693782430627,0.12655827166980804,0.288177275924624,0.2953970538068323,0.2610091872333271,0.24933134506324425,0.1720684790155488,0.2507326801480771,0.2734179389765279,0.27019951554407856,0.13659887680674485,0.20740131165412995,0.010613514801539364,0.16967903333405962,0.18546549820021793,0.004802718826765794,0.011982902257545301,0.026139312177970213,0.2123884357790137,0.012055199537277827,0.0879041158312047,0.16290100899002108,0.07121796796027868,0.038987082981185604,0.03247395151467205,0.20489352532876542,0.4248911570402485,0.4994618964405453,0.546246317695258,0.07410915410194305,-0.0008324731062176676,-0.033039117577392293,0.03993294818869455,0.009619624404062905,0.02691825060156713,0.021259945871713617,-0.00018613536794976195,0.00689374888352208,0.020966761089380722,-0.003709459284609883,0.012956947401199232,0.02961512061167562,0.04772713219928484,0.011392680644519964,0.02713062515195069,0.008946314659217101,0.0228205672487374,0.016401387815680422,-0.01646311086767512,-0.015002945705121116,0.029274950322255418,0.00994262661728054,0.011709430321927417,0.030921660279803087,0.029144002227782573,0.044805743687281865,0.020751965797617854,0.027308040309031813,0.012456070556464386,0.023165080249372645,0.03241653531186146,0.012893442266883527,0.0419988833335396
AMZN,0.6175307371839388,0.621315532165442,0.5954107593627362,0.20772011982321065,0.3450511911890431,0.39763797731321165,0.22684516292742782,0.19544423460806565,0.4692767089826744,1.0,0.44056257629734696,0.4053986604969721,0.24093444998055255,0.3615066328804882,0.4277488531679488,0.4189866121934595,0.36550486932721205,0.3999739067030764,0.22294201530632157,0.39950391020373704,0.07823967797776442,-0.017904019524998382,0.187189318427385,0.34670774894315654,0.10979871263067993,-0.029478465223280802,-0.08343456595491723,0.10257878345330182,0.1641813758603876,0.15861067268096377,0.17603219446649856,0.1609006110782518,0.2552680367768609,0.14385525615146091,0.16431544313032898,0.20484513709491853,0.34069865045461256,0.3614954075757196,0.4038586988107399,0.33384790940502157,0.5353033041553563,0.43366232912795966,0.45966112355205263,0.196632573342923,0.2882295163945431,0.1600197160710955,0.003638046876298184,0.05369686872851551,0.15072642161113572,0.3983104195983251,0.24773610771575796,0.20506813258163245,0.36404083792109315,0.3469351752898662,0.3030400572709729,0.3837652204886609,0.3697100896676001,0.363284869459018,0.3945515474870735,0.40392407087662763,0.36872986686910497,0.3984122165621718,0.3042036992931082,0.5453126389062904,0.5420766901526278,0.6292027851057539,0.37649938199291766,0.3226872478831136,0.43984082944562386,0.3355724883275697,0.431353349873818,0.3505414584917116,0.3108352733938472,0.11631009350354415,0.36681448196070265,0.26848998275317393,0.37491625319340244,0.2528655846527276,0.27587812180656257,0.35321122863052623,0.18732343302739426,0.18119205606731562,0.37978950069579875,0.3424731920352604,0.3104890712684374,0.29149609788874503,0.16447320752109842,0.33793818995215297,0.32325995750862885,0.2948468758000122,0.19003986963760416,0.27162132350182144,0.0534787763106931,0.20451719678048916,0.2850563809341408,0.06896339894035834,0.07630482486810054,0.08145137547183107,0.26296456725311845,0.04776859336643909,0.16362108491400854,0.22473608530854453,0.053254085450990196,0.051927487113961286,0.06025810477547364,0.2622430904693803,0.5416087468441592,0.7120643818488067,0.767650155685683,0.07920426430184872,0.044950053722566524,0.03128851197559196,0.04312765134094467,0.04211957880078164,0.014496081405625685,0.040697404392396476,0.043627752628536916,0.010804485412212699,0.02542284004239807,-0.0007265060419547492,0.057553508545955305,0.041241323474859294,0.008068793790661043,0.02350143412906218,0.04128517517146686,0.028022412009027116,0.043238854478316366,0.0018102466013832739,-0.010982537398063957,-0.12293056679396942,0.037238560064364865,0.021379100962729297,0.04519534859110454,0.047963466015172075,0.0883904159256024,0.08731543271662413,0.033772945413470104,0.04481888418876394,0.0388166521650456,0.016169938822040462,0.020067572474453062,0.010595114705063044,0.07870346847430927
TSLA,0.4176257729079238,0.41972783341549447,0.34571193155375113,0.16727888153484707,0.2815419716181656,0.35733023825907295,0.14898746338388047,0.20008855949829005,0.36216934088197655,0.44056257629734696,1.0,0.27360873759783716,0.19750629035051873,0.24523077280878897,0.3940863618497636,0.3641667813513232,0.2971787920180118,0.37992461167365854,0.1644104505580739,0.31778570485182733,0.029530327708976043,-0.02318047417640116,0.18630932857482707,0.2558039530378055,0.08480902038419157,-0.0248941050023568,-0.053785479854760704,0.08961686551992382,0.13245491930965236,0.13583112689533416,0.1401543685900559,0.1715611796897582,0.25005083937744216,0.16837086326173228,0.17137629630060308,0.19095524385521806,0.24784540634574634,0.3236263041476166,0.3110789855657312,0.30524326862008794,0.4673360556267081,0.34192077063550347,0.36961342911128836,0.1481767007456978,0.24820122819500648,0.10478153677495813,-0.023349218975326578,0.007338566846005805,0.10913661138395904,0.28188171787399985,0.18309215789670585,0.16023491186678648,0.28885175897765974,0.2994276668606936,0.28468487693416167,0.38864192745255083,0.2996687727717564,0.23821748820805003,0.28834531263517854,0.2843933928404616,0.2701167722418,0.31730262505691714,0.21143410780734978,0.4651798057457342,0.48178124501417297,0.4135793345431449,0.2956300701412188,0.22874701587888557,0.40466080577152924,0.24849618398615447,0.4049791144119943,0.2649384661587218,0.23206465854262856,0.050910715747902464,0.2961825547731236,0.2050198532732982,0.28815419340514736,0.17987191975396016,0.18827987969334528,0.23769642162061697,0.20103860821565608,0.1697585821092996,0.28931473507053884,0.27024155106051756,0.26729681316459025,0.25485315549962567,0.11487250687969247,0.28427839805098887,0.28956392291758365,0.22890890543779374,0.1366754947994259,0.2680373568157254,0.001919634863486578,0.16167223401626932,0.24326311612466253,0.06871981981423081,0.07162844064029862,0.05435353293421458,0.22015907329130605,0.02795241586783523,0.08815813752681056,0.21163961369493056,0.03289674374867082,0.03153391007585734,0.01826150466547975,0.19561755244098153,0.4346513565450911,0.5717999804033951,0.6295429462914036,0.05956374132300462,0.024994402447461688,0.009714491828631617,-0.0013598349073789835,-0.0008461190852509664,0.00196788526280895,0.015011961229757446,-0.011912682162022369,0.003378553873862561,-0.024135901399216952,0.032307319836160565,0.051090960709397656,0.023989368097472798,0.017484811778746306,0.016017593378759614,-0.014572206011975552,-0.012298266655792927,-0.005856437886437746,0.02149584082893381,-0.03243966130720831,0.20449292091617685,0.05503164351324146,0.05932434486723579,0.008804012454380918,0.028030307049731137,0.08120302942159345,0.05029517248498264,-0.0031005697600427554,0.002845170144851047,0.008015034754779793,0.04459820015386051,-0.0024431219897542936,0.009513842191683879,0.05050780740166834
HD,0.33267204148328006,0.3378065050717455,0.34152539393493136,0.20269085790864058,0.21361988733159107,0.3486274111100109,0.20205494079785796,0.22648678236694889,0.29556554422681636,0.4053986604969721,0.27360873759783716,1.0,0.40987591056281053,0.38783527212215874,0.369043509130285,0.39660906679678704,0.6447522018674101,0.3565612934225378,0.3616656240578368,0.4832338508758423,0.3495753779807543,0.2722197112840718,0.3066482765754088,0.3867844379434503,0.2668785258393062,0.22186902576725465,0.19878279187759806,0.15166579406776684,0.18487874016420666,0.1441128690093721,0.18058099752292342,0.1490365045049614,0.2968407917947649,0.15103929475507455,0.14542627916514025,0.18366645957969585,0.4403313033484888,0.3641467788787843,0.40815486201626705,0.44699063617512025,0.40358385637824506,0.44629098320885574,0.49045146069095125,0.3148971589023628,0.3570453775942351,0.22565890564215466,0.2553339380775408,0.2091975067155117,0.29770153336923966,0.4597813884388458,0.3423269336989867,0.34819999540058444,0.39875774950455756,0.36700617093630256,0.36508399993384355,0.14384062202842346,0.3380000787626806,0.5203545896595784,0.5191374063758266,0.5135810961177959,0.6106175678368194,0.6234969720311747,0.5493161410155792,0.3067608027114907,0.4399612218757922,0.3742506309160096,0.2787588067756109,0.40682144120672487,0.35268301778759426,0.33415958961700326,0.39974643937574855,0.3142754408800744,0.41270986638802715,0.15950385929184427,0.3089405236412965,0.32667235703232705,0.563122848811851,0.28500639325371546,0.3642060217466146,0.5379169236257281,0.21064216642169564,0.29998305923257795,0.5455753287673629,0.3970034435268457,0.45610084779690463,0.46342236111665736,0.36483947693850594,0.5278400401544663,0.4820161192281287,0.4625819808052898,0.3361174848230497,0.21817268478522142,0.2787239511488152,0.3166711891557667,0.25310165637446586,0.30798040045016406,0.34280438780428696,0.2914019071476142,0.3296177179864716,0.07865554219273495,0.12955013046236538,0.19621256050132055,-0.0029876314520011567,0.2324861339996631,0.25819397940516525,0.4117716686177791,0.5637951323289004,0.6020874787184534,0.5177107814792091,0.012315553998522926,0.013341774962367929,-0.007359069301608647,0.03838960315457204,0.03621771048082143,0.025736363184900895,0.04352993747966291,0.017842611109050846,0.02032303588498475,0.012630367916599555,-0.006051796649353346,0.012925636883414707,0.03227321159234456,0.032589172988565424,-0.003118745393843295,0.026557966977744363,-0.001508073068638052,0.010083124525480637,-0.02841750805857334,0.007869487656485619,-0.14391084526830447,0.012297764096730345,0.014761688556182331,0.030355205134317,0.037869779636395144,0.01636517361978254,0.04358931521731477,-0.01182579239178474,0.00014319952924187227,-0.0014636114257670682,0.006909019149585706,0.048790940937642274,0.03219108881995586,0.038451884684564515
YUM,0.23778227680722736,0.24073035750218358,0.21218016201907908,0.24965237511083088,0.17992382190044948,0.3097394616466851,0.15880208528828169,0.16253636238813937,0.19101786970102103,0.24093444998055255,0.19750629035051873,0.40987591056281053,1.0,0.2818945022525358,0.26708994358377525,0.3496578234987252,0.35489860808654067,0.2684506794292069,0.278866613245982,0.348339872764064,0.3933216287669759,0.27519425429597366,0.30005101328397704,0.34146518964747397,0.28605640425453943,0.24054584367381182,0.20174773088345718,0.1850434907170862,0.19195185136083492,0.1470394304047593,0.16417191556021205,0.1157177717717166,0.2706074520961866,0.12339313629326701,0.1504250810985259,0.148593373695859,0.4256617265224456,0.31200636465298176,0.4137568031490961,0.29560256765681836,0.2835715225827248,0.39107086749873055,0.3411327734169142,0.33362090655602633,0.30444470255186956,0.18551240684049794,0.2656079073341424,0.2425360705078902,0.27604429662823143,0.3656026554601096,0.28200395584599064,0.3104401759030959,0.29530574896374423,0.27824115389585435,0.24929917367757443,0.019916719070590023,0.3028805013308878,0.3615628640466637,0.3443657310698315,0.2887797893461127,0.30817956256448464,0.3177111463238117,0.3818767264591134,0.23321113228124754,0.3535058709948668,0.27411840574827684,0.1682746863612165,0.4150018446558552,0.2657759211053114,0.32538660130250396,0.23199068553842095,0.2381140540997799,0.4633964273509572,0.15391397826073366,0.2563581372295088,0.2522958137649584,0.42708464059339074,0.23880232396564527,0.3508338476692912,0.400851563592586,0.16511072504743476,0.33996395805027335,0.37323999428768345,0.31819060961281204,0.37637224122055124,0.3754094270368751,0.36981667586123634,0.3934587549558635,0.29877234106891315,0.32393167838935205,0.3254422466904868,0.08898819479592392,0.3351263609614476,0.30677749775296265,0.16120090536704548,0.35603999451978746,0.3524821979837178,0.2725451792958562,0.3192956270264383,0.08088552612888415,0.10068895115430351,0.17590059602301836,0.040908949834565146,0.10815088265094942,0.13204427881682673,0.2502811534355557,0.3966324657901361,0.467605337582892,0.38573966051545033,0.008894103045447549,0.010601078336107541,0.0010377576697340016,0.048206930167730824,0.04116460857682368,0.017229359058847645,0.01958050841848947,0.049125348122277195,0.05789334398018572,0.0004345037778372469,-0.0024312161944534823,-0.016346212026245404,0.022713648593299374,0.04558568515388365,0.016278253027206688,-0.0076057654088926355,0.011397411604901308,0.016982129847023325,0.022133097927860425,-0.0078117603569707586,-0.013337416758656653,-0.016480606673285395,0.014872332550524456,0.010713696848245994,0.012587024282128061,0.012382401666956679,0.030776100217270237,-0.011275180000596898,0.022819072491440495,-0.013226328829949565,0.025042846284825067,0.05638192474205788,0.03835799514039341,0.020770305587754327
EBAY,0.29802524815233,0.30230229665732833,0.33327681976392753,0.1664251249087496,0.24267718179001968,0.27472913468559,0.17226592468188182,0.25381577186612597,0.2790760721409683,0.3615066328804882,0.24523077280878897,0.38783527212215874,0.2818945022525358,1.0,0.31218641974964073,0.3318410688057998,0.36417883890446157,0.30988725783886567,0.22056614777600123,0.3235181019119271,0.2066396344387782,0.15614533617410895,0.24879554451791328,0.30930339237055093,0.20830170355309904,0.13171110905451125,0.11018199750682706,0.15721859190632687,0.1631183227039457,0.12525717503391057,0.16193847026450164,0.147323715499693,0.2350932375187139,0.13773920741365672,0.1522301321279569,0.19083788803434362,0.31927542679618315,0.2952463877534826,0.31169427988163995,0.32125603701277383,0.3780406619719288,0.3345394370689506,0.384752929054491,0.29153755084072386,0.24893624023367197,0.08093323020238638,0.1344398222806824,0.11584435223755973,0.22563907795702123,0.3284609723813881,0.25045241618250486,0.2525848339342425,0.29509328969836746,0.2844997298320576,0.26092711105501076,0.08513388847016518,0.2638223865969061,0.3533264292813149,0.3302197807791823,0.3054187810651204,0.36164108635526604,0.31994453157523506,0.3359460227256144,0.2765982168639811,0.34307307527055436,0.36962640592494944,0.22405997374688544,0.31744605520742475,0.2857906700881116,0.2768363512490494,0.32826965142309944,0.22404774465230862,0.3287742046747359,0.19652545233454286,0.2938489168979705,0.23295621682664522,0.3587785722237773,0.22988173809680426,0.3330525032178767,0.3487318693536619,0.22369972983526532,0.20768214806837573,0.33485185813086726,0.2613061025135247,0.2905276195985901,0.28340342206805136,0.2794371530744103,0.3350093542199305,0.33571815805937716,0.3124669520577609,0.2361738244911975,0.1472099016969393,0.1919555398284229,0.19407174252769832,0.17888003263388386,0.22525769273566032,0.2295825578284728,0.20605848242636746,0.2634847680293193,0.12626893657240532,0.15178774202552814,0.20055052089119582,0.02450481315965554,0.12707418476394916,0.13639933314811925,0.2715575064617074,0.4218930233294537,0.48108128503839626,0.44418375843598595,0.04846698688705927,0.027503729320386992,0.03892062682762759,0.04044839084759806,0.04498252963121054,0.013936981797133614,0.022480905310234216,-0.0018551000394204484,0.023744224605833173,-0.00702766531009811,0.00043261497676452473,0.004851641407605753,0.05023022723812707,0.05192724798731416,0.02067127045167744,0.03763414553318321,0.042832649231979734,0.049499544155499266,0.01304240177682765,0.019504738396900707,-0.1341457146557104,0.0529010922458721,0.07422063186112614,0.00601477751146744,-0.0033824543143222744,0.030700248060697054,0.05840879912696756,0.04999247888802497,0.04567689011963273,0.03518320660375699,-0.010996020948057152,0.08830860758675,0.025781779102566987,0.04122726775108489
CCL,0.3908659246130208,0.39637535550384206,0.38477187743256547,0.15032215745110492,0.2739969616785008,0.5150801812294437,0.2513529002021015,0.30538736328385235,0.38570895474918343,0.4277488531679488,0.3940863618497636,0.369043509130285,0.26708994358377525,0.31218641974964073,1.0,0.5591298382577885,0.3781229980611843,0.881143498406012,0.20643056631624937,0.2586657920849867,0.10340344507660289,0.06503806429777552,0.23715327232090783,0.35274009685511926,0.19361185402499018,0.058730697001937435,-0.006504095791925631,0.16064858996668263,0.1901491057251939,0.2073070410431986,0.261930509443055,0.20279487198098725,0.3271197727185418,0.19336907976739615,0.21834826012467146,0.2580830475264074,0.401407708354482,0.4793314224652175,0.43554383573024036,0.5086485125181346,0.4942530589094135,0.3619622807077895,0.5504019421377218,0.2050397462941609,0.21199687875370662,0.11270036775151263,0.039329809654024585,0.10962636558755678,0.1804256454614735,0.3469796792370563,0.23495809813556423,0.25975606782448724,0.3289131884551922,0.334040072031673,0.4246094930043362,0.3986510480846416,0.48288797366100666,0.31579040739969677,0.4098736976167983,0.35073283407439293,0.43022177522310223,0.4336875053793795,0.337792089253706,0.42165556931572645,0.4317344008048878,0.3387198530731131,0.35989518509340623,0.27802299836934957,0.4416346153428947,0.322382862390175,0.4414609288659206,0.31825394488114855,0.33909255016951867,0.12237819100924055,0.40049251719124784,0.3027561219661614,0.4581473204283977,0.28406346968719065,0.2904410132864498,0.404693359826658,0.2689393082894498,0.23549343569680764,0.35055358514514157,0.295064293347079,0.3368732885442492,0.3327547021416467,0.15184617668869305,0.45401606217592066,0.4393048040374329,0.3428988835183739,0.12416019241152841,0.23254990229953876,0.050998622290221694,0.2705147528441243,0.28884109243917666,0.0981918823804845,0.10239353456666393,0.12540880694249895,0.296351645657114,0.026590541432081838,0.12009558101636576,0.2220681565479135,-0.0156891732182026,0.01737586364318503,0.0017996487809995604,0.199025708987255,0.5141167483587086,0.5951532848629248,0.5592171466179485,0.05638900630454978,0.005475082987671214,0.009844860304412836,0.07059049628694346,0.03894346096973471,0.04419744729200234,0.07284880518961097,0.06622258401871361,0.043035841539392085,0.006721130961142007,0.016693685649038798,0.005819145989692163,0.06981007524045707,0.0052855581786529675,0.027641327410388307,0.053721878439560326,0.03654271337057343,0.05132675921854625,0.010393138814366269,-0.004159973856982348,-0.08263568207026212,0.030295272199904782,0.032214701009127315,0.04533815694668785,0.04710966277462573,0.06922398840592986,0.0847622303866659,-0.0028550764123363784,0.022615816738692122,0.040392313052982014,0.010226975746758673,0.017909582262813133,0.02301349997618975,0.07105815496987272
MGM,0.36424589435031696,0.36772555499874326,0.34501229588594656,0.19945033352021133,0.2706734307945194,0.5034955734076448,0.28650595748759067,0.3063286753019463,0.31721044641235563,0.4189866121934595,0.3641667813513232,0.39660906679678704,0.3496578234987252,0.3318410688057998,0.5591298382577885,1.0,0.40793418596830416,0.5455375502349924,0.1403754962775467,0.22674856206364538,0.10082226537285864,0.06870573507940865,0.23328990012650616,0.4339839543597142,0.30609785006528845,0.12071725740460583,0.04477188521376031,0.28079085058614506,0.3040377829572218,0.2977808742671812,0.3713292018420337,0.3089679394000424,0.39473278239955495,0.25794711270763804,0.2614708698457607,0.3383055164288005,0.44283692288822046,0.4540184158680052,0.41285933611330183,0.5024731896724461,0.48923180797712223,0.37821866261457965,0.5207077637351886,0.29061893468105787,0.26536772623636473,0.0972785060950327,0.03315222114309304,0.09581419905437988,0.2293417252074234,0.38356971160801184,0.26374247288633446,0.2947982873665957,0.3864357572911155,0.3453646756208986,0.4191510627227294,0.24587632410259042,0.3905537358638345,0.3667226607031122,0.43307467020997664,0.42870528348244846,0.46099204242826003,0.4799720747762479,0.4030188271168702,0.38131362475283,0.4339975864683173,0.36375864229517746,0.2754632300119848,0.31818375331580295,0.41968648797132874,0.37723709152442725,0.46549126639401545,0.33615394910701846,0.39566999204083103,0.1438252770775231,0.4224606358882254,0.44319532990430244,0.49127556604378386,0.4333985383671391,0.2911692980129337,0.4572528081469967,0.32199787346651615,0.22679598868342743,0.39329835021369103,0.2707971861493898,0.3397193912087472,0.3402628538244262,0.18812924056017513,0.46889481887756707,0.44807785996454363,0.39679355072313816,0.16749193620984212,0.19079158496886195,0.06650696570670085,0.2710646636727546,0.2743155971391338,0.12336775616229972,0.13755052894269093,0.12708334523875975,0.346188038478268,0.04573194799715631,0.13038341917869775,0.24667314117850858,0.09833504846931537,0.008046587007730395,0.007764397931806016,0.20421303451962347,0.5167549947520069,0.6019011782023319,0.5519396137801428,0.054401752664448945,0.05041714294639211,0.03669736813520029,0.08668549720049938,0.051942610644099614,0.05849401859936889,0.07785536019183417,0.07348670471707258,0.0712124634171547,0.021272869684778133,0.020170805391276015,-0.011604659995140137,0.09392596533525929,0.06577137214147115,0.04228583423454142,0.06508772210786803,0.03547960164280899,0.07390993072279099,0.008665190398875372,0.02828956732908765,-0.08723077731570479,0.035605384444257385,0.05365357524548974,0.03235976928186574,0.05061889325135718,0.06538742602901913,0.09395482094893527,0.06270911196456103,0.0353005497776736,0.05274550250717345,0.043757535859274777,0.07170466149054044,0.06173918613704052,0.09430541114804006
POOL,0.3149646345524085,0.3224145013669219,0.3435984986340169,0.18798213830783114,0.2183298107506845,0.34558702768128047,0.18267674321157895,0.2796113209001594,0.35159016778106045,0.36550486932721205,0.2971787920180118,0.6447522018674101,0.35489860808654067,0.36417883890446157,0.3781229980611843,0.40793418596830416,1.0,0.363508913979166,0.20374442691930833,0.345053053973985,0.2300498452609395,0.21072010111973016,0.23350072861454227,0.35556290474217084,0.24328708494812334,0.16465974541271577,0.155675673368262,0.1317571171048671,0.1619169965105604,0.13124043588502157,0.18692804029336166,0.1339609046647857,0.2532982034293706,0.15370354477967527,0.12423406244480217,0.20614737234983835,0.352600609268086,0.2954924388415968,0.33823307871356695,0.42379715412971736,0.44413548347972814,0.43778215553434335,0.4755567624167764,0.30612118524612647,0.34645899987073736,0.09778212063558198,0.17249487139891717,0.15343103901580438,0.26320787573435583,0.4758621858975281,0.29037945784801433,0.3687357280537544,0.4718189571443205,0.42782526961557743,0.34895015054646816,0.07697978958084883,0.2921743422228436,0.4880138845650326,0.4915325825482178,0.5022530151773461,0.5940424374145689,0.6113098363125195,0.5441241732247161,0.29641477244323683,0.4040224651383011,0.34270102530334634,0.2512981241285924,0.3009801336790174,0.3408315196435109,0.3615790446910557,0.4321456371299203,0.3425121022274592,0.3833137588479234,0.08151023203828865,0.3000745389023541,0.3701051427882913,0.5320541563957268,0.3231240428312668,0.3714290977384881,0.4777108472216035,0.20638912458380834,0.2627301198714622,0.49583092917303256,0.3517329393519756,0.4163596131577093,0.415672611839178,0.3742467332625032,0.4472049416137582,0.45388978995343243,0.4733715402093519,0.29557817585392976,0.13821869262531158,0.17602065033611233,0.23876005030712935,0.19982496667192495,0.22351967686739854,0.25698522930673384,0.21045613393087337,0.32047878899866306,0.027062285227143212,0.08324469847773772,0.178425564438387,0.008012759285723548,0.21062080464905544,0.21613469020979753,0.37493212364837286,0.5280069551976337,0.5313903620576135,0.4822106577323278,0.03761024915366207,0.01952984853651805,0.02780643767676633,0.01315439463704586,-0.0033631260615368,0.02525668504448911,0.02224572052763199,0.01626735367996048,0.0029893303516650475,-0.010720670605414161,-0.025141333475687852,-0.005937753401066852,0.03690778320137455,0.0378270713188344,-0.020945901943683513,0.025716987198481367,-0.009646430179001129,0.022465715424715874,0.016303378017510563,0.006939550025133046,-0.11575395079440713,0.024142691241849385,0.013860694250620177,0.034559006223833004,-0.0038221135481335687,0.010163797719985157,0.040099431597663215,0.00863820907574577,0.0033708423891259318,-0.014539592877433217,0.0030579549784767075,0.0335721891146843,0.02774038819704531,0.01747577040852817
NCLH,0.3586114321190835,0.3634275777620614,0.3672558617821365,0.13289724864684108,0.24974554684687683,0.49898755718636884,0.24469188546443593,0.28994382201306085,0.37449661295084785,0.3999739067030764,0.37992461167365854,0.3565612934225378,0.2684506794292069,0.30988725783886567,0.881143498406012,0.5455375502349924,0.363508913979166,1.0,0.17600047686764148,0.22771205157010355,0.07505364144996585,0.04405059216209536,0.2221274029974167,0.34579378916062453,0.18287776415763576,0.035565249348162256,-0.0032477848457497646,0.17914123800933815,0.2104431153066018,0.21937033880478352,0.2602952427843446,0.23345985252366486,0.3363473115016042,0.19453433349599045,0.21254865600963227,0.27818958725528803,0.3647179800092279,0.4412390862464524,0.3904610368552923,0.4783763027260133,0.476610521735737,0.337584143475261,0.511889552949624,0.19772914172319178,0.19617007692831936,0.10458988222911805,0.018314475887652035,0.11166574427563042,0.16524237392453217,0.3370563904223442,0.2188914754353679,0.2359176363837056,0.2958276504628696,0.3331199325164882,0.39446297720392176,0.3636399084467278,0.4582235599449478,0.29150013052610474,0.38837237235208266,0.3435484833460695,0.413219290244205,0.41044456846251026,0.31592679270010915,0.39655262181478973,0.39992506911128045,0.3121956326713438,0.33392192917892005,0.2623961129581037,0.40884790458677667,0.30999150814801707,0.4455503700718819,0.3035153466004849,0.3122436673539364,0.10755014676840213,0.37941783018241987,0.30991283006054354,0.41569818502644285,0.2903505247386401,0.2647828235850398,0.37907256436248593,0.272426634890082,0.19576269004402883,0.3284402062265765,0.269712768989936,0.3052931217090907,0.30436938773415945,0.12651808641440393,0.426686457032408,0.43450884079793545,0.34473918941315196,0.11091994086714334,0.26048264326357984,0.03929774039513564,0.2686791766931696,0.28064646927602405,0.08802465043870362,0.09195042601954571,0.10485291515812516,0.30741641925654023,0.011268149437779523,0.10840411184619173,0.21838575590659953,0.022232875622223647,0.004003038544093559,-0.008041266524915516,0.18489454244839737,0.48425117444946186,0.561602981117173,0.5272071308406654,0.05230082371146509,0.009395997962159697,-0.012099880474269681,0.07850763560281054,0.05030857179158396,0.0353317096555766,0.087309285011486,0.07243512180855263,0.04056278191008114,-0.003423526660314405,-0.002311966085306162,0.004162323206129656,0.06953617147886061,0.01763263344371059,0.03613388411902091,0.038782041350304775,0.034961668416406494,0.042796790286398795,0.01828550437906158,-0.0020485329289445667,-0.030225615956929554,0.0320254094751062,0.04980588177880481,0.06012381995925355,0.05997212020381924,0.07093408938591494,0.09787549306391076,0.018780070250255194,0.05134581303863693,0.06465790752026798,0.027420763415086088,0.029706114189406725,0.032558459533154734,0.083315380796704
WMT,0.18128828116333767,0.18509043750153928,0.17213391589815535,0.13395696095998802,0.06845086714560354,0.158041536325503,0.10728837724137899,0.04512023654557811,0.11752410337290216,0.22294201530632157,0.1644104505580739,0.3616656240578368,0.278866613245982,0.22056614777600123,0.20643056631624937,0.1403754962775467,0.20374442691930833,0.17600047686764148,1.0,0.5605418481876508,0.3711975456797126,0.25059164639022546,0.2986035797680494,0.16498238605564375,0.20786211295114373,0.2548345519831436,0.19344513673509506,0.10637791549009874,0.12225791492764689,0.115000941271926,0.11671336321001186,0.08605875661708438,0.1803584724273311,0.10253120430399469,0.10238416757329738,0.11694572614226983,0.3169985565318751,0.2164650809476902,0.24318251205382055,0.17410518035139974,0.15225556449673788,0.25129226003343175,0.19987675101259073,0.18078445793851436,0.2302259269543116,0.19626474106512418,0.2443570891112348,0.21323141386410807,0.15729075999917363,0.2061522357988419,0.19870580940116575,0.18088550440149953,0.11911525988089422,0.10931363389548583,0.17554040768628054,0.15897656383624295,0.20591883205305903,0.29358422019677277,0.21030608953040794,0.2333425838453654,0.2016486269822573,0.17051298666190626,0.21072137212775502,0.11158173713127403,0.2750346818492884,0.20998723247249945,0.18389352132943582,0.3054067306469025,0.14042726760826618,0.14518108100979438,0.17193181352673317,0.103388570186192,0.2632235029071301,0.14805938146851433,0.14896173626379297,0.14070193658905222,0.26165614853798586,0.12045116089972913,0.2059415255282428,0.2729452314912184,0.09724460383007506,0.22579707976560529,0.29719993391696214,0.28040572081202286,0.2819089048544265,0.27844041704283307,0.21223635037156027,0.2649067265659702,0.1783884738234249,0.16993093987970606,0.21735033168239348,0.16351890173525274,0.27987645491367474,0.20853159980070102,0.14011940237887135,0.3189965746038879,0.2990440632378292,0.2756111379295312,0.1481324854676306,0.08169744651198596,0.07916419917074442,0.11339916046325552,0.03311393497496889,0.06172991462873159,0.0659425254447842,0.1516958103106345,0.26151875221356746,0.35602570502171144,0.28739635753849324,0.04097306231420623,0.0037623793837504487,-0.03295678736245849,-0.004021814618848723,0.026307319737620585,-0.00892669257911957,-0.007287010100425375,-0.029320569944516747,-0.004182329934152694,0.0018944957164957468,0.015016938706268943,0.014930405310738243,-0.03191784563933017,0.006452940237973781,-0.003079494031856506,0.00912886949909797,-0.04099226024243679,-0.0028687749955766135,-0.00917804433192835,-0.0009889611013827039,-0.07856063884470911,0.010361170504493002,0.03991548943289357,0.021577898601794404,-0.0028536300103260753,0.0003679242443169636,-0.013699809285945304,-0.013745997867162144,0.010863897868438223,0.03404149797947322,0.020500097127712967,0.0009763731394242043,0.005215792950361923,-0.001499536081961962
COST,0.34337589326192186,0.3467117558149476,0.335435801889069,0.19684655168317713,0.2458959513629519,0.2740885546962622,0.17080852840546454,0.11396539759637202,0.26110333506182676,0.39950391020373704,0.31778570485182733,0.4832338508758423,0.348339872764064,0.3235181019119271,0.2586657920849867,0.22674856206364538,0.345053053973985,0.22771205157010355,0.5605418481876508,1.0,0.38214253448276553,0.20864727979205552,0.35815025827156516,0.2448787213094722,0.19377794305034735,0.18279398040274997,0.14423579066752948,0.10872804598037523,0.13523747140217215,0.1072938650464678,0.09278542523641253,0.10659898842988393,0.24542707126334828,0.10864564409364597,0.11825140690475135,0.13574523311098463,0.3767741018595413,0.2730212801823262,0.3884557648068612,0.25113828568581986,0.2914589244662469,0.42321724345931633,0.2774688025173217,0.27859910652638986,0.35662965911254935,0.2540684294063799,0.21066741006919207,0.17886643987961764,0.18276515482817998,0.32238799518057154,0.3032996950549676,0.22982488063361442,0.2591283611285816,0.23055481977055114,0.20562752272337592,0.16098408971185724,0.2790371960034662,0.3985913226899463,0.3320853677814119,0.38891594678627955,0.25590420535834363,0.3042968011135925,0.30630491891258116,0.35052883184442657,0.4484233340258679,0.43260089637976623,0.22478553348395947,0.4492970131834873,0.3108648718213726,0.34455244082535574,0.30881197924125714,0.19483195278345886,0.3876979590711662,0.11088431650524778,0.21057714624225166,0.17068499687464994,0.32787709801175496,0.16318090987322778,0.2700321997312021,0.3555898168534874,0.1453613115240697,0.26762420924176306,0.37822830712593464,0.3566153656671732,0.34602549253287923,0.3500663250832028,0.2635128047084671,0.3261202711391836,0.21142674314438353,0.2689755112516983,0.2615373933638946,0.2409916923809763,0.2525158459555213,0.21055440575991038,0.19835474868761552,0.2893328972817551,0.28996769509283277,0.2584523843428095,0.20538678537426955,0.06522697576383946,0.09044853028638616,0.14765611926908445,0.027681453528549782,0.06478006763512142,0.09363519297986615,0.22579909550369426,0.4223899847226744,0.5556819774586926,0.5430201914058019,-0.00285160856757555,0.006301590385551575,-0.020482805678378308,-0.02413429279644795,0.01896109649010832,0.003002714703305393,-0.005065881235624263,-0.021725497539854595,-0.021929624521223903,-0.01158390970967973,0.01626554815411869,0.02909532817824573,-0.035560099399433755,0.008423684319510474,-0.0009404153690185575,0.0005527173221718509,-0.024296385663068045,-0.021362477100640587,-0.00014298742271180015,-0.03353686376650398,-0.17093813940771643,0.00922060220692648,0.042373041538419524,0.011704647672753855,-0.009868091133597361,-0.024398738524398715,-0.015547211834397437,0.01801277622343394,-0.013036531383405962,0.010789725234637917,-0.011165752404264758,0.005081473856373657,-0.024519444355171165,-0.01697691525845874
PG,0.11435085357917679,0.11415828670679247,0.09753251040372739,0.16455014021622125,0.06924409697397968,0.09414821774659969,0.10306017327296958,0.046211975063572254,0.018744432692423263,0.07823967797776442,0.029530327708976043,0.3495753779807543,0.3933216287669759,0.2066396344387782,0.10340344507660289,0.10082226537285864,0.2300498452609395,0.07505364144996585,0.3711975456797126,0.38214253448276553,1.0,0.6422021896015178,0.24927526880797948,0.28402341984321094,0.30464380745984593,0.4751139209795758,0.43868799300737443,0.06599381501221495,0.04535012536618437,0.027086572808982707,0.014478929579531367,0.005802863580433666,0.16562534216380304,0.03499071561361828,0.05164675783533263,0.0008799903900330224,0.36442318477361635,0.16787287935998788,0.30654727441255303,0.13358310768127715,0.09972864392123486,0.23819846689374624,0.13914888690478996,0.30071245094933985,0.26212234931033995,0.2549443761354142,0.44568452636856287,0.35245696505895535,0.3567253648100942,0.22844195322489294,0.21798303218446338,0.2677728638059098,0.1681790295949617,0.09350462509470765,0.05734019284957317,-0.09832212867552469,0.12595230693262482,0.30263817884827326,0.2020129680369144,0.21411262452429652,0.19705096523644863,0.15984425521530934,0.2808565618448912,-5.476971256236148e-05,0.25058140787802996,0.15701161953119486,0.048591208599229684,0.35062440006421947,0.03799442683502929,0.13616160130359228,0.10135274631845795,0.11134387593743952,0.37710629856081007,0.15918310594553522,0.06683858612676982,0.11802131977533,0.3516671032112616,0.11500927316553283,0.2893588393203831,0.3263757260705627,0.04443785145545588,0.27034357105562007,0.32719281626288743,0.2885521338492057,0.3544080433554697,0.3568100819127482,0.3258611216067487,0.3296746260111111,0.1732474549078865,0.23895746497764567,0.37636758918919894,0.0230248730505101,0.48758516009038416,0.2918272806355617,0.0703370946780358,0.48124247629772254,0.4820825022569768,0.42992192678010827,0.20216880051375274,0.09416619319259747,0.08092201533708898,0.08567610012893731,-0.09489818946308784,0.1377575948401467,0.16314611535236107,0.22919632675947707,0.26699732308123686,0.2933067746179556,0.18101123879275388,-0.024814428082351535,-0.00570878703515794,0.022743829783548563,-0.010406872956651433,0.007664698238631491,0.01785210695056776,0.012145230364471044,0.0027282798122730636,0.018514492488183543,0.005950282180637142,0.02113319336919055,-0.00842647258632487,-0.040591232991800785,0.035973371089843706,0.018116729451115015,-0.004165591134613824,0.0017010392107611567,0.010627153047671813,0.02978191133022583,-0.002785987940016235,0.04599220389894403,-0.024502078994891645,0.04253544552231907,0.010004178843983403,-0.02491062812736134,-0.05600722759111316,-0.03686819352373611,-0.01808127670183367,-0.04679158786004846,0.02286567261054681,-0.016948340517904576,0.033902219804160756,0.044830519215315605,-0.02595324401402336
KMB,0.012963150195634127,0.010140630074980743,0.02677779079426268,0.14043814031924362,0.044802803351092074,0.04830361456599373,0.048804517606282946,0.06468655279585575,-0.012878062474208429,-0.017904019524998382,-0.02318047417640116,0.2722197112840718,0.27519425429597366,0.15614533617410895,0.06503806429777552,0.06870573507940865,0.21072010111973016,0.04405059216209536,0.25059164639022546,0.20864727979205552,0.6422021896015178,1.0,0.18748730507307534,0.2170073041821486,0.3058161122568061,0.46422764964316876,0.4592266547722933,0.0271061956618126,0.038134753617254165,-0.022668015172437522,-0.003235899195195891,-0.03623592893437571,0.10333255579035841,0.007757830869045633,-0.020594905271786205,-0.03770084230168786,0.26864859823312176,0.12003525031650597,0.1985089889592807,0.10892056437942677,0.06762480089373157,0.12163458858376391,0.1140590832416006,0.2296573548115085,0.2054310036655992,0.14443179019508195,0.38334021077430225,0.27961082832190104,0.29616352608730107,0.1734763707766977,0.16425397673694234,0.21258763381525927,0.12627006187874865,0.07761345445474754,0.05124792327162511,-0.06450396401011119,0.10316737513049845,0.24694943452332288,0.1710455119597985,0.17467443931930332,0.2072358834707593,0.15046300103125218,0.30335318981440623,-0.05758087091751005,0.1484892899906684,0.05860438160418103,0.03952450761801742,0.24098732974672046,-0.003036485346594583,0.09270710547761579,0.10068624664585674,0.06982641070501223,0.26103487694317723,0.1240703476580254,0.001164586947137658,0.09839260569483661,0.32169699490776477,0.07309990043367162,0.24015618740675793,0.26325504119778365,0.01690160148947149,0.23049181536905006,0.2679686734889289,0.21489690242545087,0.2892582812902438,0.2958151339782477,0.28085591828228074,0.25607822765791655,0.17624333994083988,0.2381887834106342,0.29662432872805,0.012389987497944547,0.42302937022934467,0.19989655531290773,0.051217216094803196,0.43222872416732705,0.41554336422328086,0.36590532488892813,0.15909656419348514,0.07081193042477148,0.033456238106926314,0.012569056104949223,-0.13009008578064038,0.12740488821792692,0.1498530359760035,0.19561424446555983,0.20034133610543972,0.18270695321705513,0.08628270054478462,-0.04812202625712335,0.017084368758179935,0.05417719718312528,0.011670363708207268,0.059765373728934326,0.06169688068000885,0.026586344104667432,0.02528930402947857,0.05729771029523327,-0.01008736463434159,0.01973224662528675,0.0064970345974130345,-0.01755307718426331,0.01763896550972076,-0.023293022993448025,0.007388996309853266,0.0048807355480221725,-0.0009781654296516997,0.039771271824253766,0.028574817765148603,0.11536302839003046,-0.0019650999282505854,0.018204573366906156,0.02053762018388347,-0.001264536699066546,-0.055555252806142215,-0.03141380122657464,-0.013697910418518365,-0.03176698408656522,-0.02282996002025663,-0.00939677546919932,0.025470720372974185,0.03653051343808898,-0.007370756078246749
CASY,0.18827904720162128,0.1939982056827987,0.15804515924290696,0.1632470268737606,0.1296874168184678,0.2376129955190832,0.15603571197115854,0.11848204972766778,0.15063044283192123,0.187189318427385,0.18630932857482707,0.3066482765754088,0.30005101328397704,0.24879554451791328,0.23715327232090783,0.23328990012650616,0.23350072861454227,0.2221274029974167,0.2986035797680494,0.35815025827156516,0.24927526880797948,0.18748730507307534,1.0,0.14488614421890514,0.2147808062338532,0.1814464127220636,0.1980959036625677,0.09326737447814516,0.1064819305445397,0.12202124669338658,0.10973932731008458,0.11887658042755324,0.22250447757980996,0.09536391914836433,0.13568041227376548,0.13273512046916988,0.29391229227366195,0.27406696330889946,0.27099485502199133,0.2725546006698716,0.19064987382955212,0.23377545478068423,0.2546576371046617,0.21317081630825283,0.23497239199188633,0.16915155990011083,0.1404390039516095,0.14962903101313235,0.1805023060854571,0.22931911939597255,0.19421796326635304,0.20961230354043814,0.23108182400628352,0.18048757846054078,0.22523972086279684,0.18384411222971403,0.2435101441940392,0.3010148854517859,0.2635831833719909,0.24720125472046595,0.2201979262624811,0.2655938032668148,0.27461036813912487,0.18835586713217484,0.21765503367963762,0.2344785571895157,0.21945161792324527,0.32686724655539906,0.20193768968609985,0.20230848642526242,0.2079480687755982,0.11733232288219093,0.31256449412774184,0.15091048913370347,0.2037422429564881,0.15593167335449812,0.24939740125926171,0.13646901588189153,0.2129037117475787,0.3002131477836746,0.16583375156019795,0.20993618330741562,0.25812514941960274,0.21890703678490062,0.27352225383552087,0.27152672364485864,0.19923071949193732,0.3017476116776992,0.22998947384227664,0.22550261268084482,0.1523893237804002,0.1651152747253498,0.20076663836724198,0.204193371236823,0.13710870094548264,0.23979048611035625,0.22217515586729258,0.22602566034983948,0.1875248155991646,0.08177151590415538,0.1013121017931872,0.10563542148402794,-0.03903768009192236,0.055194386555922494,0.06052939650302219,0.16558275392239166,0.29269374021593525,0.37742299777536226,0.31207154305356705,-0.026850727670056317,-0.073401117899266,0.01128445818869643,-0.006253312110548258,-0.03476078096120888,-0.03691744289631817,0.0037187111637725146,-0.005282624573186493,0.012953095695123781,-0.04499037778624834,-0.01542011197301215,0.023934398926085964,-0.01811959215742395,-0.0029155565454206285,0.01985538351692796,-0.01567140947915463,0.03157390060100569,0.015920054219753354,0.0023600637311311664,-0.017907048224968393,-0.20612942560929773,0.014889426970969408,0.011116522554806498,-0.02190413275887788,0.006491200973049289,0.01949553652412377,0.0505608060464677,0.006645364259099347,-0.0245561377146075,-0.03576188896672529,0.01977289500688707,0.004168999501443898,-0.019620744666382747,-0.001316541032216686
EL,0.34305220246121404,0.3444390245235447,0.2940338888759081,0.18531493915398042,0.2636940694291265,0.29591478051242687,0.1603546596453281,0.19598781059137743,0.3134886604910441,0.34670774894315654,0.2558039530378055,0.3867844379434503,0.34146518964747397,0.30930339237055093,0.35274009685511926,0.4339839543597142,0.35556290474217084,0.34579378916062453,0.16498238605564375,0.2448787213094722,0.28402341984321094,0.2170073041821486,0.14488614421890514,1.0,0.20170498718945432,0.1515643859618281,0.12665282696108235,0.16366704996771284,0.204835643897614,0.15082062545012306,0.18930061687769276,0.16723912446945044,0.24066725218203602,0.10548591793352925,0.13835968397995682,0.20096931304883514,0.31826491929052725,0.3510910811540384,0.3473564370659221,0.36116025708375793,0.3861679726009368,0.34398323300947636,0.42239313128637607,0.25243949586656844,0.2652456745999649,0.16178407363511169,0.11533301116394445,0.13488825466311039,0.24486806612251652,0.4064650597653308,0.2511863406395093,0.27469335326707484,0.3560690013970978,0.33542904680653324,0.3412531147009748,0.16989320835275754,0.28608545534183244,0.2922878055368445,0.35405561758107573,0.36746675034386167,0.398337792702574,0.31960176526198386,0.37579994565188685,0.30178581537944205,0.3976503548366227,0.32802571913293527,0.23459498933976994,0.2847689561774938,0.37138435030106126,0.3046369091240881,0.4286638076421582,0.29809692738705584,0.3682445231298901,0.17893480447935917,0.37710089103105837,0.3376724436289451,0.4523420587283169,0.31723999155184485,0.3433788150373347,0.39718881380012766,0.18962901592699308,0.201021775866569,0.3897025232020731,0.2994937152971249,0.3508627041354614,0.3464959041835898,0.229027612206684,0.38732608660300155,0.35231404070429423,0.3434346331882382,0.24028052834135752,0.15162438767271627,0.13073133027440745,0.21427274366997623,0.1986252076840097,0.18680942676267,0.19720352899738283,0.15309426843823365,0.29931141034774417,0.12200545286994509,0.2000218306408267,0.24699998649830618,0.05414875843152711,0.054134286730618444,0.041544236858502434,0.21751914991501375,0.40834584522208794,0.517916447875777,0.4701020990874618,0.04652037591397542,0.025723631612514494,0.017638526122611846,0.12296998434374576,0.08015230952576248,0.05842884232923112,0.06648069983173707,0.054989361957519654,0.07109797730335846,0.03473488339769997,-0.001279217812349432,0.011426073448381492,0.08262806356285694,0.08739304662237042,0.04803672511019156,0.05980246040380014,0.0012814330184134904,0.07338228323823867,0.032049047839091245,0.010769352757740573,0.0841838030584098,0.07995883916752508,0.06368334530340106,0.054893241945434365,0.05438515128658466,0.057551909349121216,0.0671638968924208,0.055389013520180636,-0.007567056790322673,0.06277330805745751,0.02431366725302916,0.06442159929879562,0.046819650173335156,0.09046499555271309
TAP,0.10128729146182734,0.1071605109283347,0.08084711356789893,0.12884443517156,0.025003414788639395,0.14354751236480248,0.09523253357004403,0.18330862435718645,0.012900293614122052,0.10979871263067993,0.08480902038419157,0.2668785258393062,0.28605640425453943,0.20830170355309904,0.19361185402499018,0.30609785006528845,0.24328708494812334,0.18287776415763576,0.20786211295114373,0.19377794305034735,0.30464380745984593,0.3058161122568061,0.2147808062338532,0.20170498718945432,1.0,0.41133330676926594,0.3705402145788207,0.2373132855260198,0.2544443045444453,0.20185141790465702,0.24797059075429415,0.1953320421563783,0.2751168419445141,0.1912044732131205,0.16614498800230632,0.2093269579101742,0.373238417313049,0.2440363855923317,0.23235574080772237,0.317232552858413,0.13496869220808075,0.1439497994222983,0.28894740858404583,0.2370241200042425,0.17952066812391554,0.08754347122408271,0.25064382228566556,0.1694282870902707,0.21852867171614831,0.15952647300800923,0.16338731251722965,0.27530601067752797,0.15480622237435593,0.1468463067686693,0.24366649934333195,-0.02498562795873322,0.17947927007188538,0.2475412552274862,0.23081487662763264,0.2597308487902968,0.2814966766470281,0.28637833343957103,0.31347348482966764,0.0323228356200613,0.19061775703251263,0.09547376211777794,0.07610091445938622,0.22053949630475686,0.09286031278305874,0.13663983358251564,0.17833294795771548,0.11905907951704112,0.30034622625362545,0.11113271969514435,0.19721649010649098,0.31526086092760786,0.3398305442738244,0.32916690202628046,0.28030455749423555,0.3213664051919791,0.18871024511505824,0.26172059888575994,0.2873337055029792,0.15829257604112093,0.30678930354475564,0.3181989928895185,0.22250183437378662,0.35256366512445436,0.30703596975556985,0.26952127215697963,0.22469428931614138,-0.021322579946943174,0.2729040380506808,0.22558893564942914,0.09925551884687071,0.32157364013639755,0.32209383635833183,0.32668080061928284,0.213160666927754,0.07050382258649902,0.09771851903083459,0.10052843229318581,0.04020854712251157,0.05673130004020312,0.0828639926456026,0.16580294693966813,0.2609507510068914,0.2770502657580392,0.16703531724506634,-0.023879782534144772,-0.02376951490358171,0.009626699024925795,-0.0028200893416030514,0.004451715269759402,0.023853549926944446,0.0018983514958985817,0.008124989770207184,0.04697068067725471,-0.03222549177387472,0.03467125711220337,0.017311412116645705,0.000758896067943556,0.010361189864171696,0.02526503518312761,0.004739301380656227,-0.013827316128609693,0.011741088394386225,0.010439120787451165,0.008930164951764427,-0.07146397027216016,-0.020467022223651085,0.03139228156124339,0.02601176976231686,-0.06019225745417285,-0.0367686368593554,-0.038934357841435445,0.006547104084495286,0.049212587697983014,0.027371324956845373,-0.023937584485208854,0.038762228996650244,0.042917331549913645,-0.029567900467403013
CAG,-0.018644564239128643,-0.018358933618995585,-0.01787936154172822,0.09920744852596848,-0.015435488841843984,0.015817415444261945,0.0391090993262314,0.11079349620987106,-0.022268500908348712,-0.029478465223280802,-0.0248941050023568,0.22186902576725465,0.24054584367381182,0.13171110905451125,0.058730697001937435,0.12071725740460583,0.16465974541271577,0.035565249348162256,0.2548345519831436,0.18279398040274997,0.4751139209795758,0.46422764964316876,0.1814464127220636,0.1515643859618281,0.41133330676926594,1.0,0.7016989011423446,0.15308959886817033,0.14048481677680053,0.13060147140250825,0.0935332564734006,0.09867829724773425,0.16317695109391506,0.10706391438307858,0.05682578328646957,0.09602469796925116,0.28836364760824296,0.14742085031210184,0.17160142976788706,0.19609979684702172,0.005861921987763534,0.0791435573207393,0.12205900638357858,0.24580454559887144,0.15692640325023985,0.0993420140002494,0.33633508205122764,0.2439786660758653,0.32983103086318316,0.15707349387829989,0.1298280140369901,0.24736669858757565,0.13037403638756678,0.10492620177116331,0.09177712761201881,-0.18526671053025606,0.04417994460606897,0.22880085373975945,0.11669257991111905,0.1444471258135088,0.21441888450764493,0.15371076347069068,0.25097187028047035,-0.13431935502744421,0.12159536876326996,-0.0014662429601629207,-0.014378304979127687,0.20716371784636628,-0.034017149940512595,0.06272365511804685,0.08293144020880856,0.03854123467171297,0.2134595995928806,0.09388778991256073,0.06558299181996656,0.2005594455270243,0.27749765792537295,0.1950890586121758,0.27469731209266635,0.2804657867592804,0.12773625162973926,0.1593886240034608,0.2690181374248505,0.16263248648680426,0.2838408159290964,0.2881928923261247,0.28597915466858653,0.2597137506119116,0.20367906036794606,0.24607174620202416,0.28244861803220495,-0.05043832395738801,0.3793386343828728,0.2469750955603616,0.0021248951556037095,0.3761603842720171,0.3712730855125293,0.3808348434227436,0.19356424616762122,0.03615933249855438,0.025496613504431914,0.04227852829139089,-0.03677303308434902,0.10872569578254826,0.11511845891135368,0.1580080330399831,0.1590957144359362,0.14768728142912294,0.02199664697510147,-0.042568708970721104,-0.015868902493407378,0.0634154708074775,-0.02492010592113054,-0.01750276804999259,-0.02012282516149535,-0.004881037656128184,0.00775089382292159,0.03808557512986202,-0.002992716686741601,0.05103581715147992,0.06881783266833333,-0.022339216592080578,-0.004343820710275273,-0.01580531676596562,0.03454203058448065,-0.020941253132472026,0.05074558407344422,0.017614232083663844,0.024251006860990527,-0.046095075732759894,-0.01021501333837379,0.003043355359595086,0.002012779547656356,-0.017940032283138767,-0.06159311592196211,-0.02005907136177621,-0.012685706612220949,0.011777413080546187,-0.0013810318552369511,0.016997857290016443,0.01308869157148624,0.04256461899330997,-0.020448089388088855
CPB,-0.04486371968887135,-0.047360741711773756,-0.05105208791631115,0.04790209973467454,-0.04311057571611178,-0.020521915699644833,0.01661464651450372,0.061431792761038294,-0.027438246920926373,-0.08343456595491723,-0.053785479854760704,0.19878279187759806,0.20174773088345718,0.11018199750682706,-0.006504095791925631,0.04477188521376031,0.155675673368262,-0.0032477848457497646,0.19344513673509506,0.14423579066752948,0.43868799300737443,0.4592266547722933,0.1980959036625677,0.12665282696108235,0.3705402145788207,0.7016989011423446,1.0,0.11536537948247007,0.09329423854813002,0.07885120836191388,0.06240708632666961,0.07340385976132667,0.13301017761133044,0.0712036504855706,0.04347782612665484,0.06768368716321234,0.2191150813533555,0.083665677156283,0.11890501132661073,0.13334193639859182,-0.047179389170520544,0.04049332638050203,0.05809452664226512,0.2309116496886369,0.1723304706640524,0.11228508556156382,0.30663746928357855,0.23544823286902294,0.24623977954383028,0.11055445309071814,0.1316659630904608,0.20583926573555597,0.10569573623260141,0.06290888656023694,0.03742878088830015,-0.22133474050475507,-0.005435196205872552,0.15949807649924636,0.07610955719746611,0.13067692962173869,0.17636570221569048,0.13684467961023322,0.19940175433023546,-0.14606063303419078,0.11197057317859613,-0.009341430345175303,-0.047680590962482665,0.1394919676452878,-0.07631703262922566,0.07646657514554045,0.06253184990981694,0.03542400613562491,0.16100258768244044,0.05929194679386906,0.0004752391203157705,0.13844561872500596,0.19309498552239546,0.1222733201526236,0.19513469688239718,0.19022858949496735,0.06331044235725553,0.1251787455370636,0.19845012065252424,0.11103269102744621,0.25349924502750815,0.25886357511160485,0.2167246792330429,0.2069717320812866,0.17594583183930923,0.20711508685254187,0.21826845106070278,-0.08742542283488736,0.3535378068369423,0.18702766325965384,-0.04051053988751735,0.3419354135514802,0.3350430003171125,0.3325440102870414,0.12280859526784518,0.027250995128100485,0.0033658281721148185,-0.01432853770571816,-0.024647292959625533,0.09589124837392263,0.10634556606994501,0.1312336640672113,0.09172667124580337,0.09420656926024568,-0.01522368824615527,-0.06623587875433556,-0.05318201632320967,0.050763687196546114,-0.04509139850934707,-0.020487248596994405,0.012283255162185822,-0.007526963983827336,0.010837059401764174,0.0447453670782614,0.004519177422643298,0.055242393518456855,0.05714242108061846,-0.04333348472476681,-0.007923009251274461,-0.00960479358239134,0.02221652854395544,-0.009973168314389252,0.038494669921196205,0.011959352454235342,0.019176631407858327,-0.0006287833384619537,-0.012700031041184721,-0.017407567705037087,0.006900829094716504,-0.050385577880005396,-0.06846589038297135,-0.06277207973604201,-0.02048797662477022,0.002461154469303717,0.03147999680882788,-0.018373034229630096,0.014579784539596834,0.047509269890450935,-0.04588454938144931
XOM,0.07922523575339561,0.0799241419804582,0.05521561839648989,0.11820358944156834,0.12126201491347417,0.1932267066250036,0.1340963821322573,0.17804908681175755,0.09003791053764804,0.10257878345330182,0.08961686551992382,0.15166579406776684,0.1850434907170862,0.15721859190632687,0.16064858996668263,0.28079085058614506,0.1317571171048671,0.17914123800933815,0.10637791549009874,0.10872804598037523,0.06599381501221495,0.0271061956618126,0.09326737447814516,0.16366704996771284,0.2373132855260198,0.15308959886817033,0.11536537948247007,1.0,0.8515793763913755,0.8331579560278138,0.713972592310959,0.7388010013781539,0.6631824410381368,0.6280583330730541,0.48832569050370406,0.7517205595927325,0.38002747289020383,0.3203397165275021,0.22262537316449518,0.3478355383756541,0.13475701687185773,0.1297615173626012,0.27751073716949,0.18583286737558882,0.09708772052916519,0.046063401016910144,0.11871857944246196,0.16584440525350744,0.14925943517583312,0.16794908559047111,0.1041428651182866,0.22585205655828505,0.11875258538591035,0.15612031298942838,0.40781613684811135,0.06262643757031215,0.23987269008770792,0.17705433050982589,0.1823920775650599,0.17915133270123068,0.19752986907522513,0.18573517029974101,0.19543972770248608,0.07736124721479737,0.18973885036366872,0.059919068798383074,0.08580711441590028,0.17495525304619383,0.1448514328064572,0.1284470848703454,0.22531692971833897,0.05448859731648756,0.2418491201424977,0.1696876241332777,0.3938882458234627,0.4612230777240006,0.1953589899654391,0.5170571708982307,0.1709424856959039,0.23758641272018546,0.48233309497709254,0.1589745108871461,0.2009904427546233,0.05579386215031169,0.18399842282380519,0.19658562036774008,0.09128493474788008,0.2900189850350187,0.27382363397755405,0.1886840472890807,0.16072759376661339,0.14675686199702986,0.1697270072321626,0.20655247889717893,0.17807425993827825,0.16144968175966645,0.14320055075733834,0.16571992183927126,0.242144846709585,0.14220135984403312,0.19001582933680877,0.27544420944077314,0.6183390641556274,-0.11788233968145229,-0.11311310697634289,-0.0005574401806165652,0.2286905537832183,0.30643111795292227,0.16578124361569657,-0.006613816115856073,-0.02500343297288415,0.014155362990509852,0.03807816247755308,0.054156585175009486,0.049107707850976755,0.016319524845288497,0.009473352178487753,0.0628861842280972,-0.03580996755493184,0.00043699534361613807,0.032658055530249384,0.032420878485992434,0.06875832693630538,0.04388815960684578,0.03604219704681796,0.0043720304731625186,0.03481314610524969,-0.03280765699928105,0.011941310916773763,0.012268055965092138,0.02917944151062604,0.026385263725370433,0.02688068284954417,0.01808102857347991,-0.02120953918333073,-0.004273995409275276,0.07227630723347027,0.09596882339363955,0.026179485519313792,0.039524351831584995,0.066426612076714,0.05997606330284664,0.02850502221579346
CVX,0.14527369920904992,0.14585399854553704,0.11014164550799949,0.12920248637669213,0.13626595682706777,0.22247595595523348,0.126618236679948,0.18117031548580786,0.11114402992589215,0.1641813758603876,0.13245491930965236,0.18487874016420666,0.19195185136083492,0.1631183227039457,0.1901491057251939,0.3040377829572218,0.1619169965105604,0.2104431153066018,0.12225791492764689,0.13523747140217215,0.04535012536618437,0.038134753617254165,0.1064819305445397,0.204835643897614,0.2544443045444453,0.14048481677680053,0.09329423854813002,0.8515793763913755,1.0,0.820869467075853,0.7012788615192854,0.7139915083754353,0.6554293775942795,0.6174678054688447,0.47210985238399905,0.7345891654888892,0.4123909839813266,0.3649014576057131,0.22355565560199833,0.3808057038195529,0.1843780984118959,0.18353585512674658,0.3466268481638469,0.19926359882139022,0.1511819465542839,0.05592920511392396,0.1309574082417233,0.16436226288615793,0.1746845620900745,0.21636122872588823,0.15052288435662578,0.25645915234091865,0.1653037703554247,0.2023891777177528,0.44110293636402825,0.1435391085996975,0.2599200492827174,0.20812897380310233,0.22682437585307552,0.22940790576233105,0.2289344996597292,0.2197966787684051,0.2083601156244623,0.14037884945480408,0.2324093649185007,0.1274626605009907,0.11142784681758018,0.1926373848855653,0.19239015865759637,0.16699871865058077,0.2660882675455764,0.09132980605030235,0.28751510583114886,0.15905194365206005,0.4133993301888312,0.4633110989566467,0.22571040057712188,0.5195059074203862,0.18103776287142734,0.25780775977460463,0.4722964453072644,0.17444466270850964,0.24044928407294222,0.0969900562044831,0.21203673258484423,0.2223721054057645,0.09435495047079863,0.29893647945291885,0.29872712623923164,0.2428742369903217,0.16432123351041314,0.19840222310130676,0.16831945644911164,0.2183079253676775,0.21418132290830444,0.16134578648353137,0.1511529647731233,0.16708899496073093,0.24939114767317316,0.10396966590110597,0.16231401007982407,0.29670549612186725,0.5623578056831094,-0.10078006274246971,-0.10153199675868793,0.03544430124598678,0.2800268943479482,0.37080660760579154,0.2340550244714279,-0.014311671633765987,-0.02828756077054067,-0.0029415199659968234,0.026943865884859027,0.05413577806599047,0.0364204089832848,0.022763625432205743,0.031151576307176364,0.05494752862442231,-0.0423772280236114,-0.00544202198259932,0.03184904313209947,0.034829273019005826,0.04619891781019777,0.020869515609973688,0.0357095084048759,-0.011001030368201542,0.026348733043831556,-0.03027914790061402,-0.015194556786738417,-0.06811837596466366,0.056401149323377045,0.027142087634482486,0.026820858315681265,0.012343977294221509,-0.020959056829871765,-0.0035985454738728362,0.0610352906840707,0.09167752289922083,0.03161681973221974,0.02831395429570263,0.06758069148087159,0.04695580520892544,0.02405267981636841
COP,0.1342829503047281,0.13288332171789424,0.09089628661365433,0.12051897374771559,0.12504519316972712,0.22259745269242173,0.14307499363790324,0.14843501173198442,0.12108894198915844,0.15861067268096377,0.13583112689533416,0.1441128690093721,0.1470394304047593,0.12525717503391057,0.2073070410431986,0.2977808742671812,0.13124043588502157,0.21937033880478352,0.115000941271926,0.1072938650464678,0.027086572808982707,-0.022668015172437522,0.12202124669338658,0.15082062545012306,0.20185141790465702,0.13060147140250825,0.07885120836191388,0.8331579560278138,0.820869467075853,1.0,0.7216874093356087,0.7761063181266914,0.6878211847009914,0.6746055562466744,0.5059385946671044,0.810272964367225,0.37963355177327635,0.3535715027943757,0.2350166459358783,0.36165694079625116,0.17416629332901795,0.15598059750160956,0.3126209688524009,0.15133945886286246,0.13377978668030122,0.07294316301607431,0.08510364169484023,0.16354045367948924,0.13800693172869447,0.19741096993018434,0.11314215658949252,0.22082267383742238,0.14689128354367414,0.1970294316302969,0.4223063612785967,0.19643387721612357,0.2636032251249388,0.16984091672532362,0.2013539578465541,0.2210125135038729,0.22417421216747854,0.20610691495712072,0.18238215176243022,0.14608986993836245,0.2161329818310546,0.12267472879553387,0.1268635112691175,0.20172808155781397,0.18515562816291256,0.15397580350037618,0.24754163388013958,0.06626651072412561,0.2672361680243314,0.15635987388010242,0.41330613347264306,0.4853236270352655,0.1824114868085935,0.5367066825531962,0.1543228373421312,0.2535035628251305,0.4848796186184118,0.13054199978991118,0.2037375272213307,0.1044646834719546,0.19020405572845583,0.20380521947979502,0.074793221569379,0.2738877333429705,0.2638091689348265,0.17736525259777464,0.1337572111347999,0.21604809414062714,0.1380293211463093,0.25656601294730835,0.24351614339454764,0.13626536628903121,0.11843025616132859,0.1545271291578217,0.25227639025913556,0.11169247417929354,0.1665322660690511,0.293741962442241,0.6213305691659473,-0.126167660053557,-0.13340263292327545,0.0046887066990634494,0.25616376460355644,0.35835270248958173,0.22524831488043448,-0.03913121088963447,-0.05663362626614384,0.0013099864889653643,0.011333052791721986,0.044750068484540884,0.0449562396645708,0.007829575714402234,0.013686437694428361,0.05098339715133289,-0.054847771639454986,-0.018473514408977397,0.027282851855560602,0.02806201135861509,0.04404228259399529,0.029617713973327894,0.039522423657004487,-0.01073051839914,0.02027449706781137,-0.0404288637514802,-0.016013663544661248,-0.036559001719420316,0.02884844675348513,0.017129530548873274,0.02559529848299456,0.026070538527676285,-0.011362676726836038,-0.0038323625394616574,0.05718257798807735,0.07576264583552607,0.028363787045266087,0.026791145296142585,0.058319838417632865,0.04700933481637157,0.02672455973909963
PSX,0.12832635239259255,0.12803901744340324,0.14428407954122807,0.09105646282855573,0.11547073018388243,0.2517917959234201,0.181534084138291,0.19271559629088927,0.14878970975402664,0.17603219446649856,0.1401543685900559,0.18058099752292342,0.16417191556021205,0.16193847026450164,0.261930509443055,0.3713292018420337,0.18692804029336166,0.2602952427843446,0.11671336321001186,0.09278542523641253,0.014478929579531367,-0.003235899195195891,0.10973932731008458,0.18930061687769276,0.24797059075429415,0.0935332564734006,0.06240708632666961,0.713972592310959,0.7012788615192854,0.7216874093356087,1.0,0.6270318738653826,0.6060118395478893,0.5624977416219373,0.431347488914001,0.6747683279769837,0.376059346071148,0.39952156077450507,0.25812397433764217,0.4348834926332987,0.19900078267399168,0.14743108524695284,0.3872930876877667,0.1864194792849779,0.1042022221522812,0.06572399293390979,0.05932458463626887,0.16714255326026423,0.1564603258004694,0.19678621140170918,0.1342733158623609,0.2353095736938157,0.16948067087073856,0.19120714165833191,0.47346155880970525,0.14084057878604345,0.2995530510746428,0.19334432583235972,0.2358256499315696,0.27288553710131414,0.2970077934348352,0.27000766077865523,0.22569545969910654,0.1543157601592652,0.23705496807165072,0.13081792938598225,0.16461613739609524,0.15240383587330886,0.21172835353907532,0.17451812715099546,0.3019611859587976,0.1335661133988452,0.24356907238996828,0.13074673956203167,0.39535339172669426,0.5234323717826362,0.2650148454972902,0.561796761234892,0.1722254592888989,0.29131882885800964,0.45012358370700783,0.15937231704596608,0.24948872100527897,0.09308961540256751,0.18991150579333266,0.2034946543854315,0.06469497200909988,0.33990450818602935,0.3127030507997435,0.2128180569898432,0.1192479716199986,0.16431825532037006,0.10402442886671726,0.23124275529512983,0.24321473617808778,0.12063022422748694,0.12270075504153562,0.15460274704459293,0.2455842726215493,0.08517897232456415,0.15074755223809289,0.27598238123626684,0.4782579732395267,-0.11615008596836003,-0.12460470873748261,0.014490984465009155,0.28129842926607906,0.3764551981639756,0.2549176916790926,-0.02122281785581075,-0.04606096507392578,-0.015376089788187617,0.024781296794482807,0.027949385658914097,0.03267698043309707,0.03694527096147441,0.0378319678028472,0.08476869237141128,-0.015601727246455612,0.0024204003835981026,0.0522491903781275,0.03926829435347984,0.053344877206112744,0.05929778900248899,0.05593527682378635,0.016051905116011574,0.050647905773431624,-0.035272037792910015,-0.011884962956541094,-0.06694100786862266,0.03292068368365256,-0.005761338910087936,0.025483309849481883,0.05484689291122344,0.039286560820729385,0.02108509201856304,0.06969210631062257,0.07157464581570344,0.018503543215376953,0.02243239817045186,0.06284435409072579,0.037270501610686506,0.05334225388203819
OXY,0.1394658035844223,0.14125632361495719,0.10299744073583446,0.11200629964663747,0.1167120210314478,0.2222347470342786,0.14895163854070825,0.17580969104521169,0.14088429193176685,0.1609006110782518,0.1715611796897582,0.1490365045049614,0.1157177717717166,0.147323715499693,0.20279487198098725,0.3089679394000424,0.1339609046647857,0.23345985252366486,0.08605875661708438,0.10659898842988393,0.005802863580433666,-0.03623592893437571,0.11887658042755324,0.16723912446945044,0.1953320421563783,0.09867829724773425,0.07340385976132667,0.7388010013781539,0.7139915083754353,0.7761063181266914,0.6270318738653826,1.0,0.617717428305055,0.6199533062043681,0.4742062110151891,0.7820785295080619,0.32211183474968863,0.28586477673912064,0.19335054687464032,0.32707537054803454,0.180548797428659,0.1385898437702616,0.2897076878895147,0.1644195590620408,0.10570470101003437,0.06590606775586286,0.0445494068048653,0.12835452900729535,0.11661895566567092,0.17280790739167468,0.12582678919118598,0.19394788211367478,0.15506702497026703,0.20290766507069333,0.35619368331622836,0.127993400332436,0.24429797590574134,0.14850468980163553,0.17504623598823063,0.20611815907186418,0.22420615946772957,0.22351296234348408,0.16985922601285416,0.1561113652455791,0.21636282274551263,0.13837358201709357,0.13386227887122504,0.16917802217650751,0.18480442351045173,0.1442447103080668,0.25775741633785304,0.03952640714545118,0.22552938159005917,0.15457684128411744,0.4003703320527225,0.4510032672407652,0.15790904083805232,0.4929295720581151,0.1359587316207097,0.22214635394508817,0.4924240670347417,0.1290118286220608,0.190594405236921,0.08512442762708765,0.18125694776618997,0.2070542174250974,0.07688585461309712,0.2750250977935529,0.27840720232309385,0.20359518255802592,0.0896820031534986,0.19378918261728378,0.07676195745298678,0.18930575184717222,0.18944745279955622,0.07922926254688772,0.06715619134723061,0.07454103640696137,0.2399378859178798,0.11566604250166461,0.17168098444139201,0.2612593534232464,0.5839883479694671,-0.10851390438700155,-0.10517510009482735,0.016826838594046503,0.2405956636603635,0.3275278310634258,0.22841435630004764,-0.0014549346885548468,-0.038880473333532575,0.0028712651779348934,0.02110677052471055,0.04438661551046117,0.0475882169520558,0.0275268984917394,0.02337074585393787,0.056800143790745716,-0.03408593239484253,-0.01475403303908002,0.04672312880750699,0.038090765826932944,0.02621775746671873,0.031786842905208154,0.04234291090990557,-0.010988727333542362,0.03274385165194504,-0.055263088706409225,-0.021719166532599362,-0.048457758862314924,0.04284256749571528,0.04191187544049724,0.026783920877651298,0.03868338895852725,0.007835491449394012,-0.017895107009613793,0.021253961506139073,0.07918294217154183,0.028177520246698624,0.012555896871933682,0.0642159609774192,0.04806282619843727,0.038932651978253165
OKE,0.22224128998414222,0.22618846741487875,0.20864303026048733,0.18894513491836679,0.19117826265164753,0.32177207451150763,0.2408590979484761,0.22273359036929424,0.22782644865706042,0.2552680367768609,0.25005083937744216,0.2968407917947649,0.2706074520961866,0.2350932375187139,0.3271197727185418,0.39473278239955495,0.2532982034293706,0.3363473115016042,0.1803584724273311,0.24542707126334828,0.16562534216380304,0.10333255579035841,0.22250447757980996,0.24066725218203602,0.2751168419445141,0.16317695109391506,0.13301017761133044,0.6631824410381368,0.6554293775942795,0.6878211847009914,0.6060118395478893,0.617717428305055,1.0,0.6271041670527963,0.5312514079724273,0.6694160730441284,0.4797876287460055,0.45455362762092105,0.3420357168224323,0.4752454174594713,0.3095481901299872,0.3175860026542738,0.44930342277246627,0.24964410720250113,0.23552978520270307,0.1378349148413208,0.138624755016012,0.2168677835898157,0.2314427266169097,0.2756522015780264,0.2294996527367963,0.26366098411868416,0.2266745658168602,0.24648319050107062,0.4110655671499712,0.285587815433276,0.36175945942476645,0.3085440307642217,0.3273011412607676,0.28771355945732974,0.3343371484695875,0.2828692741641258,0.28784535114967774,0.26561222516454563,0.32155559799947553,0.24589641734210096,0.23002421897910733,0.3431089134768258,0.2597706526062618,0.2805891014218131,0.3288372813430091,0.18053677774481255,0.3729785826685673,0.19887433667971793,0.4187714906269958,0.4419434220930408,0.3006678205978363,0.48978596782819106,0.2682759752643898,0.3614131481037866,0.4455999334621315,0.33467724573999624,0.35233869282131586,0.25078808663823837,0.3906482281197155,0.40046020114596037,0.20467581304168894,0.45540226143399665,0.4140734882779234,0.3188537156283914,0.27703327641013353,0.28062940276875964,0.2730137340144453,0.36339148649780595,0.3577483168773414,0.3357924739652135,0.30950952950079347,0.3109763052433516,0.3562911365626829,0.127562680969847,0.1688801043928682,0.3040280488685136,0.4496242695271408,-0.05013267969441648,-0.046467187540615025,0.13569060895590712,0.4260009376661093,0.5164235137346089,0.3858679577520049,-0.005508750459619068,-0.0071915990591878915,0.02057679048492538,0.025253479987393336,0.030218027616474685,0.046343701157096504,0.03821283551790361,0.03480408183621501,0.07033354696709805,-0.018252904626833148,0.007803793618159125,0.029954781816265912,0.04006574136684033,0.06355643602741613,0.04111612953317582,0.06252789054698105,0.022790910709586866,0.01274123220866644,-0.028285740295271755,0.010038466707166453,-0.030183552269669636,0.04124983924805894,0.054858107914851455,0.04069108286979796,0.040910670922161836,0.015994834155560973,0.032535715822355205,0.06272527675046988,0.06509291178896451,0.051012171522363585,0.0250347957709206,0.05519526332152016,0.04029654148915446,0.05297778205119118
CTRA,0.12565666581541138,0.1267716775698497,0.09862668495720693,0.14136229907167808,0.16987622285728846,0.18849706701800553,0.1936494704543988,0.14605990029590843,0.11523131243904079,0.14385525615146091,0.16837086326173228,0.15103929475507455,0.12339313629326701,0.13773920741365672,0.19336907976739615,0.25794711270763804,0.15370354477967527,0.19453433349599045,0.10253120430399469,0.10864564409364597,0.03499071561361828,0.007757830869045633,0.09536391914836433,0.10548591793352925,0.1912044732131205,0.10706391438307858,0.0712036504855706,0.6280583330730541,0.6174678054688447,0.6746055562466744,0.5624977416219373,0.6199533062043681,0.6271041670527963,1.0,0.6868211679965531,0.6544596023019089,0.34335555272221874,0.299389897534921,0.18346065829629876,0.33269601475358956,0.16125096470382116,0.13414876854822302,0.2695257748072306,0.1522854581068177,0.11697441899643411,0.068704745949763,0.06522737247686043,0.11338357602458891,0.14154749510320766,0.17753549992708342,0.10480216226470809,0.21777393083082955,0.12977885589784424,0.15385786481257221,0.3133184166785424,0.22345326434202942,0.24262898075322464,0.18541468291626048,0.20154240172112325,0.1970329271989789,0.22703973691341997,0.1977875090159019,0.18360232467094179,0.14487179569899414,0.18343963840915145,0.1143780880078747,0.15279608939062783,0.16114521078760352,0.1540112785730862,0.10503948003718348,0.2061643104694135,0.058927617016567416,0.22995311375251742,0.12795618773889345,0.3114897960259663,0.35407429237117355,0.1516034795717782,0.3922557543707159,0.17242217315460234,0.2193394861036972,0.4593133493228457,0.17650259240311372,0.2067207864866901,0.1269986821377931,0.21421936931901236,0.21930442786999374,0.10958578238752321,0.2754609074622506,0.27167686570078026,0.18152108293734323,0.14522266067615383,0.23269871016668295,0.13738732640876217,0.21273404948250174,0.24770487310307548,0.17175531849200623,0.15979690990854628,0.19340059642942745,0.2389187527733358,0.06934564264194933,0.10099504111903534,0.158477064562299,0.43123617571767,-0.09830115879245555,-0.09244807174570821,0.01982611882948551,0.2362483449127896,0.320544353062422,0.21610116212990185,0.003728991493140019,-0.021878322520154304,0.02426884141464717,0.013004986899795236,0.03082556808144801,0.04552544703785654,0.017090094875622342,0.014404409436294114,0.04524867735602424,-0.04895937669322533,0.01272888147331806,0.08515603244876911,0.06537540731721311,0.06940887042048757,0.031339345403077555,0.05537006399359394,0.0072989781063118216,0.02060526522597863,0.004512791433864246,0.0035236908543786324,0.08687953904197766,0.035938549012293985,0.042627932382171885,0.05312843483751229,0.042345482177514056,0.03962496856051932,0.04858945728706231,0.05815423141387762,0.06933792529657158,0.05567384419563654,0.0321331953093857,0.05554221196998021,0.03086589167955349,0.05904379989077815
EXE,0.17274800934577178,0.17170753470538733,0.13541570219620758,0.19283594763655923,0.1722137208171811,0.18113166376683582,0.17025194016830536,0.15048107011992062,0.166197837278681,0.16431544313032898,0.17137629630060308,0.14542627916514025,0.1504250810985259,0.1522301321279569,0.21834826012467146,0.2614708698457607,0.12423406244480217,0.21254865600963227,0.10238416757329738,0.11825140690475135,0.05164675783533263,-0.020594905271786205,0.13568041227376548,0.13835968397995682,0.16614498800230632,0.05682578328646957,0.04347782612665484,0.48832569050370406,0.47210985238399905,0.5059385946671044,0.431347488914001,0.4742062110151891,0.5312514079724273,0.6868211679965531,1.0,0.5230583254255958,0.34835904257846567,0.30413839614427013,0.2135782855058267,0.31187515190291565,0.19358833941255188,0.1635823639811648,0.27002455910211626,0.1696234500336395,0.13964472102153724,0.09048581323347651,0.06502584498176371,0.11129667003975309,0.15207241382303355,0.14950502800663662,0.12845265957885124,0.190554045350124,0.12396247707673123,0.15128158320031,0.29051056084809695,0.23742031684190124,0.2611473772046732,0.1735511976935326,0.19104085897203552,0.14434967842641833,0.17422182390879015,0.13852933318107769,0.16726108364165224,0.17568116727002744,0.17963690030602536,0.14967974129836184,0.1474008835665763,0.17467032185956083,0.18931087878075645,0.13341553068265613,0.1901486625113567,0.06943141289766336,0.2658431844359369,0.18543409134521163,0.35658816366805673,0.26794657900169355,0.16211121460857808,0.30163685487785974,0.15269835727429326,0.20643615026160228,0.4176863129071721,0.23547940993536692,0.20541090877960552,0.15289740647997768,0.22473677490530392,0.22914920381829657,0.1364382486551111,0.2689413428342993,0.25200173289220174,0.17296165305338357,0.15715228856900612,0.25483440214052033,0.15267162515540936,0.25777488394063647,0.22280967500664345,0.19662867085357116,0.1815828075801222,0.18656743842459642,0.22296077457279764,0.1343042531112042,0.1562449952858933,0.20222050368230662,0.3477775767058737,-0.03767777176851677,-0.021849650223752515,0.08246553606724327,0.2641553248987749,0.33628880063174,0.25169512556415774,0.030931051164120444,-0.01426239163908064,-0.014248914192925965,0.030335540064943104,0.04818019790173997,0.046971722655263885,0.018795653833225626,0.01759972276148522,0.027879004783150557,0.0038488550816803547,0.016763278884904753,0.0009023223955132187,0.054251729429139965,0.036067870601382564,0.06346230466559864,0.05698758746866041,0.04455857310389597,0.03066284442569299,-0.013314135259944253,-0.005513319642220186,0.02250828973767267,0.06264626936990907,0.050975887977164215,0.03964420049135934,0.037194531444270214,0.040815158193356675,0.07104377665896876,0.019878760053246246,0.11294497631039657,0.04281193041313842,0.045028339596377316,0.03356778608154479,0.02542290255623297,0.06125202056968188
APA,0.20089350958160626,0.2014292674692694,0.14381798610714702,0.12105817580904671,0.14353034933071412,0.2795979084439784,0.1863130620945815,0.17682190959591165,0.18220062556160754,0.20484513709491853,0.19095524385521806,0.18366645957969585,0.148593373695859,0.19083788803434362,0.2580830475264074,0.3383055164288005,0.20614737234983835,0.27818958725528803,0.11694572614226983,0.13574523311098463,0.0008799903900330224,-0.03770084230168786,0.13273512046916988,0.20096931304883514,0.2093269579101742,0.09602469796925116,0.06768368716321234,0.7517205595927325,0.7345891654888892,0.810272964367225,0.6747683279769837,0.7820785295080619,0.6694160730441284,0.6544596023019089,0.5230583254255958,1.0,0.35983960452815866,0.3563664897915164,0.24246084708477236,0.3937738527478228,0.23969224555059446,0.2092569331902744,0.3612010229022715,0.162120921967847,0.14402252900872212,0.05643126355218759,0.03519789039672367,0.12042889972385348,0.12787325885480144,0.2370367346388675,0.14089432555004308,0.24514801597703748,0.19778795763229023,0.23854833890389,0.4184209498182673,0.16713750156656568,0.2781850690799986,0.18869672008305896,0.25634601273834834,0.26890793094796106,0.30428426277340204,0.2645769659407884,0.21887767793694735,0.19967606380474823,0.26347993364815503,0.16718025609878792,0.18882719165458373,0.20476625339278573,0.24463754429337387,0.18589829158027305,0.3194874698045587,0.11584521889933498,0.28864612031939363,0.15044144179919522,0.4404258931506705,0.5077444632750377,0.23457656251775327,0.5304361933031687,0.17899803233425607,0.29970989800424347,0.49176802550043586,0.13719902046362736,0.2568256087205581,0.12388392215971482,0.20459266736492301,0.21662198272882627,0.08767020953716653,0.3321631738133285,0.3256675531232738,0.218255846003803,0.1369249349342574,0.23530034868489474,0.07519927756442385,0.2519804597717794,0.2505978427991554,0.10077560980827649,0.09006200600860191,0.12143826430574037,0.3012358671999404,0.1010018787497492,0.16217066675826838,0.2888678856830537,0.6088411991933322,-0.11707608116219818,-0.12368303376279735,0.0391186820419797,0.30699971246531116,0.40003801874882533,0.2921695603698642,-0.027805795825207175,-0.04638413332528422,0.019316664881694035,0.023429194552758006,0.04630909614939544,0.05904735258651506,0.035602618439202066,0.015611986273709706,0.06836146107948658,-0.03701900940453765,0.011750685904581518,0.02687757773462048,0.054521311233275443,0.05860216651176869,0.026672695466127837,0.06362684926885895,-0.003075394291384027,0.039519689042470364,-0.0031905764858627668,0.002034615829287957,0.020514116338736923,0.041975221282880844,0.023542937949736574,0.032415735495419325,0.04613137219542038,-0.0004048028610203496,-0.016588552951821198,0.05732522061747447,0.08870379358993978,0.03837430023997289,0.026375299752298235,0.061020868967938104,0.03917209494451188,0.050285779425961644
BRK-B,0.33291115742570004,0.33788536883061165,0.2892905428439978,0.27072772949768437,0.21833623630169144,0.3453522392209872,0.22740329732000036,0.2859610798802471,0.20843437486287947,0.34069865045461256,0.24784540634574634,0.4403313033484888,0.4256617265224456,0.31927542679618315,0.401407708354482,0.44283692288822046,0.352600609268086,0.3647179800092279,0.3169985565318751,0.3767741018595413,0.36442318477361635,0.26864859823312176,0.29391229227366195,0.31826491929052725,0.373238417313049,0.28836364760824296,0.2191150813533555,0.38002747289020383,0.4123909839813266,0.37963355177327635,0.376059346071148,0.32211183474968863,0.4797876287460055,0.34335555272221874,0.34835904257846567,0.35983960452815866,1.0,0.6253555851476776,0.5386010850003803,0.5588429718168204,0.33758565499998117,0.3892384230350025,0.5243464634550069,0.38136976261217126,0.3583539631752174,0.246003564408475,0.3645136596919372,0.30971624442927487,0.34387653097599724,0.3601382136523924,0.2704170877041801,0.37479390817607083,0.29413021200839595,0.3014972115875989,0.43800274615892015,0.13868571053947784,0.42330370196502515,0.46881933768917344,0.4330212185374981,0.40053396910850514,0.42357749502116776,0.37763706189661805,0.4503421992672596,0.23893528196174962,0.44928701582639075,0.3445469344709458,0.20008024502591892,0.4220046831538437,0.27181793036288837,0.32273585738839594,0.35306052231045393,0.21972833624876012,0.527830405140136,0.1553017368567272,0.36347435649794874,0.446290203933578,0.5128311674900704,0.4656301339194665,0.3417122853882221,0.4985605817923017,0.337135596331493,0.37676484829797113,0.445481932173546,0.3152463155318369,0.4623575199641866,0.45805290964701806,0.28155857104654286,0.4961321139909816,0.40894585871816685,0.377520117683677,0.30890189661629897,0.18492533347590925,0.380332170451731,0.40576742414693806,0.24092504756462677,0.4258080483900157,0.43207281864232,0.3999677705044603,0.3312923575193488,0.027186912695323237,0.09139328722252213,0.19481753510013874,0.1169743036137318,-0.017953951918842248,0.009782903687624472,0.19098974597303506,0.48743768808296506,0.6176262615855628,0.46099292062788405,0.019652190398720182,0.005460310710891262,0.007937246271853738,0.021176250407541265,0.03813247829784598,0.03302900554620084,0.006461259754149794,0.0063596705472994544,0.026106919434219143,-0.01872455234101669,-0.013112641585780507,0.026812698009724748,0.0014901507130588433,0.016097827882767222,-0.00013321491281293886,0.04571067747640062,0.025016275115807302,0.03607233367479439,0.028356165643887692,0.005346882536166381,-0.07395760131279967,0.01017708852842217,0.012385264705964532,0.002327147114068647,0.018444160330464993,-0.0013857405002845576,0.027178526464601713,-0.05159641068599253,0.061099625711970834,-0.006592258587659509,-0.003543253746850473,0.02558284938457965,0.01589567512541736,0.02471814157989853
JPM,0.3325939892572475,0.3325396648950686,0.3137890500410707,0.21040397073855832,0.2574289790999917,0.39417131447066645,0.2469325298473946,0.22675109688134154,0.2506124677732482,0.3614954075757196,0.3236263041476166,0.3641467788787843,0.31200636465298176,0.2952463877534826,0.4793314224652175,0.4540184158680052,0.2954924388415968,0.4412390862464524,0.2164650809476902,0.2730212801823262,0.16787287935998788,0.12003525031650597,0.27406696330889946,0.3510910811540384,0.2440363855923317,0.14742085031210184,0.083665677156283,0.3203397165275021,0.3649014576057131,0.3535715027943757,0.39952156077450507,0.28586477673912064,0.45455362762092105,0.299389897534921,0.30413839614427013,0.3563664897915164,0.6253555851476776,1.0,0.4968423177212885,0.6794698226975056,0.3962092735835315,0.3637962935338162,0.5902823123603358,0.24741055008171106,0.26287695306741016,0.16507350697434867,0.18598098840923477,0.2093001389534175,0.2548551078790614,0.3656199711171346,0.24353875014926873,0.3475864061735706,0.30333362598490266,0.3379819511964635,0.530525266474298,0.3695113292662642,0.506236578520066,0.4078492273756609,0.43374275999322687,0.39256350386617067,0.4272366488192152,0.3398902426647252,0.4008669914526622,0.3311530438764575,0.3771234503490898,0.32325265766510636,0.3353837379073064,0.34615345853715296,0.3785162534424765,0.30612775332587594,0.38079649540984123,0.29984741103698304,0.4580021658775281,0.1406009787552855,0.42537147602145775,0.3921940424526115,0.49191559813757185,0.40058162027737915,0.26421441022397496,0.4202782306566328,0.29027081821899975,0.26192479308544014,0.3700006273146259,0.25584759837699533,0.36452770706646603,0.3691708783390484,0.1505454019655413,0.4525974322930326,0.4078402859323572,0.30450389338495193,0.16119136373930706,0.2584363906962689,0.15476109648818417,0.33446240495567253,0.31870071333051464,0.23735441871726673,0.22169838617041557,0.2235975725568349,0.28374812801391075,0.02864597956970252,0.1348768651719526,0.24660119133985697,0.11863042857473874,-0.10829793663174192,-0.1175898356742663,0.10527382370619902,0.4549362004210333,0.632975710528574,0.49639069771459005,0.003137430878307205,-0.017633830955965615,-0.008645712675062353,0.06553033410785546,0.07861641409170535,0.046847894970374934,-0.011772517978354971,0.01584791486111314,0.011387264884352205,-0.006472611851901394,-0.0004520129910228212,0.050831656527563995,0.04226427580520817,0.03929531029468104,0.013106439886205046,0.07578346357726885,0.037320780374459676,0.059335057644055396,0.02658013899818982,0.02435774130719859,-0.1379289622853464,0.046957989122893735,-0.010236508577836635,0.06452310899266292,0.06705783317495484,0.08595024349723318,0.0889773253059313,-0.005895569380536354,0.03690258129180702,0.04377187151977672,-0.013199121645462946,0.03152103547444699,0.004528049455966738,0.08037157472878743
V,0.3830433478569006,0.38738465815234896,0.3693388845962478,0.2702277919528179,0.3110801804263386,0.3966048946969939,0.23734783125806286,0.20951745633921526,0.3170732749723376,0.4038586988107399,0.3110789855657312,0.40815486201626705,0.4137568031490961,0.31169427988163995,0.43554383573024036,0.41285933611330183,0.33823307871356695,0.3904610368552923,0.24318251205382055,0.3884557648068612,0.30654727441255303,0.1985089889592807,0.27099485502199133,0.3473564370659221,0.23235574080772237,0.17160142976788706,0.11890501132661073,0.22262537316449518,0.22355565560199833,0.2350166459358783,0.25812397433764217,0.19335054687464032,0.3420357168224323,0.18346065829629876,0.2135782855058267,0.24246084708477236,0.5386010850003803,0.4968423177212885,1.0,0.4435271503789022,0.4364336956006733,0.48247127594027195,0.44305480103249856,0.42545556897475495,0.3834056884707834,0.2116839552855678,0.23116923587451088,0.24602950241101548,0.2950481094163138,0.3938216299323943,0.29207177515770394,0.3191299778282174,0.3469245138301578,0.3466899274220625,0.3285832089404761,0.217875353033834,0.41651948570054254,0.3990369008848046,0.36757765929346525,0.3714479296354786,0.3593275155364686,0.35031472148211695,0.31972428613642295,0.35025227130045844,0.49550267836505274,0.4354554012855636,0.2752575062242919,0.398723150820998,0.3187793126712559,0.3884184231917149,0.38269180434368344,0.3342151563481502,0.49489109919765367,0.11231883994132763,0.31959241606498284,0.2967931134893635,0.47337541893337404,0.28933698078371994,0.26506108745929974,0.42463007726964724,0.1968962909485629,0.301930329763953,0.4254591388393746,0.33036178141495776,0.3920820189338236,0.37555673880248763,0.25889743201362825,0.4220399596470073,0.3420180455415401,0.3234196992480844,0.2176151728075357,0.21874609537387424,0.2289765032135479,0.3051258260821875,0.21944376283911723,0.2646888137356807,0.24631384668790376,0.21082352000821133,0.26804099999182784,0.017624401622207565,0.09384608695773225,0.20188449113397813,0.045548616996815484,0.043460694542902634,0.037751372652586275,0.22940039149015387,0.48560239191946347,0.6434062726540265,0.5621332143042403,0.0019178629121924906,0.004563340074687358,-0.04136848076587496,0.0595753212076593,0.05231227436366082,0.06725093563645533,-0.005587508389242688,0.014099609714886139,0.02501463162415676,-0.008241787821583628,0.031118798865277113,0.021642306523782066,0.03379546063648775,0.037209456984900316,0.015101524164775549,0.0583649908196473,0.04108912296726067,0.04341733319649422,0.03585559283040659,0.001816763504011682,-0.09748906300611104,0.032688937183536416,0.020112113215441735,0.0017401694155639454,0.01396827655802073,0.007049323122431348,0.054611461778477866,-0.05055078339711141,-0.005678224843100079,-0.013200425552088479,0.003113961872302493,0.011557452307720154,0.02316958255607203,0.023884267623941465
FITB,0.29221804452239364,0.2964731106432025,0.29334797480254515,0.16676801179053924,0.18600253554543153,0.41936507352399743,0.24523517216460836,0.337893626198972,0.2690982706813904,0.33384790940502157,0.30524326862008794,0.44699063617512025,0.29560256765681836,0.32125603701277383,0.5086485125181346,0.5024731896724461,0.42379715412971736,0.4783763027260133,0.17410518035139974,0.25113828568581986,0.13358310768127715,0.10892056437942677,0.2725546006698716,0.36116025708375793,0.317232552858413,0.19609979684702172,0.13334193639859182,0.3478355383756541,0.3808057038195529,0.36165694079625116,0.4348834926332987,0.32707537054803454,0.4752454174594713,0.33269601475358956,0.31187515190291565,0.3937738527478228,0.5588429718168204,0.6794698226975056,0.4435271503789022,1.0,0.4005611262959659,0.35130081879157565,0.6515752263566779,0.329242436689392,0.2862299722723833,0.07049793522550991,0.1760314106636265,0.19634509659620514,0.26290416658700877,0.3945478649331658,0.2540061404035373,0.3678285092041801,0.35863817441722995,0.38852442820516087,0.5282978379538475,0.2940233352141794,0.4439155502749392,0.39892577259703865,0.4685391009086141,0.45387715815024887,0.5372555302896611,0.46172937698651234,0.44239085422066854,0.27343270139291076,0.378501492836584,0.2728480156109173,0.2915868198976825,0.29130248846492063,0.3806223041927504,0.3123366128072227,0.41765974670332,0.3032470586301306,0.4065009641343549,0.09977452146687159,0.4467776819959829,0.4604609587232758,0.5127112128799729,0.4575535441301984,0.34531235627966905,0.5014868949032093,0.3580666788153068,0.28476253378136035,0.4380232919779208,0.22907836146556323,0.4258960207925298,0.42591705583308603,0.18881123702026395,0.5301288398038597,0.5964770680551389,0.44394835301318136,0.18857287036971454,0.17176123032871965,0.1642227642597117,0.3131703445933474,0.2997908716328465,0.2099291877457106,0.2439083348064643,0.25696491397289034,0.327240696758046,-0.01426777026949176,0.07951386422871014,0.21804472927683807,0.1225267120058557,-0.04599924694941748,-0.05941369129561741,0.16398017200948878,0.4867117407177,0.5996591475133606,0.46068116651269403,0.010334056958318395,-0.012682073145369519,0.009428606017074593,0.03718918491577342,0.020332604957564702,0.02852544897290009,-0.013846780660590254,-0.0074490775053716995,0.012801458542864607,0.013529278002068254,0.01905355539160675,-0.019579856154190993,0.04866748960242071,0.020599471125330303,-0.0017092785708840235,0.05387864935506578,0.005791432262622371,0.04918012329795477,0.005879889804727658,0.008970531828504196,-0.16159116335613524,-0.007699324198652492,0.014019622535505066,0.02890739000131215,0.03317352082581715,0.036518372929414775,0.05010889127719587,0.004903013493841658,0.008469921619358788,0.012555306351583494,0.03145937983686601,0.02109061007508127,-0.013770823268821486,0.03403433923775365
XYZ,0.4746372709806167,0.4783442843419697,0.4603092208183182,0.202802193074158,0.3863188187482986,0.41865405405206546,0.24124988428288952,0.3167517295798338,0.5146420352536664,0.5353033041553563,0.4673360556267081,0.40358385637824506,0.2835715225827248,0.3780406619719288,0.4942530589094135,0.48923180797712223,0.44413548347972814,0.476610521735737,0.15225556449673788,0.2914589244662469,0.09972864392123486,0.06762480089373157,0.19064987382955212,0.3861679726009368,0.13496869220808075,0.005861921987763534,-0.047179389170520544,0.13475701687185773,0.1843780984118959,0.17416629332901795,0.19900078267399168,0.180548797428659,0.3095481901299872,0.16125096470382116,0.19358833941255188,0.23969224555059446,0.33758565499998117,0.3962092735835315,0.4364336956006733,0.4005611262959659,1.0,0.47323570487847744,0.4888520461661725,0.2835940967256762,0.34347986303835704,0.12846825243818322,0.05777904170361545,0.05933798372844812,0.1932840951710045,0.43187559050916163,0.3616392539509355,0.2670979710491572,0.4243805272526718,0.41017793795966684,0.3148499754635279,0.34223093017554823,0.3742946397742779,0.3443301056349853,0.3987445336854831,0.38781479325873436,0.40229674560819767,0.41675482765499827,0.3506310471526466,0.48869698760080815,0.46341205204438757,0.4626101362523052,0.3092731109621517,0.36714442166788164,0.41678048156841596,0.3759012749283093,0.455516419514073,0.40204635561407376,0.35651554710438355,0.15949267523122568,0.3719447354721612,0.2750057037524082,0.404419005135628,0.2456648237097675,0.3124254871273882,0.3737501850382174,0.23371359641038342,0.23025250246537424,0.3890999337951768,0.3605986969437203,0.3255744435912336,0.32140501948567163,0.24742004081124364,0.39405683317386875,0.38711299263115473,0.35318190557117607,0.21362795864597825,0.24038637513739544,0.06700093128019896,0.24393853210133926,0.26821744275945436,0.11634230530809818,0.11593904591129653,0.10970528951485083,0.3214021665981178,0.07908314222034708,0.17653990192146332,0.21563977255349506,0.057949806310472626,0.08433854475071215,0.10043521217476219,0.2912772521638498,0.5560603390021908,0.6356496713936992,0.6550027124684819,0.06825330139127538,0.058316100621467123,-0.0027279924422552782,0.06901605125420995,0.06682194949265668,0.043112547337243644,0.047084457000104246,0.01787010085310377,0.04443413971075609,0.0059755867332443435,0.027091917772837967,-0.0017701638024950862,0.060081775155399246,0.05424995606495675,0.003981880196153022,0.014326958956587671,0.04512577987095512,0.013844981516939112,0.025960445072456168,0.019282560103704324,-0.02707997024530619,0.05918095492946663,0.03685767057480152,0.03198773192108452,0.0520377510646548,0.05070799970896554,0.057733375486059904,0.024265430043133328,0.021155085632123344,0.006208764483531566,0.00019673119533802121,0.04477943971913786,0.04591037265722853,0.07811546147148846
MSCI,0.4175954519793,0.4209735882789069,0.37273148551780827,0.2534390515230792,0.312064257512732,0.36161633006387006,0.21078769872745337,0.21634394191784495,0.38918236798284467,0.43366232912795966,0.34192077063550347,0.44629098320885574,0.39107086749873055,0.3345394370689506,0.3619622807077895,0.37821866261457965,0.43778215553434335,0.337584143475261,0.25129226003343175,0.42321724345931633,0.23819846689374624,0.12163458858376391,0.23377545478068423,0.34398323300947636,0.1439497994222983,0.0791435573207393,0.04049332638050203,0.1297615173626012,0.18353585512674658,0.15598059750160956,0.14743108524695284,0.1385898437702616,0.3175860026542738,0.13414876854822302,0.1635823639811648,0.2092569331902744,0.3892384230350025,0.3637962935338162,0.48247127594027195,0.35130081879157565,0.47323570487847744,1.0,0.4591801960552765,0.3607009307491289,0.5387515868275835,0.17821783148735323,0.15591147505279238,0.13473531921912724,0.2347889091855193,0.471128358606127,0.3614050676650198,0.25096465057040956,0.4400373180160688,0.39073770750626535,0.2507027034448049,0.12111126969849474,0.3217790262691245,0.3969709514730919,0.4107176053995011,0.38078058903615486,0.36410265718083745,0.34558281853817374,0.3632356932300697,0.427670018662143,0.46977049057687564,0.49789170282055567,0.2848420524509601,0.449996143727451,0.35877996895408926,0.47674481731746915,0.4120473373724238,0.40394191872195157,0.4778112811955325,0.1127989025755815,0.29722266683027776,0.2443073889131513,0.4436599096877384,0.23096752492557093,0.29307425455184744,0.43582237089458076,0.17497784405733358,0.2777423238859752,0.45175394713834677,0.4461503358694789,0.39942448971776257,0.3980129629663789,0.35635363391808356,0.3786160216577076,0.3274150184824637,0.33838486078298635,0.28893190784279243,0.16631774313296693,0.20653299749416942,0.27021888700739627,0.2312849834458682,0.2750803658140423,0.2542246920344959,0.20618156931042675,0.2904898263080481,0.04437008809923673,0.10833766069830794,0.19166683567761342,0.0445548667419146,0.14354447058391773,0.1422999018383703,0.3309708531681243,0.5511666761695069,0.6194752819091052,0.5928243772518207,0.030845977197016625,0.026906831945045406,-0.002377361682316074,0.010353299856749234,0.0017728036167105718,0.014285461305095552,-0.007286700836104869,0.015757860258998276,0.03639813422640493,-0.03554156224106558,0.0017733188929738976,-0.016068848467281023,0.02150213987438169,0.06128359745634436,-0.018608188383316855,-0.007953873378819238,-0.006523268251017152,-0.026117855149299214,0.03690590203632537,-0.014265368901679832,-0.0923526567633738,0.020169853764076744,-0.0012579913237561607,0.023498819341473225,0.03859705794312368,0.027172880215502956,0.049959315331145324,0.06306624477653434,-0.020865291986349573,0.05331874497857586,0.015987790496861866,0.028695672393655704,-0.0046165823218625715,0.03718914679522512
IVZ,0.40273751250776424,0.40705173158142893,0.38430340576429417,0.22417020080323768,0.2948407334371193,0.4019717275907259,0.277882770246381,0.31925635246558154,0.3436986464430138,0.45966112355205263,0.36961342911128836,0.49045146069095125,0.3411327734169142,0.384752929054491,0.5504019421377218,0.5207077637351886,0.4755567624167764,0.511889552949624,0.19987675101259073,0.2774688025173217,0.13914888690478996,0.1140590832416006,0.2546576371046617,0.42239313128637607,0.28894740858404583,0.12205900638357858,0.05809452664226512,0.27751073716949,0.3466268481638469,0.3126209688524009,0.3872930876877667,0.2897076878895147,0.44930342277246627,0.2695257748072306,0.27002455910211626,0.3612010229022715,0.5243464634550069,0.5902823123603358,0.44305480103249856,0.6515752263566779,0.4888520461661725,0.4591801960552765,1.0,0.3012316656233265,0.345063431850517,0.14184065703432114,0.14760417586160596,0.15605224548806904,0.2739563534807821,0.4649096694559089,0.2850481265494112,0.38159561503966205,0.4378054963614232,0.4440160896433861,0.5430754167574809,0.3225587826291013,0.4743047479169569,0.4099328597843349,0.5007012618167844,0.44543585762307736,0.566475651150634,0.4969237932397932,0.48752821682496944,0.4100812226599877,0.4738738503491729,0.4001915247090504,0.3662784883631404,0.30779771062420447,0.4590844075182452,0.354926175936941,0.48639881542500746,0.38969817145001684,0.4388263046967847,0.21719489943166423,0.48269544822757504,0.4760072686584616,0.5612986136091437,0.45022455476753964,0.36784219907223165,0.4974397403791467,0.32855916682678005,0.3198378937379238,0.48243819423370987,0.36014181504583187,0.4501932301586087,0.4413887894498902,0.25574799515224184,0.5275396364641672,0.5479773477646588,0.4329890617378935,0.2553178352756988,0.28748144670998743,0.17336998954165292,0.3324819399626751,0.36413303604644864,0.2421100755461612,0.25757150023955816,0.2543066701517233,0.3915575296356364,0.0929980921181351,0.18138268200840396,0.30434011228085617,0.09502330325395929,0.07460483272507756,0.06851498038528513,0.2974335649591014,0.5914011825695576,0.688175526831086,0.5967729787737748,0.039539969504463,0.010828082590389964,0.018432992021730092,0.05964696520600434,0.0660721692193119,0.05634641936336729,0.06160326552144691,0.055927551310367064,0.052512387757312415,0.0038294332724431173,0.002356271670355794,0.024033590605417182,0.08973311265998153,0.05428318772825854,0.014887609488110734,0.0497819475440364,0.03452622721748801,0.05474441042781746,0.004191716463012308,0.006292110527200593,-0.04210237918134828,0.04904699047154165,0.03141889131815846,0.05503455401727754,0.0795493362171318,0.060057422097868886,0.07009369153030581,0.03976117144363372,0.015961177894570553,0.025722966068170313,0.03145724928585053,0.0697124936097703,0.032295784393458725,0.0877260736123405
JKHY,0.23735033646752607,0.24036276297434214,0.18324288372603062,0.2214379444255743,0.23883159668339324,0.18772484231159756,0.1682552971934808,0.23931762777482862,0.20873620450204966,0.196632573342923,0.1481767007456978,0.3148971589023628,0.33362090655602633,0.29153755084072386,0.2050397462941609,0.29061893468105787,0.30612118524612647,0.19772914172319178,0.18078445793851436,0.27859910652638986,0.30071245094933985,0.2296573548115085,0.21317081630825283,0.25243949586656844,0.2370241200042425,0.24580454559887144,0.2309116496886369,0.18583286737558882,0.19926359882139022,0.15133945886286246,0.1864194792849779,0.1644195590620408,0.24964410720250113,0.1522854581068177,0.1696234500336395,0.162120921967847,0.38136976261217126,0.24741055008171106,0.42545556897475495,0.329242436689392,0.2835940967256762,0.3607009307491289,0.3012316656233265,1.0,0.3954000946942282,0.12693480176711264,0.24693114051443282,0.19970963816924858,0.30959449550207563,0.3254885595349776,0.31322055452185443,0.28930856632702506,0.30494494436813646,0.2522691719246792,0.19497028676614495,-0.08171837656240619,0.19435338933505245,0.31547215945423746,0.25895697358611763,0.2779130325239546,0.30943529756195914,0.2586169998995098,0.30915435601365465,0.11485996381620242,0.297964221630662,0.24492527063457264,0.11008559881569539,0.2888845186144392,0.12263812675312796,0.3587523601170067,0.2730828056655676,0.2234855459664903,0.3217641233785547,0.10858916132827219,0.17865128135354283,0.23575567031206407,0.31354855612657795,0.2346336465341489,0.23680057317551573,0.34267168590972696,0.20695323655286182,0.24824817223536505,0.3327260113958312,0.2336909066070384,0.35473496367359975,0.3675211795205982,0.3133105517556372,0.3526869457453076,0.34017073539238324,0.3391534434887098,0.26839314585195007,0.057355444595854004,0.29999287784087525,0.21100619592100517,0.12088507702834517,0.2850797963489532,0.3022359828656981,0.2667446917755013,0.2014757170545041,0.013357119211151191,0.03935925278849642,0.11141106209965013,0.0619468247931005,0.09722404517013285,0.07437268633801941,0.20524043307753437,0.3540122401385887,0.39624902774832327,0.30886775149806794,0.007162842546480448,-0.008140285074357845,-0.019022123704915697,0.0014859224122960675,0.03725914616450335,0.035735036561659564,0.023528151303497072,0.033320355985476585,0.040981532477713176,0.010446055660078266,0.0024725189310223347,0.016234232160682854,-0.0184713500867226,0.0009759949271725746,0.004039735006885694,-0.0036107799862445966,-0.006888445216298625,-0.014822770987820411,0.05220935804636372,-0.013568786445680419,-0.0992106451458094,0.024466374927377077,-0.0036903657760876227,0.0077193943310594135,-0.037189525127016065,-0.056730958578835866,0.0023493835576620502,-0.012543485048444873,0.052214018856130306,-0.002370864163757984,0.01989865803164315,0.04096871461634317,0.020439514880804567,-0.016106423477841875
FDS,0.25759676616014626,0.25680369942583914,0.21899837716956932,0.20698848976528672,0.21692740199047467,0.27115435357724765,0.11099165327544734,0.1438743183522001,0.27187689440228685,0.2882295163945431,0.24820122819500648,0.3570453775942351,0.30444470255186956,0.24893624023367197,0.21199687875370662,0.26536772623636473,0.34645899987073736,0.19617007692831936,0.2302259269543116,0.35662965911254935,0.26212234931033995,0.2054310036655992,0.23497239199188633,0.2652456745999649,0.17952066812391554,0.15692640325023985,0.1723304706640524,0.09708772052916519,0.1511819465542839,0.13377978668030122,0.1042022221522812,0.10570470101003437,0.23552978520270307,0.11697441899643411,0.13964472102153724,0.14402252900872212,0.3583539631752174,0.26287695306741016,0.3834056884707834,0.2862299722723833,0.34347986303835704,0.5387515868275835,0.345063431850517,0.3954000946942282,1.0,0.163659470250377,0.1989658062204043,0.1539571183936537,0.23731717872151167,0.3561649148626713,0.27365575133610653,0.27793579397066975,0.33072782966739134,0.34819311597831076,0.16029164494421777,0.01535765920799924,0.1687793463199529,0.32285519499671783,0.2931792953963812,0.3468191207872704,0.2770107515459275,0.25961378954251785,0.3142084055177369,0.23664757563095762,0.3407487071059993,0.3772170518976489,0.13077958793814035,0.36033876572922946,0.14724371935978156,0.46715480247227636,0.26286163704849685,0.3152203095722184,0.36698635058870016,0.07998149966626276,0.18071259476795531,0.21259683447814584,0.3406295370976588,0.21168708653980023,0.2453830488103249,0.3430914274667341,0.12473154870242092,0.22838517360785657,0.3507688799121735,0.3414638944758247,0.3979003406096219,0.3825381799202616,0.3091455999996913,0.33708675732529975,0.2762937812135873,0.3022341826177991,0.23820920656786962,0.11603274757688686,0.23105284955479424,0.19486574400314943,0.12152986442480844,0.2688446710213564,0.26059392816260535,0.22358918206500336,0.1811957264984556,0.005415255564800927,0.07040798076657077,0.10705857214432518,0.03744021002276528,0.13164929027531427,0.135857643827369,0.2561877439979399,0.3976974751706462,0.4527912559867166,0.3964464242863726,-0.024816037202084713,-0.03600017438658677,-0.05753965666274231,-0.038522908048045486,-0.009714338530707746,0.01209442594339044,-0.008497766490571435,0.0016341509366178775,-0.002520949138198386,-0.06275417276064339,-0.04603408495644936,0.006278186586901675,-0.05154515950591984,0.0009081466410597714,-0.042675650902202544,-0.0352862672010433,-0.010029379135032861,-0.04773796905595496,0.00829860097637183,-0.034884621654115204,-0.07619565388788635,0.02532618585205721,0.0046557991162586645,-0.02707140570757123,-0.029480310622502275,-0.084603816313198,-0.03194682745894983,-0.005618315688034127,-0.024988687075070036,-0.013750483735955629,0.02609639031063406,0.00890812873762618,-0.006416990373261279,-0.041146221457454744
LLY,0.17021803822881887,0.16809625201617368,0.18081705256308286,0.11095071896508489,0.09185302343144582,0.10068481305635447,0.10919468311294836,0.011499052608345927,0.12496495383305155,0.1600197160710955,0.10478153677495813,0.22565890564215466,0.18551240684049794,0.08093323020238638,0.11270036775151263,0.0972785060950327,0.09778212063558198,0.10458988222911805,0.19626474106512418,0.2540684294063799,0.2549443761354142,0.14443179019508195,0.16915155990011083,0.16178407363511169,0.08754347122408271,0.0993420140002494,0.11228508556156382,0.046063401016910144,0.05592920511392396,0.07294316301607431,0.06572399293390979,0.06590606775586286,0.1378349148413208,0.068704745949763,0.09048581323347651,0.05643126355218759,0.246003564408475,0.16507350697434867,0.2116839552855678,0.07049793522550991,0.12846825243818322,0.17821783148735323,0.14184065703432114,0.12693480176711264,0.163659470250377,1.0,0.2902628851421704,0.29306597787553473,0.22741370345618778,0.24679097183914273,0.1705411457819955,0.14452031012081296,0.2229885387812738,0.21473955145426687,0.13906437313052927,0.14459150359550044,0.20512613027055535,0.18481427665445171,0.15808217714482872,0.17010970359678057,0.13723822234629254,0.168326669710208,0.14676767027790452,0.1850092105221521,0.19845155974325368,0.19135555312508679,0.1507599334085925,0.20366198090538104,0.1477117110120835,0.17626957398676607,0.11427470197381823,0.09449539142906138,0.20163789204303764,0.09396731693318207,0.09903950904109776,0.09631888688184696,0.18471192862166316,0.06949058737431889,0.08983657035778882,0.16235931964238,0.06015086966219163,0.16899881615181409,0.22505242527651104,0.21992819067570207,0.23630284643074903,0.2333459950564425,0.13512808163343573,0.17549044127416935,0.1297343755211842,0.16784988729273193,0.1693320405035407,0.13580767067781216,0.16788559200422704,0.14737987609079758,0.14004196732547866,0.19804319518398808,0.17763031510313146,0.12998893820504484,0.15766512425786863,0.05203282231105321,0.0834003487922443,0.05225296652547727,-0.03526318337547,0.05156856908050288,0.06670967934358421,0.12430917745892327,0.20829980090115827,0.31603825495026366,0.26033345340067127,-0.10533976356454765,-0.09372366004880057,-0.03521029615792645,0.015446827652038515,0.01871837676182103,0.015605178055540863,0.07245649040603447,0.03217859148821197,0.020486387925263947,0.0023681895834603618,0.0058399365334193066,-0.040406007611851,-0.0030571831783353385,0.003262301102994538,0.00961468090246035,0.018044600698961303,-0.007517091182751661,-0.015217867396401127,0.023036946528668875,0.009570843342154817,-0.06316873965400255,0.022605791565618535,0.004057098583774026,0.06875580201487683,-0.0061932857815307305,0.006668998793596144,0.038254739400249316,-0.03004219136690715,-0.006620110961644762,0.061412128655342735,-0.004500665593849518,0.009782001018060963,-0.009257667114821705,0.004275122271346003
JNJ,0.06753002277739778,0.06409505132875296,0.008358130920494377,0.15096922125669407,0.02105714380022151,0.05069730592176632,0.05043122923047361,0.11770110845090265,-0.04997837296113644,0.003638046876298184,-0.023349218975326578,0.2553339380775408,0.2656079073341424,0.1344398222806824,0.039329809654024585,0.03315222114309304,0.17249487139891717,0.018314475887652035,0.2443570891112348,0.21066741006919207,0.44568452636856287,0.38334021077430225,0.1404390039516095,0.11533301116394445,0.25064382228566556,0.33633508205122764,0.30663746928357855,0.11871857944246196,0.1309574082417233,0.08510364169484023,0.05932458463626887,0.0445494068048653,0.138624755016012,0.06522737247686043,0.06502584498176371,0.03519789039672367,0.3645136596919372,0.18598098840923477,0.23116923587451088,0.1760314106636265,0.05777904170361545,0.15591147505279238,0.14760417586160596,0.24693114051443282,0.1989658062204043,0.2902628851421704,1.0,0.435376751253888,0.38170452762930346,0.252083833436968,0.19495059745147547,0.27616148243459504,0.20695216960771534,0.1514549768440417,0.11090738025817748,-0.13721375970931649,0.07990064097885163,0.25789493609321906,0.09268342200728052,0.15737286086677374,0.15553220706824822,0.07516639685058935,0.21428605232501327,-0.09409458578055771,0.15358230141292184,0.05007665874194302,0.0338513029063238,0.23465023779280314,0.0069191931214300315,0.10672685273537776,0.05615122629124905,0.04363295506884224,0.28071409130949143,0.1387292172565446,0.07736826797012042,0.1387807640552815,0.23238942169266688,0.11346738702480687,0.1968070378271746,0.22249858219745103,0.09634539726990152,0.24655314791157962,0.30328601055416216,0.18472363373244904,0.30124027582704316,0.3037373604052522,0.2987479491424483,0.2567331846303203,0.16040230132910557,0.27022497072315727,0.2888247782300352,-0.029943765544375826,0.4401904418701935,0.22062175758556393,0.01051990539316808,0.4251360061313107,0.435900936958009,0.38937852676936824,0.14102001016207857,0.07867488396748636,0.05612171170187984,0.04067960284778961,-0.061534461207436116,0.09418455772204684,0.1306766108367675,0.16454552060246846,0.2002331196561303,0.20384693626033043,0.07505970164929593,-0.04777184518598786,-0.04635435589460443,-0.00017303551711657806,-0.01452844900915413,0.0021817067013443973,-0.025431360425909606,-0.017824143788850187,-0.02695970349347513,-0.017554974550123986,-0.01134924864472658,-0.021764148850121554,-0.054235180580489324,-0.054881410745846744,-0.03141140408333748,-0.02049524078630302,-0.049073567334556006,-0.03313235411315962,-0.023146334197348857,0.013484937646595791,0.022591273077592972,-0.05636746382419267,-0.03886602020944717,-0.018946051345474165,-0.028476229614432743,-0.03511640955850529,-0.06277621598572801,-0.05375239012820171,-0.03974620636568525,-0.0063025480507415445,-0.01774160268008402,-0.02695173774679509,-0.015084306489447554,-0.002147110241451789,-0.053255070624271705
ABBV,0.06729623898979871,0.06803340228815255,0.043457647234481596,0.15076636034287422,0.026489006319693333,0.09362898639434891,0.10921741622016763,0.07308886598870579,0.009428205550255824,0.05369686872851551,0.007338566846005805,0.2091975067155117,0.2425360705078902,0.11584435223755973,0.10962636558755678,0.09581419905437988,0.15343103901580438,0.11166574427563042,0.21323141386410807,0.17886643987961764,0.35245696505895535,0.27961082832190104,0.14962903101313235,0.13488825466311039,0.1694282870902707,0.2439786660758653,0.23544823286902294,0.16584440525350744,0.16436226288615793,0.16354045367948924,0.16714255326026423,0.12835452900729535,0.2168677835898157,0.11338357602458891,0.11129667003975309,0.12042889972385348,0.30971624442927487,0.2093001389534175,0.24602950241101548,0.19634509659620514,0.05933798372844812,0.13473531921912724,0.15605224548806904,0.19970963816924858,0.1539571183936537,0.29306597787553473,0.435376751253888,1.0,0.3100368137433024,0.2687901611709261,0.1581261495041848,0.2553205500461432,0.24747114079851132,0.19847929208432838,0.1721019877556566,0.009920210112620243,0.15702924134489396,0.17106629279729685,0.14058777519636842,0.14292551169556633,0.19546536659150288,0.1061339722359626,0.21494940573319007,0.02176798259772558,0.1467433387279478,0.09819217462078807,0.0995441652792581,0.225757641146157,0.07904370951287548,0.11100617728859455,0.12155738002766867,0.07912962231700943,0.2559019625122124,0.09704387754708829,0.14634059001393893,0.18610362557045432,0.23184954454837362,0.16582155285288452,0.14223501439605638,0.2304884973705424,0.113962630172616,0.217003007440821,0.2572106715767831,0.16066685050040647,0.23605376828509017,0.24402156423638158,0.18176570256736324,0.24200637916233247,0.17272978686636592,0.2180328853285219,0.19592443767617557,0.02410424379385102,0.29141127688746227,0.20286883410311557,0.12843638939444096,0.2890635946645136,0.2690638143117512,0.2624871348981327,0.1596102588782128,0.043497898736587756,0.040557602211605134,0.09248079559079771,0.01810328227126251,0.049667265240327704,0.05889749141756103,0.12172613808276364,0.19784156417222412,0.25704274805808486,0.14434056213990637,-0.03598095565248823,-0.006038208764433594,0.0014968665876513574,-0.006326569827632877,-0.03314048301141957,-0.047849038418536494,-0.05018286996264317,-0.03223207504426704,-0.017763925124946633,-0.05151362773519845,0.01187330131961054,-0.031231670388385098,-0.021108595846291815,-0.046794977959611815,-0.024642119766180214,-0.014105377826035525,0.012075486507175716,-0.00015216339361641824,-0.016183729736777206,0.009372347840097219,-0.010824261899814822,-0.06279548132074463,-0.029094612138805247,-0.07456691785716044,-0.051713690872626276,-0.06307615931521579,-0.018072049370480393,-0.07292640869183528,-0.08322203801237052,-0.07346435493502768,-0.055460995727912125,-0.01817176230377871,0.02234806286516576,-0.06590508338403642
BDX,0.16648000740808822,0.16863565846033604,0.0786310503174966,0.15890722338598265,0.1223650306509655,0.15625662310024577,0.13496110419526244,0.18528004151199703,0.105612573496419,0.15072642161113572,0.10913661138395904,0.29770153336923966,0.27604429662823143,0.22563907795702123,0.1804256454614735,0.2293417252074234,0.26320787573435583,0.16524237392453217,0.15729075999917363,0.18276515482817998,0.3567253648100942,0.29616352608730107,0.1805023060854571,0.24486806612251652,0.21852867171614831,0.32983103086318316,0.24623977954383028,0.14925943517583312,0.1746845620900745,0.13800693172869447,0.1564603258004694,0.11661895566567092,0.2314427266169097,0.14154749510320766,0.15207241382303355,0.12787325885480144,0.34387653097599724,0.2548551078790614,0.2950481094163138,0.26290416658700877,0.1932840951710045,0.2347889091855193,0.2739563534807821,0.30959449550207563,0.23731717872151167,0.22741370345618778,0.38170452762930346,0.3100368137433024,1.0,0.3874304523827723,0.31329558638603455,0.3396036817440849,0.36102659430863204,0.33051661688183487,0.22168673301283612,0.05729380108459464,0.20354872645177424,0.3032825371448211,0.1910812594302978,0.272356572466889,0.35099231263873,0.24625896737333627,0.296300575414418,0.07840768801684725,0.2616560689546926,0.1221380021613573,0.12000220173363473,0.2587833397081989,0.17783634513783234,0.1773348105434347,0.2724937024746452,0.16154880800228472,0.3139774343036413,0.19176876439381177,0.21066397168891662,0.24065840623611032,0.3456815055132613,0.22677358074158022,0.2450311410333821,0.3193304482864788,0.16048421925127723,0.25189699585152936,0.35805919726935975,0.2609351112598142,0.37349541478912573,0.3455065251819732,0.27626508284768986,0.28182662294283806,0.2505861013970744,0.3140647936870078,0.31409702492477637,0.0745285016213746,0.3189778352316412,0.23930849662320275,0.16889343069773954,0.37059233760793403,0.3728810809860657,0.3249141603360748,0.23606232330919533,0.11625860971198504,0.12602134358699277,0.10998772611581174,-0.017485482424117713,0.12838693286077132,0.1383125804762839,0.2337685457124393,0.3195687316198562,0.35821564992726207,0.2460404866902353,-0.05628226477166042,-0.04158313915060891,-0.0058170529071638515,0.016025737352625507,0.002735724099392361,0.0052348068502439385,0.03465173907153362,0.04165574388824745,0.048836380772572956,-0.011171510022231811,0.04280301390832615,-0.03786368261561554,0.03450660985519133,-0.0003903234347395879,0.0071896440121103945,0.047817285389664003,0.038284729778944045,0.05553671773955527,0.04497880620051046,-0.0038337174707964976,-0.04428113210670598,-0.007489632446882635,-0.005271028051901984,0.029056744538334584,0.018595252901233743,-0.009268602002179063,0.019436977438746623,-0.0002589047655667025,-0.0007464059608724864,0.02778739865678089,0.007046433136295643,0.030933985392385312,0.000780008849624968,0.015774965751524726
A,0.3715482705690407,0.3706842226229052,0.33316973543084927,0.20164559688730135,0.259845480435807,0.2925124183251227,0.1883787176334981,0.20733282319388008,0.3214031401911858,0.3983104195983251,0.28188171787399985,0.4597813884388458,0.3656026554601096,0.3284609723813881,0.3469796792370563,0.38356971160801184,0.4758621858975281,0.3370563904223442,0.2061522357988419,0.32238799518057154,0.22844195322489294,0.1734763707766977,0.22931911939597255,0.4064650597653308,0.15952647300800923,0.15707349387829989,0.11055445309071814,0.16794908559047111,0.21636122872588823,0.19741096993018434,0.19678621140170918,0.17280790739167468,0.2756522015780264,0.17753549992708342,0.14950502800663662,0.2370367346388675,0.3601382136523924,0.3656199711171346,0.3938216299323943,0.3945478649331658,0.43187559050916163,0.471128358606127,0.4649096694559089,0.3254885595349776,0.3561649148626713,0.24679097183914273,0.252083833436968,0.2687901611709261,0.3874304523827723,1.0,0.38399388700267345,0.3580094715939866,0.6906437186991203,0.5785538113479884,0.3643079628705929,0.24192023337547855,0.32613450519446385,0.3829881787921113,0.4396824639898787,0.4185432631046832,0.4776013887576227,0.428743983285386,0.4315276531885771,0.3539912226448382,0.422742232983657,0.39357001276787,0.32330118912214995,0.3685371420611101,0.42345603192556847,0.4010119178235693,0.45389195207537103,0.3823142258348033,0.41909742913169307,0.18628155054753268,0.38026226050191747,0.35930055097309005,0.4796826763294828,0.3112976693729685,0.3579085931071584,0.4437179997814741,0.2174978560649366,0.2136393925529723,0.4807709851528264,0.3759618045036987,0.41637928851671435,0.41105428218964507,0.31323934093432604,0.42895092136401153,0.39360819618208864,0.4455784683720652,0.2770121697412222,0.222343704664261,0.18302092482777094,0.24345281780218908,0.28639973876584063,0.21880774555607546,0.2210321094079776,0.19486581025974925,0.3585129029087875,0.08391673870545616,0.16351887246109018,0.22862031832093083,0.021413612514459085,0.12823092859675003,0.12363605949396364,0.3120000476314697,0.5107861227045887,0.6062552727138198,0.5446228630959518,0.026054167563627,0.012173028592869875,-0.0026887914416846644,0.035768123930488845,-0.0037500271246063044,-0.018080546036372876,0.039543800382931,0.03995374373052054,0.020786969905019242,-0.009559388390754382,-0.03161525719163692,-0.05394837195872825,0.031170510059352678,0.043192614177207496,-0.01876135677456901,0.02601908976741565,0.0217132622964944,0.04345659845311688,0.004565455849411806,0.010721389196769357,-0.15755263361506414,-0.025516802710077082,-0.0198194161265612,-0.014067053559651533,0.02265963969728829,0.027797877982850175,0.07059730921865055,0.007391636331556183,-0.03209529632439656,-0.01308396540295253,-0.04166238429059412,0.02398579272940102,-0.012454758124856323,0.03016338685210729
RMD,0.31403386384160253,0.3115630682618601,0.2363979796109577,0.1863908868176979,0.19415073926667029,0.23942906627088517,0.188008355897935,0.13429370184734352,0.25408401106161915,0.24773610771575796,0.18309215789670585,0.3423269336989867,0.28200395584599064,0.25045241618250486,0.23495809813556423,0.26374247288633446,0.29037945784801433,0.2188914754353679,0.19870580940116575,0.3032996950549676,0.21798303218446338,0.16425397673694234,0.19421796326635304,0.2511863406395093,0.16338731251722965,0.1298280140369901,0.1316659630904608,0.1041428651182866,0.15052288435662578,0.11314215658949252,0.1342733158623609,0.12582678919118598,0.2294996527367963,0.10480216226470809,0.12845265957885124,0.14089432555004308,0.2704170877041801,0.24353875014926873,0.29207177515770394,0.2540061404035373,0.3616392539509355,0.3614050676650198,0.2850481265494112,0.31322055452185443,0.27365575133610653,0.1705411457819955,0.19495059745147547,0.1581261495041848,0.31329558638603455,0.38399388700267345,1.0,0.25646601478034925,0.37567844791375227,0.34446443323582787,0.23090600468185074,0.1343898741967586,0.24446800411643954,0.2909963625171708,0.33354565042716927,0.28773666141778215,0.3203930595430441,0.30432256929375184,0.2782228931289212,0.27890592928419095,0.3086576977288153,0.27484291369806874,0.16740331394823715,0.3108658455623036,0.31055056795887204,0.27139560189305967,0.3331919795221738,0.2508487380271787,0.3129468078828183,0.1509134538504513,0.2517390267034732,0.18063272164565447,0.34260082564513467,0.1881875855869259,0.2876530154269681,0.31425341990349204,0.13667700004115313,0.2416464256721745,0.37035457747741424,0.28026575360833467,0.2991390586874602,0.3023839910452581,0.26135057270081724,0.28104027138315063,0.24838628395242732,0.30266354584818916,0.21903902942334041,0.15262462791024634,0.1764570298069462,0.190403013006147,0.1817755485457803,0.21985191228541492,0.20107144932392962,0.18884755939447534,0.23367459186184503,0.12298572301794423,0.1454411073057707,0.16394647739969123,0.022577415436886787,0.13669150217126355,0.1475336813195156,0.27410959999377027,0.38872669916330604,0.44067465258023664,0.40078501309062325,-0.012484500359976957,-0.004998732023834245,-0.002765410632882602,0.01881316947681167,0.005022990965520449,-0.04299388304386771,0.0176747427961305,0.01591299898436173,0.008722392895119177,0.010446440079939378,0.03457306128127268,-0.07864217865227591,0.001707349964243628,-0.03037650611251731,-0.008620847250137146,0.03134287569481078,-0.0024043182065920576,0.0030601312933360774,0.012835780723992803,0.002879260376183074,-0.14099381607398298,-0.024310662131754094,0.011752255582631491,0.0027603604651589187,-0.0032918235714154633,0.02073485586969012,0.05634605202294006,-0.012465184348221678,-0.007760186298687935,0.02005522726817916,-0.0034492650721667938,-0.02641495986610467,0.006248947653511254,0.00391499084909498
HSIC,0.2218292329467131,0.22089748381420676,0.17870111286122622,0.1687959653892227,0.1715518789465098,0.23632049728343504,0.15168513874622608,0.19622121121441335,0.15455677917304422,0.20506813258163245,0.16023491186678648,0.34819999540058444,0.3104401759030959,0.2525848339342425,0.25975606782448724,0.2947982873665957,0.3687357280537544,0.2359176363837056,0.18088550440149953,0.22982488063361442,0.2677728638059098,0.21258763381525927,0.20961230354043814,0.27469335326707484,0.27530601067752797,0.24736669858757565,0.20583926573555597,0.22585205655828505,0.25645915234091865,0.22082267383742238,0.2353095736938157,0.19394788211367478,0.26366098411868416,0.21777393083082955,0.190554045350124,0.24514801597703748,0.37479390817607083,0.3475864061735706,0.3191299778282174,0.3678285092041801,0.2670979710491572,0.25096465057040956,0.38159561503966205,0.28930856632702506,0.27793579397066975,0.14452031012081296,0.27616148243459504,0.2553205500461432,0.3396036817440849,0.3580094715939866,0.25646601478034925,1.0,0.3243103398022943,0.3028527524410694,0.3141165061227773,0.0655474284630859,0.29904664626145755,0.35768328202475075,0.3025459663115683,0.3501402051937732,0.404643841180938,0.32027262320019917,0.37043843590080505,0.1410506410056321,0.2989145556439596,0.19877939392381205,0.18661955352382414,0.2419424546217184,0.2454081131277591,0.3194308893923982,0.3225351059179344,0.1872700693101446,0.3351789871032025,0.13902298525776519,0.2754769048000541,0.32739693354835625,0.4090510804433628,0.3080164452648201,0.3057623221880545,0.3875641193447685,0.21283575710401123,0.2174761279651535,0.3493481447034151,0.2445765009026631,0.34104696478995394,0.3525247124523583,0.2804062708851701,0.37403978638336327,0.34891412354294177,0.3225577866867267,0.22398513071705362,0.0734704655038354,0.2524961488164764,0.2715474215030158,0.1809015875427558,0.25422384248156515,0.2900751506652124,0.277416060290032,0.2558323509909531,0.05723441249817991,0.10317725418475876,0.16147534268533842,0.05797205702754009,0.10097391124662529,0.11289092209937576,0.23355848096191692,0.3678224562314926,0.4180449411591969,0.3103968565287636,-0.039065915765903673,-0.012654439317538046,0.017490822577420743,0.0243295751237558,0.0036185945303197774,0.0005935042875630217,-0.01233922767733787,0.011590693426549888,0.0036070728838097925,0.028473274105606954,-0.0030471534099263506,0.038073816372063606,-0.02078102487654257,0.007742519643022922,-0.04612506489573298,0.0412083784236364,0.0102917869174079,0.0018036355805091772,-0.021198468141702766,0.010542599058799437,-0.00992262231026396,0.0031115920543119003,-0.041952024335255016,0.02978934123195631,0.016716630316889795,-0.029458565100815858,0.001601138595341809,-0.03743800708385844,0.013736043086273086,-0.015101227350597173,-0.029998634172511442,-0.015350505889940668,0.0006407326791865938,-0.004253052334979463
TECH,0.35077622434376327,0.3518974052613619,0.2957723417054213,0.2210238444214545,0.24669992721868816,0.2998474632986624,0.19536730419413476,0.25941902550738377,0.3462299158157479,0.36404083792109315,0.28885175897765974,0.39875774950455756,0.29530574896374423,0.29509328969836746,0.3289131884551922,0.3864357572911155,0.4718189571443205,0.2958276504628696,0.11911525988089422,0.2591283611285816,0.1681790295949617,0.12627006187874865,0.23108182400628352,0.3560690013970978,0.15480622237435593,0.13037403638756678,0.10569573623260141,0.11875258538591035,0.1653037703554247,0.14689128354367414,0.16948067087073856,0.15506702497026703,0.2266745658168602,0.12977885589784424,0.12396247707673123,0.19778795763229023,0.29413021200839595,0.30333362598490266,0.3469245138301578,0.35863817441722995,0.4243805272526718,0.4400373180160688,0.4378054963614232,0.30494494436813646,0.33072782966739134,0.2229885387812738,0.20695216960771534,0.24747114079851132,0.36102659430863204,0.6906437186991203,0.37567844791375227,0.3243103398022943,1.0,0.6267731965412251,0.29855272545589384,0.15311078995409444,0.2688890156350314,0.34851592585500085,0.40274810242357145,0.43152294973013516,0.4523139348527163,0.4184515565294149,0.39292455235142326,0.3138953566908355,0.38072017521607987,0.3558608156682539,0.2483367388209413,0.2825976169707979,0.4068496542419933,0.36941545298759276,0.41095913170018694,0.33298995016661226,0.3453654695463992,0.16537564363912985,0.3443605876997393,0.34386929558852564,0.4513398265394879,0.29138640555799733,0.32977028271836406,0.4011155444320324,0.2212597536623881,0.18408909023232417,0.44985535826692397,0.33204837176557167,0.4164312775139529,0.40106070491252876,0.30613822311780176,0.38387128381425395,0.38499877788569953,0.4603999130355981,0.263031638565912,0.14763634346976548,0.15297441380819118,0.23049346822969127,0.24386658186226365,0.18871112336152704,0.18384280525667315,0.17546770139861922,0.33289696393060736,0.08934390441035381,0.16203029794243967,0.21564240220259503,-0.001626962413812211,0.15319454834136284,0.15087352025246406,0.31674686655278517,0.48078018695247277,0.5330953974459559,0.4918686354062222,0.029946839436474318,0.013809790683019482,0.0004045901856046682,0.027666420296648692,0.012013723532999792,0.024989156195411755,0.02743907354598635,0.029354726368255115,0.037343543337837876,0.008204064994841465,-0.03304115749723471,-0.03787820172895357,0.029923861948172665,0.055315763473593224,-0.012779776955636507,0.0042051409787138595,0.009925449986928144,0.01943836190229817,0.04004460791874332,0.015403427969274266,-0.15199919401995882,-0.014511147462248608,-0.004468687422549423,-0.009207729802665232,0.024245895561441386,0.02221433742314252,0.04059028057478039,0.05736537464060657,-0.052501478568385065,-0.021789926744236566,-0.041159908032297035,0.06161603189028998,0.00513216769875114,0.026063107617468703
CRL,0.3124960624591476,0.3132464793010952,0.29804557224745465,0.17784622110972,0.23112055749113974,0.2794077143832379,0.17612016824508786,0.2086313814110534,0.3155514366980765,0.3469351752898662,0.2994276668606936,0.36700617093630256,0.27824115389585435,0.2844997298320576,0.334040072031673,0.3453646756208986,0.42782526961557743,0.3331199325164882,0.10931363389548583,0.23055481977055114,0.09350462509470765,0.07761345445474754,0.18048757846054078,0.33542904680653324,0.1468463067686693,0.10492620177116331,0.06290888656023694,0.15612031298942838,0.2023891777177528,0.1970294316302969,0.19120714165833191,0.20290766507069333,0.24648319050107062,0.15385786481257221,0.15128158320031,0.23854833890389,0.3014972115875989,0.3379819511964635,0.3466899274220625,0.38852442820516087,0.41017793795966684,0.39073770750626535,0.4440160896433861,0.2522691719246792,0.34819311597831076,0.21473955145426687,0.1514549768440417,0.19847929208432838,0.33051661688183487,0.5785538113479884,0.34446443323582787,0.3028527524410694,0.6267731965412251,1.0,0.33570013531746323,0.1747077498630947,0.30950439939931246,0.34872031216212523,0.3951095739888135,0.42306905794724814,0.442842648963732,0.3903116220172379,0.3932620457626761,0.31264949806946885,0.3210541357806149,0.3231637926344145,0.2500971218452699,0.2647644940674946,0.3735231415561087,0.37202275994184064,0.4080854431807137,0.3619103601070406,0.34447496249457793,0.10650239977203733,0.3098223030689763,0.3210053678905511,0.4212085170928005,0.2977637042690199,0.3011991570934061,0.3863973263775186,0.19651191339928342,0.1955227920177831,0.4277506656907218,0.31882274790439674,0.3752564043566954,0.3684144887373172,0.25715652966153935,0.35980499577049985,0.3710504257936331,0.4297907060228291,0.21402902789745398,0.16463844150205678,0.10696712697794691,0.19090823603522977,0.2246151875608896,0.1499174944762001,0.15296885323550316,0.14252864118375325,0.2884902765757693,0.03044040921062268,0.097648665090903,0.15798110959799655,0.025318132920952904,0.12428798382933362,0.1156734393947463,0.28152573098091893,0.4404279357954186,0.5232058618167131,0.46711840984462005,0.011449188141660212,-0.0020644486636834363,-0.019023755211069984,0.026700833551002594,0.013506130455351687,0.003785546131003957,0.028629437957982312,0.02131574144345799,0.045947294088610396,-0.02028544669697421,-0.0265731096305676,-0.04092221335497605,0.03214390301861526,0.011160135595577735,-0.011361705879259273,-0.005439010931480409,-0.01655438246200091,0.0075540156450718595,0.02941263101607071,0.006331115570415397,0.003289182511834146,-0.03727688096137918,0.026913260407900524,-0.030259457347121346,0.03285240244163073,0.03959367683876876,0.04502559274085486,0.01573791288382872,0.014455386635451341,-0.047350819245112176,-0.028994430474960125,0.028354845416852247,-0.01414645574927435,0.03479273176722043
CAT,0.3005526144346885,0.3009200174551888,0.2478539571438575,0.1609297414912629,0.19988408158195267,0.3221257126739022,0.21398120598578763,0.2323001679805209,0.20816934177030832,0.3030400572709729,0.28468487693416167,0.36508399993384355,0.24929917367757443,0.26092711105501076,0.4246094930043362,0.4191510627227294,0.34895015054646816,0.39446297720392176,0.17554040768628054,0.20562752272337592,0.05734019284957317,0.05124792327162511,0.22523972086279684,0.3412531147009748,0.24366649934333195,0.09177712761201881,0.03742878088830015,0.40781613684811135,0.44110293636402825,0.4223063612785967,0.47346155880970525,0.35619368331622836,0.4110655671499712,0.3133184166785424,0.29051056084809695,0.4184209498182673,0.43800274615892015,0.530525266474298,0.3285832089404761,0.5282978379538475,0.3148499754635279,0.2507027034448049,0.5430754167574809,0.19497028676614495,0.16029164494421777,0.13906437313052927,0.11090738025817748,0.1721019877556566,0.22168673301283612,0.3643079628705929,0.23090600468185074,0.3141165061227773,0.29855272545589384,0.33570013531746323,1.0,0.44720007016047003,0.49375724096513823,0.3998959903671622,0.5063710902480335,0.4094901105247391,0.4954256485155581,0.43420933222514374,0.47426020657666346,0.33636982308722574,0.3318644652301717,0.2606249564122763,0.3774145246188084,0.2611759573998945,0.49885470146436683,0.2571721521080373,0.4087886676748607,0.21726667487665655,0.35934882769433063,0.20966714399045178,0.572416750277224,0.49972534288495357,0.4796199672705526,0.4714715075153455,0.27419806011501224,0.43038502548390595,0.3822234640599793,0.2420176215837954,0.36231625302181897,0.2284459460017591,0.26862491732345356,0.26247760758775096,0.14922517821637657,0.3912257884941042,0.39773803202036967,0.31919956318456827,0.1609821658294894,0.3068376621285531,0.09203310390890426,0.2633909126167232,0.3808196753762,0.15649253125801543,0.16912774115609197,0.1484941980378908,0.3180443346101917,0.13646923078131595,0.24124309502165303,0.3357706164220742,0.19340010739928604,-0.055978114064314057,-0.06085851001189184,0.1337191817329611,0.42544914501631215,0.5780226458969404,0.4687794729243746,0.05415606816861823,0.04308616259342301,0.01676866794026846,0.11105827795617426,0.08778835328578359,0.06798787777476259,0.07816066914219752,0.07512288823587325,0.06592353845209174,0.03618963761677821,0.027015647024308462,-0.014797134243215439,0.08167325170863468,0.04342591510130427,0.079689289749985,0.09473730879711043,0.03341297917622974,0.0734660824065943,-0.0005956753892244384,0.016531761503173776,-0.06047360828039523,0.07581236603436274,0.04316187687245376,0.0687489247986572,0.0913855968206237,0.08466680084210466,0.11411758175576665,0.024921896379401103,0.035679395441477746,0.07639232376774743,0.03475867884916624,0.07850865004570627,0.05130225317267239,0.11823323875268381
GEV,0.3349344391619049,0.3374341065047202,0.36603574147462425,0.07641212836707986,0.19915852218965682,0.29002180734535016,0.26775909035163226,0.0009419939590311839,0.20439829438543178,0.3837652204886609,0.38864192745255083,0.14384062202842346,0.019916719070590023,0.08513388847016518,0.3986510480846416,0.24587632410259042,0.07697978958084883,0.3636399084467278,0.15897656383624295,0.16098408971185724,-0.09832212867552469,-0.06450396401011119,0.18384411222971403,0.16989320835275754,-0.02498562795873322,-0.18526671053025606,-0.22133474050475507,0.06262643757031215,0.1435391085996975,0.19643387721612357,0.14084057878604345,0.127993400332436,0.285587815433276,0.22345326434202942,0.23742031684190124,0.16713750156656568,0.13868571053947784,0.3695113292662642,0.217875353033834,0.2940233352141794,0.34223093017554823,0.12111126969849474,0.3225587826291013,-0.08171837656240619,0.01535765920799924,0.14459150359550044,-0.13721375970931649,0.009920210112620243,0.05729380108459464,0.24192023337547855,0.1343898741967586,0.0655474284630859,0.15311078995409444,0.1747077498630947,0.44720007016047003,1.0,0.48888994789180484,0.1667171824337954,0.3694493420599955,0.15731610384301628,0.2216443257957018,0.1795432988639123,0.13758269218582062,0.5587313234327002,0.2351122571949577,0.3173446633213144,0.5382864755493486,0.2564022246128791,0.4456251808334173,0.11432533564278578,0.2657622191285341,0.10537737216825145,0.14304192296943355,0.20343148645509557,0.4073289752050871,0.1313385042459633,0.1931719446839183,0.10579921899514398,0.06316672969303813,0.0785819770080334,0.16229169824380485,0.12508141622937027,0.16939853517944486,0.2822460623426831,0.14189840038487023,0.13725572383058565,-0.09500247652224189,0.10612649846503702,0.21215747364101764,0.10730664456204073,0.006542094311161339,0.5498223437602147,-0.1194034833368047,0.11184347159023088,0.560026593649759,0.01637211012265709,-0.019212699907587588,-0.01958685612670059,0.1892430760238205,0.09460349796345821,0.1311921579727925,0.2105553247671773,0.04633344630649342,-0.037350617676561976,-0.08001338136602537,0.11233418015145591,0.4203255115019432,0.5648733104493319,0.581407467769597,-0.037382427694030475,-0.057418394322657315,-0.003314212893799358,-0.014539798786006381,-0.01337725474734132,-0.0021411765076024074,-0.026960586196973207,-0.015222854867371814,-0.04268028340966358,-0.009839036154269057,0.02924367395493931,0.0035395227351233353,-0.020752994843122333,-0.07843829872498724,-0.011121371518989051,0.019884051858018028,-0.006298830530787489,-0.014083064826520948,-0.07013917665850246,-0.05284874380082269,0.035658847039213196,0.019998830352261524,0.023104851417762945,-0.013550661221224078,-0.01981332788677792,0.050414046747185456,0.055854572022125334,-0.1068559700859296,-0.07875411774069929,0.0278396557455881,0.042395253424900504,-0.057330446357247086,-0.04398980000103709,-0.008437140620301709
GE,0.34097801188304133,0.33730712969809173,0.34252550379416713,0.18325789612666352,0.23931666501579277,0.39333718274998397,0.2614620359253718,0.20517768126414754,0.27112081020185397,0.3697100896676001,0.2996687727717564,0.3380000787626806,0.3028805013308878,0.2638223865969061,0.48288797366100666,0.3905537358638345,0.2921743422228436,0.4582235599449478,0.20591883205305903,0.2790371960034662,0.12595230693262482,0.10316737513049845,0.2435101441940392,0.28608545534183244,0.17947927007188538,0.04417994460606897,-0.005435196205872552,0.23987269008770792,0.2599200492827174,0.2636032251249388,0.2995530510746428,0.24429797590574134,0.36175945942476645,0.24262898075322464,0.2611473772046732,0.2781850690799986,0.42330370196502515,0.506236578520066,0.41651948570054254,0.4439155502749392,0.3742946397742779,0.3217790262691245,0.4743047479169569,0.19435338933505245,0.1687793463199529,0.20512613027055535,0.07990064097885163,0.15702924134489396,0.20354872645177424,0.32613450519446385,0.24446800411643954,0.29904664626145755,0.2688890156350314,0.30950439939931246,0.49375724096513823,0.48888994789180484,1.0,0.345446107426535,0.43737227711851595,0.34692330821600226,0.3828495512706519,0.3730408837711336,0.3743316933580377,0.406439380501998,0.3774340422760552,0.3245209472240423,0.3593440730425911,0.36277663747680977,0.4222920152209506,0.2665264111197669,0.3582840807362786,0.24373036824570238,0.38693925479820707,0.16624735714243905,0.4124733783002363,0.2819501908106206,0.41465854875542923,0.27762987417987806,0.27742659504386347,0.3604529483486704,0.25546419658884595,0.3153992402151842,0.3303939836872787,0.2653402363772848,0.315614420319785,0.3162648555507378,0.11823530133523522,0.3715292252553134,0.33168959364179956,0.2679760998153921,0.19566425611744587,0.3654725685345136,0.13308655346422557,0.26935313076265804,0.3655336435748205,0.1868339666586425,0.16400882313537676,0.16580365726691867,0.27793237573366397,0.07423279870416259,0.12780477610689936,0.23248326659993876,0.07665144168242183,-0.06892477693152958,-0.05729575865851625,0.1266303506448352,0.43558702566682733,0.6020611954461393,0.5260759934246401,0.0029803333534665975,0.017904700128723736,0.006218656938258751,0.04105259430720404,0.08476628299725432,0.031601232542590764,0.06567875005451618,0.07440344088603727,0.044237924705542546,0.008088275328373244,0.039583422287627255,-0.025432649911834436,0.056573088308627444,0.014959211804704657,0.05718957486119441,0.06663713802214881,0.03276110458882001,0.0294077628271813,0.012793315202126856,0.010685086999496747,0.05336285222671892,0.047318595363290285,0.024558320231659714,0.07750946371379354,0.07048572039014112,0.09871595993029245,0.11304131900587183,-0.03812055697448275,0.021656094941124537,0.08501269721875043,0.025348051344289593,0.029243483215167978,0.006671558562393066,0.0887907072755772
FAST,0.3519644764757559,0.35534856331596754,0.30581255748293285,0.22767816698306195,0.20588744467146078,0.29681156246713564,0.1760675964609009,0.15762605295837256,0.25525873364664614,0.363284869459018,0.23821748820805003,0.5203545896595784,0.3615628640466637,0.3533264292813149,0.31579040739969677,0.3667226607031122,0.4880138845650326,0.29150013052610474,0.29358422019677277,0.3985913226899463,0.30263817884827326,0.24694943452332288,0.3010148854517859,0.2922878055368445,0.2475412552274862,0.22880085373975945,0.15949807649924636,0.17705433050982589,0.20812897380310233,0.16984091672532362,0.19334432583235972,0.14850468980163553,0.3085440307642217,0.18541468291626048,0.1735511976935326,0.18869672008305896,0.46881933768917344,0.4078492273756609,0.3990369008848046,0.39892577259703865,0.3443301056349853,0.3969709514730919,0.4099328597843349,0.31547215945423746,0.32285519499671783,0.18481427665445171,0.25789493609321906,0.17106629279729685,0.3032825371448211,0.3829881787921113,0.2909963625171708,0.35768328202475075,0.34851592585500085,0.34872031216212523,0.3998959903671622,0.1667171824337954,0.345446107426535,1.0,0.48388411322766084,0.5226824235635241,0.44962417528263837,0.42063473002103413,0.5077311207224477,0.3050792388963437,0.43434589864311,0.36391235935757343,0.23870720758730116,0.40552346945545104,0.37539168465120865,0.31494851726906503,0.3838698342521174,0.2366735907377206,0.45637435856021197,0.14156653641825953,0.2779260580686856,0.31026273089130574,0.506074111738776,0.2912210273187216,0.3493227901649229,0.47029522702502813,0.20590763261061382,0.2792005785837195,0.4369212885116045,0.317376121043894,0.41240789269689326,0.410507582582485,0.3206607835257569,0.4037390610953738,0.33571181049659765,0.3636823869310641,0.26863807822069424,0.1697086389127933,0.29082205350906937,0.2659923507104228,0.1948036854967512,0.3211792777475961,0.33487904713404193,0.31193004986109685,0.2363838530157712,0.06889955902762677,0.08838986146847203,0.1443569711327347,0.01605494871806298,0.06422381033546745,0.08555405759044682,0.24574734420353583,0.4551536680973622,0.5671896488747236,0.4940192912423332,0.016189744576346123,-0.008564078654592924,0.03981736091688215,0.04780977522017363,0.037827193730053214,0.06832202836006482,0.019482626118682542,0.012029911329947926,0.045484235823967524,-0.0018836768717276331,-0.03033342715762136,0.04290528002042397,0.027553310458006908,0.011459211395498726,-0.005885093991081873,0.04353459815242546,0.02548591048246645,0.03261590721813867,0.05244009231506238,0.026869876671179644,0.03312628603502265,0.025205904231653635,0.018096118166395798,0.016854260867626366,0.0374185880126867,0.014241542935854855,0.02880348588721942,-0.05219843694865263,0.0475664217640016,-0.020750491978451028,-0.03010281102349438,0.018815158780376286,0.0034797479342792317,0.038777765061561234
CARR,0.3364350975622532,0.3368520628519941,0.34182097242207604,0.19821445517723266,0.20418684640408985,0.36691232030012993,0.2169169894710073,0.21038394633011612,0.30159222957063075,0.3945515474870735,0.28834531263517854,0.5191374063758266,0.3443657310698315,0.3302197807791823,0.4098736976167983,0.43307467020997664,0.4915325825482178,0.38837237235208266,0.21030608953040794,0.3320853677814119,0.2020129680369144,0.1710455119597985,0.2635831833719909,0.35405561758107573,0.23081487662763264,0.11669257991111905,0.07610955719746611,0.1823920775650599,0.22682437585307552,0.2013539578465541,0.2358256499315696,0.17504623598823063,0.3273011412607676,0.20154240172112325,0.19104085897203552,0.25634601273834834,0.4330212185374981,0.43374275999322687,0.36757765929346525,0.4685391009086141,0.3987445336854831,0.4107176053995011,0.5007012618167844,0.25895697358611763,0.2931792953963812,0.15808217714482872,0.09268342200728052,0.14058777519636842,0.1910812594302978,0.4396824639898787,0.33354565042716927,0.3025459663115683,0.40274810242357145,0.3951095739888135,0.5063710902480335,0.3694493420599955,0.43737227711851595,0.48388411322766084,1.0,0.510451477677209,0.592981137848566,0.555161739079259,0.5698999717229167,0.3980603973081772,0.41735040614825664,0.36528461731168704,0.34805016290422075,0.36331353716768355,0.48277155666092625,0.34735949110817765,0.43995680345407046,0.2991471063611172,0.43795640715816364,0.19621550608913169,0.3994334313605633,0.39573579182753543,0.554350699870798,0.3612033168650282,0.3490035969026566,0.51174133683891,0.23105045411865519,0.27815953570216223,0.46801732863235335,0.3423806848032286,0.39504982763259555,0.3871737956542016,0.2571823710650749,0.4634826281239045,0.4124412163456161,0.39770719467339355,0.2628815115144455,0.2697014574378709,0.17065782308020006,0.2579288125897381,0.3219725828019893,0.21588018596572725,0.23512157388999513,0.20190763556807095,0.35252707785127296,0.08226469667399151,0.1446785676663672,0.24204308582871828,0.03487673582749023,0.09828626804975078,0.10319360367222112,0.2899040948621573,0.5083336066823056,0.6187813412009404,0.5484462743891707,0.05862770516454967,0.053660776380968736,0.04372908590569928,0.05895728750118532,0.0748377619590356,0.06790388042167551,0.0808219302654278,0.054945549495458476,0.05808052096513583,0.01701081380213358,0.0067503518990468326,0.02570460680007767,0.05866942330159353,0.008714070684222575,0.016775849828081144,0.09427237722494232,0.02679828422587222,0.07102558488551837,-0.010263379235082845,0.04114526608351384,-0.09068378138283333,0.04203256738489032,0.01264723889606286,0.04903210877098028,0.0639929867841926,0.03686100383812955,0.03727552464560006,-0.036175251291468154,0.03609608900649734,0.03955281132549311,-0.03300390367484552,0.050704457361381856,0.06411478080385173,0.0809769345319292
ODFL,0.33029738902273587,0.3304883736989673,0.34210777720963126,0.14631218994383394,0.1980075643720145,0.3141197809658071,0.22273173155327453,0.21338214460808125,0.29326198473964066,0.40392407087662763,0.2843933928404616,0.5135810961177959,0.2887797893461127,0.3054187810651204,0.35073283407439293,0.42870528348244846,0.5022530151773461,0.3435484833460695,0.2333425838453654,0.38891594678627955,0.21411262452429652,0.17467443931930332,0.24720125472046595,0.36746675034386167,0.2597308487902968,0.1444471258135088,0.13067692962173869,0.17915133270123068,0.22940790576233105,0.2210125135038729,0.27288553710131414,0.20611815907186418,0.28771355945732974,0.1970329271989789,0.14434967842641833,0.26890793094796106,0.40053396910850514,0.39256350386617067,0.3714479296354786,0.45387715815024887,0.38781479325873436,0.38078058903615486,0.44543585762307736,0.2779130325239546,0.3468191207872704,0.17010970359678057,0.15737286086677374,0.14292551169556633,0.272356572466889,0.4185432631046832,0.28773666141778215,0.3501402051937732,0.43152294973013516,0.42306905794724814,0.4094901105247391,0.15731610384301628,0.34692330821600226,0.5226824235635241,0.510451477677209,1.0,0.503139350471274,0.5096238369462754,0.4955028668340755,0.3459814956285151,0.42872424218257504,0.3323767854115303,0.2577376126787485,0.3410966709047944,0.38985844062335,0.34633032276710357,0.41999032674780773,0.3007337602194833,0.40093446939708327,0.10639402643758417,0.3436887851282057,0.3620131353177374,0.5014889312019664,0.3466461550537522,0.2945141064164779,0.4578582891808942,0.20236862435920402,0.2057817813299873,0.45295925573382007,0.30904007370026754,0.34950585410738527,0.34492264485995017,0.21941777052261427,0.4190278252868104,0.3713553760297033,0.3646770760091313,0.187280901675791,0.18211065199588503,0.1290923762000452,0.22453963630782667,0.2148017773090277,0.18453251488014832,0.17778993487912526,0.19292432181150543,0.2494098801738679,0.04499934423159309,0.11090298639818086,0.19930007367408395,0.02297929910403367,0.040158654402444184,0.06436342461042872,0.22543181812654436,0.4680544286140437,0.570789378940334,0.5128191030998757,0.0204969127567518,-0.012413150938680574,-0.007792880984574129,0.030424136265433693,0.04620157365486668,0.043800502087590516,0.03833779592655915,0.024464696719839873,0.0306871289735099,0.0061638066931562485,-0.01720250418158684,-0.011576093365308052,0.018751125366987625,0.0036181115710681045,-0.020596799492159767,0.025731420860492012,0.004234942242852545,0.011533238227700514,0.02103361563189538,0.0019501370503242825,-0.04883634935599235,0.015332092853402758,0.01033551334383057,0.01681189666113744,0.02724088864367646,0.014163844739922115,0.011736914658602597,-0.03311375521132574,0.014127531421755095,-0.017841180473603127,-0.054937233242039904,0.013929595017732903,0.020447439444276343,0.023036609510875872
SWK,0.3332264960614423,0.3377017219893604,0.35124085220415924,0.17049299932274406,0.21343565747203813,0.31498383081131526,0.21810841050135285,0.2959821091261134,0.31270130083778663,0.36872986686910497,0.2701167722418,0.6106175678368194,0.30817956256448464,0.36164108635526604,0.43022177522310223,0.46099204242826003,0.5940424374145689,0.413219290244205,0.2016486269822573,0.25590420535834363,0.19705096523644863,0.2072358834707593,0.2201979262624811,0.398337792702574,0.2814966766470281,0.21441888450764493,0.17636570221569048,0.19752986907522513,0.2289344996597292,0.22417421216747854,0.2970077934348352,0.22420615946772957,0.3343371484695875,0.22703973691341997,0.17422182390879015,0.30428426277340204,0.42357749502116776,0.4272366488192152,0.3593275155364686,0.5372555302896611,0.40229674560819767,0.36410265718083745,0.566475651150634,0.30943529756195914,0.2770107515459275,0.13723822234629254,0.15553220706824822,0.19546536659150288,0.35099231263873,0.4776013887576227,0.3203930595430441,0.404643841180938,0.4523139348527163,0.442842648963732,0.4954256485155581,0.2216443257957018,0.3828495512706519,0.44962417528263837,0.592981137848566,0.503139350471274,1.0,0.5910652607427653,0.604190627958497,0.2702036810104313,0.44258577977403335,0.29796280824141347,0.3211328996349155,0.2856829341638899,0.42438021091897576,0.2934747975737599,0.49650448172023215,0.30633791557955603,0.38478264530150336,0.1635888916592182,0.3990030918262392,0.514682712654338,0.619675819806193,0.45291971982030765,0.40531149320416876,0.5507936195358614,0.29090015961028703,0.24617284925685085,0.49721631060000887,0.28675519371165836,0.42057397214778813,0.4241422527034354,0.25196861666248804,0.5277716371089343,0.5338015600475224,0.4705524384156645,0.26326818428635895,0.15341142150265577,0.15640513509287485,0.2774033227279779,0.30342021773681394,0.22405428636996094,0.2472815139932992,0.2342776824881157,0.36707907485191793,0.06207045763951889,0.12789837599431203,0.24198023079037287,0.04528877344989266,0.11418455523108063,0.1096467150720773,0.30499814157621097,0.5107397165935621,0.5841265298905711,0.49252911191078147,0.029377196168046394,0.010630275521317916,0.04550867337977997,0.026039694540323736,0.03847220390766434,0.02924126773033278,0.04091329181824945,0.03267322539789859,0.032741180606092365,-0.01657581263177427,-0.01992100391267629,0.0009512207079352201,0.08305624022060637,0.03292418992448833,0.014469581440726789,0.08581139096791567,-0.00815095749228748,0.05180432898870957,0.005546586311288213,0.031070543158274677,-0.15440730549363696,0.009355065373525361,0.012116699234537525,0.030471998938357125,0.06573213066236885,0.05567907279155733,0.07192964048635858,0.007491816574089279,-0.013817610514653704,-0.0019751237517243725,-0.008891729729367862,0.07085833435820169,0.064975364445846,0.07542468278471456
BLDR,0.3059815221816349,0.3109943544967428,0.3337037534564712,0.13739247813822733,0.18312215270627036,0.3647175710367258,0.2031648024663556,0.24381681110144998,0.32485562808027113,0.3984122165621718,0.31730262505691714,0.6234969720311747,0.3177111463238117,0.31994453157523506,0.4336875053793795,0.4799720747762479,0.6113098363125195,0.41044456846251026,0.17051298666190626,0.3042968011135925,0.15984425521530934,0.15046300103125218,0.2655938032668148,0.31960176526198386,0.28637833343957103,0.15371076347069068,0.13684467961023322,0.18573517029974101,0.2197966787684051,0.20610691495712072,0.27000766077865523,0.22351296234348408,0.2828692741641258,0.1977875090159019,0.13852933318107769,0.2645769659407884,0.37763706189661805,0.3398902426647252,0.35031472148211695,0.46172937698651234,0.41675482765499827,0.34558281853817374,0.4969237932397932,0.2586169998995098,0.25961378954251785,0.168326669710208,0.07516639685058935,0.1061339722359626,0.24625896737333627,0.428743983285386,0.30432256929375184,0.32027262320019917,0.4184515565294149,0.3903116220172379,0.43420933222514374,0.1795432988639123,0.3730408837711336,0.42063473002103413,0.555161739079259,0.5096238369462754,0.5910652607427653,1.0,0.5301101589181008,0.34309085978276915,0.3934538234055996,0.3098216943271915,0.2716435585829365,0.2756794949054908,0.3853523013029555,0.31595719874287337,0.4081905378042631,0.29358535399301233,0.35468557092140135,0.11718496389860779,0.3492656831654745,0.3855677510218659,0.5201230131446126,0.35500058170676907,0.31973287843950504,0.4834767099958412,0.2589213919282002,0.2308884342086729,0.4423343632511506,0.2799341703465275,0.356422003345197,0.345958380752398,0.23650937231934827,0.4601415671112118,0.4540743681554306,0.43191798193344644,0.2316542103894002,0.17433738410674754,0.11410290482582285,0.24969350773002544,0.25712191365558895,0.1493675595108518,0.18132187673185066,0.15355055596515832,0.34833723004930134,0.08327525436144273,0.12282049077601818,0.196257004883743,0.019147244505167246,0.2029833763899732,0.2200956761929084,0.37553554611014006,0.5347939931679779,0.5493080239505691,0.4915228667800035,0.013601975811879137,-0.009233461176184371,0.012767446314389082,0.030731483722076354,0.014357354909362878,0.017707896328547558,0.046086728363650686,0.03081416135528305,0.02601099056662582,-0.00707562693331191,0.01471137570012391,0.035476207833561584,0.048347410514080556,0.012861816743973886,0.007774838825176171,0.04237574820729228,0.012722825848683192,0.04436027922781345,-0.025550358575320644,-0.0010011725650333919,-0.13470774462798116,0.007836988084243716,0.020139113429055652,0.053280567044545805,0.009041086042822772,0.005441586608483122,0.04319229914421825,0.0003596913848987801,0.029752202789636303,0.021271983000625865,-0.02913782430911405,0.031897453565098266,0.013806804379094727,0.028998607650386497
AOS,0.28762171849632306,0.28739081193041327,0.2640508980281586,0.1944813157366368,0.1961176580424989,0.31037013035715355,0.18484279489920172,0.24070636640221105,0.23670020028251607,0.3042036992931082,0.21143410780734978,0.5493161410155792,0.3818767264591134,0.3359460227256144,0.337792089253706,0.4030188271168702,0.5441241732247161,0.31592679270010915,0.21072137212775502,0.30630491891258116,0.2808565618448912,0.30335318981440623,0.27461036813912487,0.37579994565188685,0.31347348482966764,0.25097187028047035,0.19940175433023546,0.19543972770248608,0.2083601156244623,0.18238215176243022,0.22569545969910654,0.16985922601285416,0.28784535114967774,0.18360232467094179,0.16726108364165224,0.21887767793694735,0.4503421992672596,0.4008669914526622,0.31972428613642295,0.44239085422066854,0.3506310471526466,0.3632356932300697,0.48752821682496944,0.30915435601365465,0.3142084055177369,0.14676767027790452,0.21428605232501327,0.21494940573319007,0.296300575414418,0.4315276531885771,0.2782228931289212,0.37043843590080505,0.39292455235142326,0.3932620457626761,0.47426020657666346,0.13758269218582062,0.3743316933580377,0.5077311207224477,0.5698999717229167,0.4955028668340755,0.604190627958497,0.5301101589181008,1.0,0.25323258510865,0.36923576845555767,0.2909787930105055,0.23672039755728186,0.3546996587773546,0.37413021659719997,0.3296426153138733,0.40540933268293994,0.2663971088736359,0.44670793261289166,0.11852523932674586,0.3470282015638725,0.3977115544912288,0.58624428084876,0.361741026424846,0.41008253183937976,0.5783361081397754,0.23395181222814282,0.27710273336917957,0.44610450272449387,0.31670882808379586,0.4051489860348272,0.39838715062095037,0.32918551748905184,0.47185751604958465,0.39489386324892306,0.4123842884204084,0.2819611089342807,0.14768557954201694,0.23643976195814562,0.24666634033592,0.23035149334052554,0.27617635881404684,0.30515721910951327,0.26327010391294453,0.3132166505880152,0.059564667501232085,0.10255303963997088,0.18817960232791314,0.010304062471756286,0.110633403808704,0.13810612711025455,0.2898846558368389,0.48343621911885004,0.5322543230788715,0.4364928731411612,0.0006225418234283176,0.022221609519289982,0.03027638492389593,0.03779028153346458,0.03414177804783133,-0.004609655479938555,0.027192262179017105,0.01093419417138826,0.002538815439733252,-0.018079965054202292,0.027856531130769482,0.004726098088892011,0.03552358248886935,0.01117752815371113,-0.03026140780656228,0.026480932414000326,0.030053092278552945,0.03532703529069305,-0.023909597187196194,0.009994523175345873,-0.06042100883231865,0.01078180908333069,0.02287479916617727,0.057908916669449154,0.02370372904758154,0.020710387855346152,0.03843342967347516,0.019773310758909306,0.040772659369569426,0.005939553713636421,-0.020897533066104618,0.04367761064628963,0.033363441809354466,0.04284265264370997
NVDA,0.5240737213543671,0.5253298469340439,0.49567691181248263,0.21466556156295696,0.3247625657915464,0.37965575037226135,0.2088232516536923,0.1421824141800926,0.4186188379897151,0.5453126389062904,0.4651798057457342,0.3067608027114907,0.23321113228124754,0.2765982168639811,0.42165556931572645,0.38131362475283,0.29641477244323683,0.39655262181478973,0.11158173713127403,0.35052883184442657,-5.476971256236148e-05,-0.05758087091751005,0.18835586713217484,0.30178581537944205,0.0323228356200613,-0.13431935502744421,-0.14606063303419078,0.07736124721479737,0.14037884945480408,0.14608986993836245,0.1543157601592652,0.1561113652455791,0.26561222516454563,0.14487179569899414,0.17568116727002744,0.19967606380474823,0.23893528196174962,0.3311530438764575,0.35025227130045844,0.27343270139291076,0.48869698760080815,0.427670018662143,0.4100812226599877,0.11485996381620242,0.23664757563095762,0.1850092105221521,-0.09409458578055771,0.02176798259772558,0.07840768801684725,0.3539912226448382,0.27890592928419095,0.1410506410056321,0.3138953566908355,0.31264949806946885,0.33636982308722574,0.5587313234327002,0.406439380501998,0.3050792388963437,0.3980603973081772,0.3459814956285151,0.2702036810104313,0.34309085978276915,0.25323258510865,1.0,0.5066847074853637,0.6088860845443437,0.4380294003552417,0.36539325241918763,0.5923893134801734,0.3368377299164153,0.510028507711024,0.324582939363658,0.3487721349595811,0.08243662991421555,0.3785518880392855,0.1998417570280877,0.3236593763733449,0.18207281939287306,0.18059749825960386,0.28309669130887255,0.18699796493518292,0.15050024962024194,0.28025974215106686,0.34074127860573833,0.20533266857893798,0.21028939273416344,0.12497289474829346,0.2210407820379336,0.22079392000164047,0.19134773916959716,0.11760610318252869,0.3810067622168449,-0.05835003545983014,0.14219965847776017,0.3434752875302078,-0.006993717044840022,-0.027493490514612896,-0.025486740557984694,0.2383880653064826,0.06189953563159366,0.15086723246303452,0.2448455091264836,0.061225753301883686,0.028869006647697877,0.01482409873781261,0.22426363249240375,0.5052737670311025,0.7037379099221236,0.7926492714552319,0.05578445106302071,0.0367843378684754,-0.022521712145138473,0.03669728556367443,0.036982144958451826,0.020668793572771314,0.05136151090290447,0.05527443846127434,0.044308568590371994,0.004196023899144503,0.03377689745187054,-0.0098797240108285,0.03776713879735708,0.03783946786176394,0.02528740247906425,0.04495092272954315,0.009854302760285712,0.01617168039684671,-0.011812554479943617,-0.041715848950734505,0.023395814312781187,0.07797614373743428,0.02221654317949931,0.014529339445936398,0.0754608316044888,0.13786413671363365,0.122014067162815,0.01859227714444562,-0.001589630532037543,0.025783481589552893,-0.0046371626989730715,0.04283768929641185,-0.0011769412272877834,0.09569894074867694
AAPL,0.5705831701227626,0.5725732831114922,0.47415543987637093,0.23989355829936032,0.318045425316013,0.3804837126616238,0.23023423898581596,0.2306974558184684,0.38978544393542686,0.5420766901526278,0.48178124501417297,0.4399612218757922,0.3535058709948668,0.34307307527055436,0.4317344008048878,0.4339975864683173,0.4040224651383011,0.39992506911128045,0.2750346818492884,0.4484233340258679,0.25058140787802996,0.1484892899906684,0.21765503367963762,0.3976503548366227,0.19061775703251263,0.12159536876326996,0.11197057317859613,0.18973885036366872,0.2324093649185007,0.2161329818310546,0.23705496807165072,0.21636282274551263,0.32155559799947553,0.18343963840915145,0.17963690030602536,0.26347993364815503,0.44928701582639075,0.3771234503490898,0.49550267836505274,0.378501492836584,0.46341205204438757,0.46977049057687564,0.4738738503491729,0.297964221630662,0.3407487071059993,0.19845155974325368,0.15358230141292184,0.1467433387279478,0.2616560689546926,0.422742232983657,0.3086576977288153,0.2989145556439596,0.38072017521607987,0.3210541357806149,0.3318644652301717,0.2351122571949577,0.3774340422760552,0.43434589864311,0.41735040614825664,0.42872424218257504,0.44258577977403335,0.3934538234055996,0.36923576845555767,0.5066847074853637,1.0,0.5939316944726671,0.3364744660695179,0.41995353819250714,0.4945531317106079,0.33939990882639265,0.5974706177092971,0.33190211054047924,0.42518784852502584,0.1040088730221958,0.3531757316840775,0.3221204237158057,0.45903403195406645,0.29052888090602447,0.2970797261479285,0.4057538283008657,0.2025132385147884,0.2640552747090984,0.45201242445008016,0.3422960284124323,0.3867724929308884,0.3913701615142342,0.23810344987692886,0.3993266439748524,0.35287890226539625,0.33459219295574416,0.255731441866934,0.2314158514121948,0.15591070271110283,0.2489811516146254,0.27058671706590803,0.17053348340750496,0.1923202228667297,0.1608438472986799,0.2812294016342625,0.043379346476085275,0.13886417190818995,0.228655265815087,0.05628257388167699,0.06417597920204511,0.06114516939235083,0.28443696308229316,0.5660991647859607,0.7561502167659618,0.762453723512308,0.04799243498712343,0.026027059576097265,-0.02071489534171988,0.0035563133260097662,0.006135141236185931,-0.0013534119824392262,0.01933853119999099,0.0329048500562794,0.035750956766068216,-0.02597727952218448,0.00665770869454442,0.0681728316165859,0.024356653070670236,0.043530351591760476,0.01792888588663757,0.015167995825859983,-0.023087439617315623,-0.0021871249129507965,0.003556223349168098,-0.01898838136241237,-0.0007827114424041935,0.02918463807220886,0.018060577382951644,-0.0008138738299516233,0.04234785243504027,0.01733456170286282,0.014887359086261553,0.02333077447663024,-0.0032279857424036542,0.008215651585905327,0.03416738994331489,0.04581644257194384,-0.004345528761775015,0.04017706551853837
MSFT,0.6083299026694448,0.6097579084357702,0.5567270524752026,0.2487339610842841,0.35683294426941004,0.3885119325694251,0.17360839739076797,0.14660725063931332,0.4213198303439955,0.6292027851057539,0.4135793345431449,0.3742506309160096,0.27411840574827684,0.36962640592494944,0.3387198530731131,0.36375864229517746,0.34270102530334634,0.3121956326713438,0.20998723247249945,0.43260089637976623,0.15701161953119486,0.05860438160418103,0.2344785571895157,0.32802571913293527,0.09547376211777794,-0.0014662429601629207,-0.009341430345175303,0.059919068798383074,0.1274626605009907,0.12267472879553387,0.13081792938598225,0.13837358201709357,0.24589641734210096,0.1143780880078747,0.14967974129836184,0.16718025609878792,0.3445469344709458,0.32325265766510636,0.4354554012855636,0.2728480156109173,0.4626101362523052,0.49789170282055567,0.4001915247090504,0.24492527063457264,0.3772170518976489,0.19135555312508679,0.05007665874194302,0.09819217462078807,0.1221380021613573,0.39357001276787,0.27484291369806874,0.19877939392381205,0.3558608156682539,0.3231637926344145,0.2606249564122763,0.3173446633213144,0.3245209472240423,0.36391235935757343,0.36528461731168704,0.3323767854115303,0.29796280824141347,0.3098216943271915,0.2909787930105055,0.6088860845443437,0.5939316944726671,1.0,0.3631002806168395,0.43187898539403097,0.439928856579022,0.4296276194531825,0.453042565006903,0.35718592899015017,0.407175134402815,0.12464362972835298,0.30257749497068803,0.21342821811292276,0.35477090206754686,0.17947342641214686,0.2556651177933079,0.3556694366304039,0.15681725876241753,0.22433833777020049,0.3412710490004112,0.3599707383892854,0.30539315908888137,0.31562820857921753,0.20671100367064094,0.29346872818868197,0.2642014003057369,0.28071397261801245,0.20275060420114346,0.29824136817220137,0.0975464288849027,0.2202460181105843,0.2863383621530272,0.13402706437214276,0.12973336648988565,0.10952331733705131,0.26090348049617323,0.056866967091714626,0.16569079620243074,0.19063480846991704,0.03932326893447205,0.036713449064593694,0.04764215527124335,0.2560873787889754,0.5316154502076407,0.7383123597173679,0.7912899359466207,0.052374126938583544,0.03684965340099084,-0.0032905093631858916,0.022041282549118732,0.014963079574168313,0.026314544551471065,0.003211173618037476,0.02697360726447045,0.01694395087570284,0.007726812451502157,0.014332165215647195,0.040237567275721656,0.011054014269381898,0.02494006219558187,0.013104461445230453,0.028637458969839436,0.007155332060264412,0.015008874182473642,0.019567247201070406,-0.0293094958813688,-0.0062978567221790085,0.07656294487467931,0.045847386786834726,0.02057727896075359,0.0378789801680913,0.07419867060065989,0.0902373967296725,0.03175766881684881,0.024448095724141923,0.037900861871968054,0.029260607373821065,0.044147946041074,-0.00672936494514317,0.06358556525609314
CIEN,0.344051918456559,0.3440671558312518,0.3017564628145806,0.1627979479257702,0.21713061715984375,0.2851489252830944,0.16296470807550176,0.13296817662038163,0.23087902507348296,0.37649938199291766,0.2956300701412188,0.2787588067756109,0.1682746863612165,0.22405997374688544,0.35989518509340623,0.2754632300119848,0.2512981241285924,0.33392192917892005,0.18389352132943582,0.22478553348395947,0.048591208599229684,0.03952450761801742,0.21945161792324527,0.23459498933976994,0.07610091445938622,-0.014378304979127687,-0.047680590962482665,0.08580711441590028,0.11142784681758018,0.1268635112691175,0.16461613739609524,0.13386227887122504,0.23002421897910733,0.15279608939062783,0.1474008835665763,0.18882719165458373,0.20008024502591892,0.3353837379073064,0.2752575062242919,0.2915868198976825,0.3092731109621517,0.2848420524509601,0.3662784883631404,0.11008559881569539,0.13077958793814035,0.1507599334085925,0.0338513029063238,0.0995441652792581,0.12000220173363473,0.32330118912214995,0.16740331394823715,0.18661955352382414,0.2483367388209413,0.2500971218452699,0.3774145246188084,0.5382864755493486,0.3593440730425911,0.23870720758730116,0.34805016290422075,0.2577376126787485,0.3211328996349155,0.2716435585829365,0.23672039755728186,0.4380294003552417,0.3364744660695179,0.3631002806168395,1.0,0.31746244256299067,0.48608551359038205,0.17178231466152724,0.3656219505992885,0.22758171870618182,0.26010610389247246,0.18419448500814353,0.3459365929826548,0.22504969672161446,0.3172894452972067,0.1789485441694409,0.1984229549718187,0.21137687599001512,0.15069878803768044,0.17083764311056127,0.3046992717298659,0.3109086657894272,0.22149918757445294,0.22176254167388476,0.1314455156563357,0.2777660960619085,0.27658595008491793,0.2346269703413739,0.12249991795986731,0.3636024511059959,0.017810397586586233,0.17584265938557708,0.3931876837942545,0.12852244308113164,0.11145657446064684,0.06989617733686357,0.24709554283833943,0.09590677149603835,0.18709194253766775,0.17931312747996464,0.016915850227178817,0.018995827393396853,0.017274834831985178,0.1763470466339013,0.3829727879003848,0.5312066809479795,0.5304001871387924,0.02182056874114795,-0.026827956028553302,0.012840500201011452,0.06452516651091472,0.05825113250853068,0.052686072720550634,0.057015017927409976,0.04189179445068803,-0.004788158007955256,0.002634672694747539,0.04625580232909513,0.03635264922718958,0.04075830403291329,0.013400462783037232,0.021097594890916074,0.05699086221629817,0.01986898810737805,0.04127319433237892,-0.035718994014806285,-0.01523018021504473,-0.11123080773479511,0.049190110435583335,0.007073586879132781,0.034942917956173644,0.06634441014795399,0.08206136300266027,0.07612580876559645,-0.006684822317042032,0.007224796843180932,0.04006865142701146,-0.010619935871936732,0.0027592922528540996,-0.010823348555847752,0.07164245511400108
MSI,0.3405779109098868,0.34203246167268114,0.2734012115935863,0.24414756215607267,0.217880577644578,0.31108424315877203,0.2034700882494732,0.0931183434951994,0.24904814307752665,0.3226872478831136,0.22874701587888557,0.40682144120672487,0.4150018446558552,0.31744605520742475,0.27802299836934957,0.31818375331580295,0.3009801336790174,0.2623961129581037,0.3054067306469025,0.4492970131834873,0.35062440006421947,0.24098732974672046,0.32686724655539906,0.2847689561774938,0.22053949630475686,0.20716371784636628,0.1394919676452878,0.17495525304619383,0.1926373848855653,0.20172808155781397,0.15240383587330886,0.16917802217650751,0.3431089134768258,0.16114521078760352,0.17467032185956083,0.20476625339278573,0.4220046831538437,0.34615345853715296,0.398723150820998,0.29130248846492063,0.36714442166788164,0.449996143727451,0.30779771062420447,0.2888845186144392,0.36033876572922946,0.20366198090538104,0.23465023779280314,0.225757641146157,0.2587833397081989,0.3685371420611101,0.3108658455623036,0.2419424546217184,0.2825976169707979,0.2647644940674946,0.2611759573998945,0.2564022246128791,0.36277663747680977,0.40552346945545104,0.36331353716768355,0.3410966709047944,0.2856829341638899,0.2756794949054908,0.3546996587773546,0.36539325241918763,0.41995353819250714,0.43187898539403097,0.31746244256299067,1.0,0.3255588906074504,0.37787462589547016,0.3490582805298328,0.2577450379293435,0.47643675869618257,0.15245782456117968,0.29444067527356244,0.19042711092784717,0.3840625141177038,0.20010405332592576,0.27665730240077263,0.3816449528416698,0.18781533157235264,0.3229987140186913,0.389814854599215,0.4196089484558805,0.38472820162698235,0.3937839521165859,0.3302122429483601,0.3825067650106311,0.2505062563702839,0.3100989217289511,0.30295636004747256,0.22349920833951392,0.2921571580551222,0.32500341330073246,0.2702654375297072,0.3491487742891572,0.33243820262790974,0.28473361507431943,0.28940110566306876,0.07307631317626997,0.1041027601717787,0.16823628748135,0.04030739499775115,0.042682304569449346,0.0595671439021531,0.21137792713916428,0.43140588919118855,0.5662755029790985,0.5073453263318434,0.005408124818932386,0.020136829757428816,0.028690837132239605,0.03531657044173221,0.034005623648425666,0.044283610951761636,0.01521081358854595,0.010288956100147042,0.04682455746182553,-0.017980586331169033,0.05278846602949862,-0.037358951019166566,0.021487287926073573,0.044149382502400074,0.002871081992923784,0.019408477415020126,0.04575434457101934,0.02619112026644317,0.020046958614726086,0.005122333613846642,-0.09646004306510321,-0.01630015601640161,0.02926243195876997,-0.028517807003013276,0.03542661480080572,-0.0021200007419816145,0.05460027147843897,0.029264509350425513,0.0034358252943693913,0.0028898126596853856,0.02454190765987607,0.029106789187273364,0.02816644260877104,0.039134049216706865
TER,0.45588565950203025,0.45524108173281247,0.3938436561243713,0.25097613226945065,0.2930342545691392,0.3527226246387083,0.22013601417208634,0.17901943039687399,0.36158973379598014,0.43984082944562386,0.40466080577152924,0.35268301778759426,0.2657759211053114,0.2857906700881116,0.4416346153428947,0.41968648797132874,0.3408315196435109,0.40884790458677667,0.14042726760826618,0.3108648718213726,0.03799442683502929,-0.003036485346594583,0.20193768968609985,0.37138435030106126,0.09286031278305874,-0.034017149940512595,-0.07631703262922566,0.1448514328064572,0.19239015865759637,0.18515562816291256,0.21172835353907532,0.18480442351045173,0.2597706526062618,0.1540112785730862,0.18931087878075645,0.24463754429337387,0.27181793036288837,0.3785162534424765,0.3187793126712559,0.3806223041927504,0.41678048156841596,0.35877996895408926,0.4590844075182452,0.12263812675312796,0.14724371935978156,0.1477117110120835,0.0069191931214300315,0.07904370951287548,0.17783634513783234,0.42345603192556847,0.31055056795887204,0.2454081131277591,0.4068496542419933,0.3735231415561087,0.49885470146436683,0.4456251808334173,0.4222920152209506,0.37539168465120865,0.48277155666092625,0.38985844062335,0.42438021091897576,0.3853523013029555,0.37413021659719997,0.5923893134801734,0.4945531317106079,0.439928856579022,0.48608551359038205,0.3255588906074504,1.0,0.2471016007831668,0.6105648043671937,0.2911508573740926,0.32594175456545793,0.22078122475691114,0.4628722532507378,0.32797809674241224,0.40998520858844206,0.2688232662525312,0.24321789827117196,0.3778970163692859,0.22997384117294162,0.1905189257912463,0.36223155458110184,0.3074312072302648,0.251032416819987,0.2520994241103578,0.13123463050637119,0.3023879290154497,0.29816755198285944,0.2819271556057697,0.1864552777300461,0.3249225122510257,0.01759248231246331,0.16677970931304836,0.36787154875919387,0.055783203508048385,0.07318114812874864,0.0505139708689868,0.30308160594331823,0.1438646703918916,0.23936153547023076,0.23832476063756594,0.04188853633458921,0.00364056639300894,0.008304352564155446,0.21156215433085335,0.48174293095869575,0.6532131840866522,0.6813671784231652,0.05335252203897029,0.048592325510477305,0.03381411208980888,0.1253528504284697,0.10536201377463474,0.07353543538972825,0.10179715717499252,0.07366639436996321,0.06565177398923869,0.012865882034436444,0.012057415626699701,-0.019763345258291383,0.0925638799613977,0.053902123741242626,0.03494437704136841,0.08455419367438015,0.03397205642360817,0.05225108403491467,0.02539624497761102,-0.0029435023864228544,0.041735886314407535,0.050504595672664625,0.03811008336243433,0.06368462276947943,0.13905509623880175,0.13916064429352232,0.10258230733749235,0.032746190661933385,-0.012924110543964232,0.09313608564891193,-0.0007061125032609332,0.06348782322125322,0.009118426328224127,0.14501520856971925
IT,0.31545175070694265,0.31604163083105286,0.3088937772075053,0.16465835827522324,0.2515391182502224,0.3158398751038814,0.14142217800764723,0.22175447138226823,0.33517299083825597,0.3355724883275697,0.24849618398615447,0.33415958961700326,0.32538660130250396,0.2768363512490494,0.322382862390175,0.37723709152442725,0.3615790446910557,0.30999150814801707,0.14518108100979438,0.34455244082535574,0.13616160130359228,0.09270710547761579,0.20230848642526242,0.3046369091240881,0.13663983358251564,0.06272365511804685,0.07646657514554045,0.1284470848703454,0.16699871865058077,0.15397580350037618,0.17451812715099546,0.1442447103080668,0.2805891014218131,0.10503948003718348,0.13341553068265613,0.18589829158027305,0.32273585738839594,0.30612775332587594,0.3884184231917149,0.3123366128072227,0.3759012749283093,0.47674481731746915,0.354926175936941,0.3587523601170067,0.46715480247227636,0.17626957398676607,0.10672685273537776,0.11100617728859455,0.1773348105434347,0.4010119178235693,0.27139560189305967,0.3194308893923982,0.36941545298759276,0.37202275994184064,0.2571721521080373,0.11432533564278578,0.2665264111197669,0.31494851726906503,0.34735949110817765,0.34633032276710357,0.2934747975737599,0.31595719874287337,0.3296426153138733,0.3368377299164153,0.33939990882639265,0.4296276194531825,0.17178231466152724,0.37787462589547016,0.2471016007831668,1.0,0.3636326544412607,0.39996853884836214,0.36924434476984797,0.0539264135755616,0.2196347061567258,0.24138879103266667,0.35944355204875067,0.23605715630573246,0.23951678340339347,0.3632345628882148,0.13783592781248685,0.17457405373107102,0.3032597407613112,0.26809568474264367,0.31819654392954416,0.3173811916635535,0.26794543365445256,0.31630810395727865,0.2672757196158724,0.3065452602187833,0.13878090536750848,0.1815689563506726,0.12669732477493595,0.17673741205247745,0.19441525567045242,0.17870383893458786,0.17458041958150478,0.1209736530850992,0.20278279506968586,-0.014361416595619405,0.05662539654660847,0.14127890890743902,0.06923115910540874,0.03810787152492272,0.034806789921066235,0.18428923091846167,0.4024293094499927,0.5104167908750127,0.47773093952947615,0.008457580484578016,-0.005721468611366373,-0.05410816521197555,-0.03511926143863604,-0.04599295291218655,0.00025378894221903724,0.01244673320740853,0.017896110415816957,0.0002396439098584135,-0.06314751448312643,-0.05566619082156719,-0.06492172826966226,-0.04304943750866034,-0.02177679749763527,-0.0495516129677427,-0.04493374694894455,-0.048935609100424986,-0.06023150812820635,0.0007834222228352006,-0.047571793911357636,-0.04342957150142312,-0.005306268881055968,0.0051162848277901815,-0.024576260195412297,-0.06306158781971517,-0.03580356733946817,-0.025120269754965317,-0.02686551210301888,-0.011820351607268438,-0.07488034506933038,-0.022705073973704627,-0.05200570837582903,-0.05483242361961706,-0.061246184660221664
SWKS,0.4274100912293686,0.4286249997242107,0.3972063632090079,0.2336504917068889,0.2919786160705007,0.34573935782329274,0.20127854689090074,0.24975339121771797,0.37952216443547293,0.431353349873818,0.4049791144119943,0.39974643937574855,0.23199068553842095,0.32826965142309944,0.4414609288659206,0.46549126639401545,0.4321456371299203,0.4455503700718819,0.17193181352673317,0.30881197924125714,0.10135274631845795,0.10068624664585674,0.2079480687755982,0.4286638076421582,0.17833294795771548,0.08293144020880856,0.06253184990981694,0.22531692971833897,0.2660882675455764,0.24754163388013958,0.3019611859587976,0.25775741633785304,0.3288372813430091,0.2061643104694135,0.1901486625113567,0.3194874698045587,0.35306052231045393,0.38079649540984123,0.38269180434368344,0.41765974670332,0.455516419514073,0.4120473373724238,0.48639881542500746,0.2730828056655676,0.26286163704849685,0.11427470197381823,0.05615122629124905,0.12155738002766867,0.2724937024746452,0.45389195207537103,0.3331919795221738,0.3225351059179344,0.41095913170018694,0.4080854431807137,0.4087886676748607,0.2657622191285341,0.3582840807362786,0.3838698342521174,0.43995680345407046,0.41999032674780773,0.49650448172023215,0.4081905378042631,0.40540933268293994,0.510028507711024,0.5974706177092971,0.453042565006903,0.3656219505992885,0.3490582805298328,0.6105648043671937,0.3636326544412607,1.0,0.3498117124484572,0.4072565688720251,0.1501475836158316,0.4141252483813736,0.4155233123458968,0.4705162397201962,0.3870540244019404,0.2966658595707108,0.4369430143322913,0.29362641243436294,0.22954650066181878,0.4119729220177916,0.31388808406749996,0.35927120431991477,0.35685926011655156,0.20349334154858362,0.39928710834726305,0.4137234762531273,0.34957603337224785,0.1919883646099591,0.23745444690292553,0.08309371886481948,0.2140244472789563,0.28595806290505493,0.10032466407265947,0.1252695188952542,0.11906130584819176,0.2871043510530557,0.05310527568868981,0.138233036721644,0.24804391571251985,0.08427965512149689,0.02647571713681944,0.022550504081821264,0.23551678950644536,0.5127152232706618,0.6601259557845869,0.6634451977787333,0.016693148152152695,0.020243776647408795,0.031182889205093343,0.030373451872502243,0.015371436732306155,0.025392576510632262,0.029828366283161278,0.03244720085432489,0.023697470919729187,-0.011042870323538737,-0.022130035546401354,0.010113982838592082,0.037770653241635456,0.017949354359013868,-0.013257752168951684,0.08969094367530304,-0.005131342452112717,0.05809833992809039,0.004310083481541684,-0.043374353043902,0.0229137326642727,0.03504873612240811,0.025392529391051903,0.004115560364160009,0.02938820728289337,0.0035798210446157017,0.005144376593666691,0.011144666098155344,0.00797856038459839,-0.003411884010879362,0.025381995033416576,0.03706412681232974,0.013751133287169598,0.03800203113580538
EPAM,0.3018463164854951,0.30559452783685426,0.3124632662233162,0.12072322314178591,0.22717866315449795,0.2743782629020232,0.16112998371161527,0.20707600132665757,0.3311932715627297,0.3505414584917116,0.2649384661587218,0.3142754408800744,0.2381140540997799,0.22404774465230862,0.31825394488114855,0.33615394910701846,0.3425121022274592,0.3035153466004849,0.103388570186192,0.19483195278345886,0.11134387593743952,0.06982641070501223,0.11733232288219093,0.29809692738705584,0.11905907951704112,0.03854123467171297,0.03542400613562491,0.05448859731648756,0.09132980605030235,0.06626651072412561,0.1335661133988452,0.03952640714545118,0.18053677774481255,0.058927617016567416,0.06943141289766336,0.11584521889933498,0.21972833624876012,0.29984741103698304,0.3342151563481502,0.3032470586301306,0.40204635561407376,0.40394191872195157,0.38969817145001684,0.2234855459664903,0.3152203095722184,0.09449539142906138,0.04363295506884224,0.07912962231700943,0.16154880800228472,0.3823142258348033,0.2508487380271787,0.1872700693101446,0.33298995016661226,0.3619103601070406,0.21726667487665655,0.10537737216825145,0.24373036824570238,0.2366735907377206,0.2991471063611172,0.3007337602194833,0.30633791557955603,0.29358535399301233,0.2663971088736359,0.324582939363658,0.33190211054047924,0.35718592899015017,0.22758171870618182,0.2577450379293435,0.2911508573740926,0.39996853884836214,0.3498117124484572,1.0,0.312025922171898,0.07900126149362288,0.20091222416770738,0.23263355473166308,0.3772722962127491,0.22018702660871275,0.1576636858289493,0.31479877014805063,0.08435820533505493,0.17159978114019053,0.3109138327213146,0.2221369241326523,0.29480279914051394,0.28672884148959926,0.2045925718776922,0.3304561574719217,0.2844130113001986,0.30502562845476416,0.12415637877502406,0.13374755066411823,0.0289717414018065,0.1596769982904492,0.14516111837734796,0.07840094299045801,0.07240280893548375,0.06704632401588613,0.1983392891389826,0.0036880606258731462,0.08009477185057809,0.15805022056743548,0.0058682272572013385,0.02905717487975272,0.03715681620681647,0.1717864588718716,0.3901794567112226,0.45051578936221914,0.4487718453549818,0.028641862796148335,0.03947022607669258,0.005932892540043905,0.030718185175557876,-0.013249132137427962,-0.008834144967153776,0.042167482299553506,0.03384492713500397,0.03544463170905636,-0.051173107444201206,0.0190620720944025,-0.07488790077743278,0.03621950327160989,0.027394807273342366,0.024811363912993614,0.005449255290450287,0.006112519707454262,0.02779391480884068,0.019395076902565315,-0.02835203547264322,-0.04388060603628292,-0.009828207759085755,0.06588982594474241,-0.0160579152982542,0.0040803436712457805,0.02402566989388238,0.046224536827836164,0.011079119478358634,-0.006573156069644636,-0.02995847813385128,-0.005569180314690282,0.008167385183253752,-0.003511331179568203,0.02198812937393391
LIN,0.33660675496998543,0.336822641237414,0.326047451732483,0.2835539007349661,0.23934681844627523,0.341979254321913,0.1945406846652322,0.1547606717635095,0.2706348371575658,0.3108352733938472,0.23206465854262856,0.41270986638802715,0.4633964273509572,0.3287742046747359,0.33909255016951867,0.39566999204083103,0.3833137588479234,0.3122436673539364,0.2632235029071301,0.3876979590711662,0.37710629856081007,0.26103487694317723,0.31256449412774184,0.3682445231298901,0.30034622625362545,0.2134595995928806,0.16100258768244044,0.2418491201424977,0.28751510583114886,0.2672361680243314,0.24356907238996828,0.22552938159005917,0.3729785826685673,0.22995311375251742,0.2658431844359369,0.28864612031939363,0.527830405140136,0.4580021658775281,0.49489109919765367,0.4065009641343549,0.35651554710438355,0.4778112811955325,0.4388263046967847,0.3217641233785547,0.36698635058870016,0.20163789204303764,0.28071409130949143,0.2559019625122124,0.3139774343036413,0.41909742913169307,0.3129468078828183,0.3351789871032025,0.3453654695463992,0.34447496249457793,0.35934882769433063,0.14304192296943355,0.38693925479820707,0.45637435856021197,0.43795640715816364,0.40093446939708327,0.38478264530150336,0.35468557092140135,0.44670793261289166,0.3487721349595811,0.42518784852502584,0.407175134402815,0.26010610389247246,0.47643675869618257,0.32594175456545793,0.36924434476984797,0.4072565688720251,0.312025922171898,1.0,0.18639760589785231,0.40880222894884416,0.4185392546938356,0.5606210129633783,0.4362761893166489,0.3578370083478192,0.5139630238951554,0.26560265570212627,0.32538805730381465,0.4084677076493953,0.37616949968479746,0.39560570497029063,0.3930154813359271,0.3103537874984232,0.4140053744726438,0.28802121845764167,0.3133356861160679,0.31534965675350407,0.21534466241439978,0.27445958735951975,0.33943948679310887,0.23638916828019707,0.31794865510495346,0.31605908994706566,0.31068889572645714,0.30769796657578563,0.1137759555029677,0.15962176562518524,0.2666690859901019,0.08398820300483398,0.06756713626038255,0.06367834088417626,0.2643753329460571,0.48414399603193936,0.6015531589007553,0.5073985251287964,0.0008297631614412086,-0.0008040405518474,0.02529110748289721,0.04986492311505322,0.01345659320789716,0.026453155882473666,0.011520174285179957,0.01350798187185801,0.0103837460673634,-0.023752543355437198,0.024995164385465576,0.016990831904009983,0.022682585651532815,0.058507151642642787,0.026226663479952762,0.03835049785854447,0.04086356593631733,0.023413092518909294,0.023318229671665767,-0.0038506227665735444,0.19100809232232183,0.018567803636704096,0.025290590537164225,0.034798691921404314,0.0026546604351736476,-0.014000167077870477,0.029494354424757348,-0.007084429975374874,0.04804371190118354,0.033745592635267524,-0.006142313248343368,0.03958539046227778,0.03414078585175294,0.020662049228717002
NEM,0.1391135617570308,0.1386282814807241,0.06986800838220925,0.13172962318825737,0.15578000098312086,0.08574136092639471,0.1194565169481824,0.11249372943120282,0.03813844694859951,0.11631009350354415,0.050910715747902464,0.15950385929184427,0.15391397826073366,0.19652545233454286,0.12237819100924055,0.1438252770775231,0.08151023203828865,0.10755014676840213,0.14805938146851433,0.11088431650524778,0.15918310594553522,0.1240703476580254,0.15091048913370347,0.17893480447935917,0.11113271969514435,0.09388778991256073,0.05929194679386906,0.1696876241332777,0.15905194365206005,0.15635987388010242,0.13074673956203167,0.15457684128411744,0.19887433667971793,0.12795618773889345,0.18543409134521163,0.15044144179919522,0.1553017368567272,0.1406009787552855,0.11231883994132763,0.09977452146687159,0.15949267523122568,0.1127989025755815,0.21719489943166423,0.10858916132827219,0.07998149966626276,0.09396731693318207,0.1387292172565446,0.09704387754708829,0.19176876439381177,0.18628155054753268,0.1509134538504513,0.13902298525776519,0.16537564363912985,0.10650239977203733,0.20966714399045178,0.20343148645509557,0.16624735714243905,0.14156653641825953,0.19621550608913169,0.10639402643758417,0.1635888916592182,0.11718496389860779,0.11852523932674586,0.08243662991421555,0.1040088730221958,0.12464362972835298,0.18419448500814353,0.15245782456117968,0.22078122475691114,0.0539264135755616,0.1501475836158316,0.07900126149362288,0.18639760589785231,1.0,0.44280215082868535,0.18187255037591685,0.19920724210571578,0.16110066719881977,0.16235568277852747,0.15987709410240758,0.22714494077920835,0.21685903819633562,0.22399481546569816,0.2049091501615248,0.24475839615623415,0.247150494286119,0.2387180365792006,0.20775455795425543,0.2242675610674718,0.2010739186835141,0.24457957820232942,0.19474129844769658,0.27422309534575295,0.19174149818332217,0.16950973230748667,0.2577104267670472,0.25202900597858097,0.2364083580721056,0.231073319140888,0.6687379116491592,0.6297452809285369,0.3641802586024006,0.11477682809664339,0.147922878953873,0.2201135618276419,0.24495566189566909,0.25096084009553415,0.23977402741973583,0.1914123321760914,0.05801926532736848,0.017228274677270512,0.023226669246454446,0.06669545890738064,0.05295670583159086,0.018145363911937162,0.054460611887673996,0.03858703529158412,0.019441595597062298,0.020654496332694422,0.034116228905890916,-0.010769787338195311,0.020156715849002013,0.022175577861863006,0.03319303537012951,0.05420048132329438,0.07756559164153606,0.06527977417794634,0.061319218417020364,0.03470444081981916,0.057934246265971566,0.05127552513955293,0.0381654531023088,0.016481729465959334,0.08686907353858866,0.035412749445343464,0.026882458350528885,0.02218084153401151,0.002262322814296719,0.04778581028085943,-0.0208600885800474,0.04487296023158578,0.033905014387366025,0.08007381338894473
FCX,0.3422944072245024,0.34112992841895057,0.30836027485847795,0.2224411469590277,0.28412949596381365,0.3221821225728373,0.29381353589091214,0.22777459438987066,0.2789780640009036,0.36681448196070265,0.2961825547731236,0.3089405236412965,0.2563581372295088,0.2938489168979705,0.40049251719124784,0.4224606358882254,0.3000745389023541,0.37941783018241987,0.14896173626379297,0.21057714624225166,0.06683858612676982,0.001164586947137658,0.2037422429564881,0.37710089103105837,0.19721649010649098,0.06558299181996656,0.0004752391203157705,0.3938882458234627,0.4133993301888312,0.41330613347264306,0.39535339172669426,0.4003703320527225,0.4187714906269958,0.3114897960259663,0.35658816366805673,0.4404258931506705,0.36347435649794874,0.42537147602145775,0.31959241606498284,0.4467776819959829,0.3719447354721612,0.29722266683027776,0.48269544822757504,0.17865128135354283,0.18071259476795531,0.09903950904109776,0.07736826797012042,0.14634059001393893,0.21066397168891662,0.38026226050191747,0.2517390267034732,0.2754769048000541,0.3443605876997393,0.3098223030689763,0.572416750277224,0.4073289752050871,0.4124733783002363,0.2779260580686856,0.3994334313605633,0.3436887851282057,0.3990030918262392,0.3492656831654745,0.3470282015638725,0.3785518880392855,0.3531757316840775,0.30257749497068803,0.3459365929826548,0.29444067527356244,0.4628722532507378,0.2196347061567258,0.4141252483813736,0.20091222416770738,0.40880222894884416,0.44280215082868535,1.0,0.46044208535592984,0.44788548808243106,0.45247086069383713,0.2621888571539578,0.37340894542885356,0.4494088822351178,0.21942784180157748,0.3408347211841487,0.2393274334215816,0.2933058886135183,0.29996761493004853,0.16251325061573535,0.3636910329208498,0.36800833830845164,0.3102541790068316,0.19349445079692837,0.3075025366134069,0.08109729212324396,0.26676974652739033,0.31452957492124684,0.12009524314799126,0.11708442639057,0.137968979725369,0.32021057290158506,0.35015644914800853,0.4653730609596068,0.6746201232147928,0.22975732039753613,-0.01614960316276572,-0.0051413438169472005,0.180835135963878,0.43665494949149153,0.5634696537547007,0.4972587848939264,0.07223183513354912,0.05886980580195213,0.018242802681089812,0.09282302357353525,0.0942426639658659,0.06127368860485468,0.05822421092580963,0.03250700297479044,0.03932984615271625,0.04444752525693279,0.01567039779610245,0.036126237547067154,0.08529384694420505,0.07391289139119674,0.06914800287486908,0.08671502767028508,0.05376608087784659,0.08526312569017583,0.011880506801588786,0.020593442663354444,0.047807375415631286,0.08097238344270573,0.04857049296382492,0.04783909903825488,0.0912690018313615,0.09219140282999096,0.09168561895778005,0.047404937216535506,0.025117911723119772,0.05889354302551507,0.027273624182209463,0.09109395754667698,0.05982067877064009,0.12583354696455548
DOW,0.2182457637128318,0.22114142377842413,0.20527191699090586,0.1625465055474451,0.16842271491596275,0.24672105767949784,0.20292718261884968,0.2560275400911995,0.22647973041765765,0.26848998275317393,0.2050198532732982,0.32667235703232705,0.2522958137649584,0.23295621682664522,0.3027561219661614,0.44319532990430244,0.3701051427882913,0.30991283006054354,0.14070193658905222,0.17068499687464994,0.11802131977533,0.09839260569483661,0.15593167335449812,0.3376724436289451,0.31526086092760786,0.2005594455270243,0.13844561872500596,0.4612230777240006,0.4633110989566467,0.4853236270352655,0.5234323717826362,0.4510032672407652,0.4419434220930408,0.35407429237117355,0.26794657900169355,0.5077444632750377,0.446290203933578,0.3921940424526115,0.2967931134893635,0.4604609587232758,0.2750057037524082,0.2443073889131513,0.4760072686584616,0.23575567031206407,0.21259683447814584,0.09631888688184696,0.1387807640552815,0.18610362557045432,0.24065840623611032,0.35930055097309005,0.18063272164565447,0.32739693354835625,0.34386929558852564,0.3210053678905511,0.49972534288495357,0.1313385042459633,0.2819501908106206,0.31026273089130574,0.39573579182753543,0.3620131353177374,0.514682712654338,0.3855677510218659,0.3977115544912288,0.1998417570280877,0.3221204237158057,0.21342821811292276,0.22504969672161446,0.19042711092784717,0.32797809674241224,0.24138879103266667,0.4155233123458968,0.23263355473166308,0.4185392546938356,0.18187255037591685,0.46044208535592984,1.0,0.48903253559660437,0.8846493003470894,0.34775306067287387,0.4718366673715575,0.41816193170329613,0.18812891983331748,0.35751845321609876,0.19895173132509916,0.3315382811633964,0.32853371129318837,0.1597971900263902,0.4137353820657723,0.40252062256290716,0.3814567751789649,0.18447878691090774,0.17326691345208645,0.1513515346637344,0.22864604379721126,0.24603311356404634,0.15387132638754586,0.18128121237889766,0.19640221587310122,0.33447274836012747,0.07100822677680159,0.16857631071014642,0.334099992985236,0.31669387872407134,-0.022738443974230915,-0.031165521989067156,0.1410021040104471,0.3642080557652058,0.46608134513746075,0.35856864711972836,0.014933095210235729,0.010196928225046937,0.007604771403680459,0.021142130693330725,0.034147862443523705,0.040281209265017305,0.024753948022922592,0.032732919498707366,0.023335121521151577,-0.04361039638598884,-0.04879408913512915,0.022890913572988923,0.031272115858825215,0.009087469633830194,0.027919721782198367,0.07150762912423239,0.0036621717187152476,0.05857868626677845,-0.0076075961926823305,0.018732442985021747,-0.11926484466185033,0.00654101478773493,0.03283833342892327,0.02980888863047981,0.054451061513754936,0.02754546454502064,0.04458751001953601,0.009213518068423205,0.06748046155527006,0.05842570405590106,-0.00541450640532624,0.04974535873265278,0.036687254655826056,0.05604508331489181
PPG,0.34168305780415914,0.34502056395687053,0.3363618178050101,0.2283927178866063,0.24763387964872086,0.3771189546677879,0.22548740705664064,0.25480226640133824,0.2889272235684332,0.37491625319340244,0.28815419340514736,0.563122848811851,0.42708464059339074,0.3587785722237773,0.4581473204283977,0.49127556604378386,0.5320541563957268,0.41569818502644285,0.26165614853798586,0.32787709801175496,0.3516671032112616,0.32169699490776477,0.24939740125926171,0.4523420587283169,0.3398305442738244,0.27749765792537295,0.19309498552239546,0.1953589899654391,0.22571040057712188,0.1824114868085935,0.2650148454972902,0.15790904083805232,0.3006678205978363,0.1516034795717782,0.16211121460857808,0.23457656251775327,0.5128311674900704,0.49191559813757185,0.47337541893337404,0.5127112128799729,0.404419005135628,0.4436599096877384,0.5612986136091437,0.31354855612657795,0.3406295370976588,0.18471192862166316,0.23238942169266688,0.23184954454837362,0.3456815055132613,0.4796826763294828,0.34260082564513467,0.4090510804433628,0.4513398265394879,0.4212085170928005,0.4796199672705526,0.1931719446839183,0.41465854875542923,0.506074111738776,0.554350699870798,0.5014889312019664,0.619675819806193,0.5201230131446126,0.58624428084876,0.3236593763733449,0.45903403195406645,0.35477090206754686,0.3172894452972067,0.3840625141177038,0.40998520858844206,0.35944355204875067,0.4705162397201962,0.3772722962127491,0.5606210129633783,0.19920724210571578,0.44788548808243106,0.48903253559660437,1.0,0.4513673783998364,0.4527171709287735,0.6306764372354565,0.24472123832138698,0.3209771381226841,0.5215789818529577,0.382535909601423,0.45121455306831165,0.44682912211566067,0.3279714431050706,0.5180599862881569,0.4262447166404855,0.4313622926769642,0.2864563221494057,0.16389031720544753,0.254654054606645,0.34656537077681776,0.26663608902739927,0.31303137263046715,0.3196591491782706,0.3062393471556394,0.3636633060372204,0.11080671017053409,0.1747849862682276,0.2914221745422955,-0.05629862253776426,0.1243404170006285,0.1292102403274237,0.33241647116900236,0.5590982860388678,0.6300768623483648,0.5252491327995074,0.031038417587013624,0.0321509530678085,0.01693018178647677,0.048810261719970355,0.051569404719054704,0.030173945384355947,0.05071548758530855,0.04945966779771915,0.04671407396911772,0.01786235885850243,-0.010736082710100802,0.026125523056917316,0.03758458194097514,0.022000319552614268,0.0037007404419597788,0.0381855143083011,0.003956353651164138,0.055536170881400046,0.0016375364173373162,0.041733438863141153,-0.035886642002007425,0.01553920969819097,-0.013262702955254996,0.0665803715589277,0.03985251516850978,0.05034110308961355,0.07472735116486402,-0.00949653099912254,0.012877076292680131,0.01474604599288786,0.0018468557573335228,0.05015127708232231,0.0542957547417996,0.059482204240785104
LYB,0.1911496532089006,0.19267254805439457,0.1741752944919708,0.14071055665846155,0.13939290535481155,0.23432981841521808,0.1923032171947387,0.24693344013137788,0.20612276675584465,0.2528655846527276,0.17987191975396016,0.28500639325371546,0.23880232396564527,0.22988173809680426,0.28406346968719065,0.4333985383671391,0.3231240428312668,0.2903505247386401,0.12045116089972913,0.16318090987322778,0.11500927316553283,0.07309990043367162,0.13646901588189153,0.31723999155184485,0.32916690202628046,0.1950890586121758,0.1222733201526236,0.5170571708982307,0.5195059074203862,0.5367066825531962,0.561796761234892,0.4929295720581151,0.48978596782819106,0.3922557543707159,0.30163685487785974,0.5304361933031687,0.4656301339194665,0.40058162027737915,0.28933698078371994,0.4575535441301984,0.2456648237097675,0.23096752492557093,0.45022455476753964,0.2346336465341489,0.21168708653980023,0.06949058737431889,0.11346738702480687,0.16582155285288452,0.22677358074158022,0.3112976693729685,0.1881875855869259,0.3080164452648201,0.29138640555799733,0.2977637042690199,0.4714715075153455,0.10579921899514398,0.27762987417987806,0.2912210273187216,0.3612033168650282,0.3466461550537522,0.45291971982030765,0.35500058170676907,0.361741026424846,0.18207281939287306,0.29052888090602447,0.17947342641214686,0.1789485441694409,0.20010405332592576,0.2688232662525312,0.23605715630573246,0.3870540244019404,0.22018702660871275,0.4362761893166489,0.16110066719881977,0.45247086069383713,0.8846493003470894,0.4513673783998364,1.0,0.3213946163510326,0.43631216067951967,0.4312194866740546,0.1992031928910089,0.3179070404786826,0.16393618946395644,0.30519095116319545,0.3030274221998877,0.13834154690888995,0.4082755642090131,0.37655010464762456,0.3581694518530852,0.17550418623418018,0.16748981912041033,0.16055959014134827,0.2501162656954389,0.23012733319606382,0.16692608946810666,0.17891740058293412,0.2030294842429539,0.30311566419612757,0.07354653504432329,0.17475930848348648,0.32246642343395066,0.38574609155913125,-0.04533829420000657,-0.061524442984537984,0.10298578066145389,0.3361601849051267,0.43365851360596414,0.31574556263313514,0.03411775104484004,0.030878957807020106,0.01331087382619858,0.036925855554097595,0.06117513911949534,0.05214073442678796,0.02993025775463816,0.022793359311972433,0.023386121965861977,-0.013740693672147255,-0.03351314300413803,0.039122444538361945,0.04739575172173559,0.02970090094504082,0.06500135321254431,0.07622015294652128,0.030404658840646866,0.05850331801076437,0.0001769492297173017,0.028132330418653595,-0.1581149883574794,0.03437620142621109,0.06147338230334247,0.03958309608854594,0.07077141595377451,0.05047274711995854,0.04936939826117524,0.021669512252554195,0.08846132793689866,0.05113994614782042,0.0050853832440706185,0.05930240937909366,0.06197282274944443,0.07737528189106915
BALL,0.246921437978304,0.2499646087084272,0.2344562203959349,0.16033273412189838,0.1957864563137342,0.2296096676407468,0.14969189953208392,0.19044111794148888,0.21855716769907568,0.27587812180656257,0.18827987969334528,0.3642060217466146,0.3508338476692912,0.3330525032178767,0.2904410132864498,0.2911692980129337,0.3714290977384881,0.2647828235850398,0.2059415255282428,0.2700321997312021,0.2893588393203831,0.24015618740675793,0.2129037117475787,0.3433788150373347,0.28030455749423555,0.27469731209266635,0.19513469688239718,0.1709424856959039,0.18103776287142734,0.1543228373421312,0.1722254592888989,0.1359587316207097,0.2682759752643898,0.17242217315460234,0.15269835727429326,0.17899803233425607,0.3417122853882221,0.26421441022397496,0.26506108745929974,0.34531235627966905,0.3124254871273882,0.29307425455184744,0.36784219907223165,0.23680057317551573,0.2453830488103249,0.08983657035778882,0.1968070378271746,0.14223501439605638,0.2450311410333821,0.3579085931071584,0.2876530154269681,0.3057623221880545,0.32977028271836406,0.3011991570934061,0.27419806011501224,0.06316672969303813,0.27742659504386347,0.3493227901649229,0.3490035969026566,0.2945141064164779,0.40531149320416876,0.31973287843950504,0.41008253183937976,0.18059749825960386,0.2970797261479285,0.2556651177933079,0.1984229549718187,0.27665730240077263,0.24321789827117196,0.23951678340339347,0.2966658595707108,0.1576636858289493,0.3578370083478192,0.16235568277852747,0.2621888571539578,0.34775306067287387,0.4527171709287735,0.3213946163510326,1.0,0.44517309019954526,0.2268603965022103,0.2797357498856545,0.4154296730032748,0.29171942908488546,0.35590312210300534,0.3650089947471156,0.30441759983333283,0.39877608086092875,0.36870529437898386,0.36351852416360503,0.3225094806978687,0.10778633730306879,0.2841279035150422,0.2546342687294802,0.13176343679135374,0.309396846585845,0.3246504624433,0.3042352136815155,0.31571969154712737,0.07756820498641981,0.11269461796217614,0.13509392159775643,0.006898016318196996,0.10928723961766251,0.1051922054852851,0.23350072623934146,0.3572212110941509,0.4153926364425823,0.34758322789543217,0.059157921113609714,0.040550681660457076,0.054151266763733746,0.04112650366567526,0.06481923267177048,0.05110933131353664,0.029573029740227217,0.025753652654291883,0.04061675151120584,0.004458214820636981,0.0003149743731807619,0.02142683971835786,0.029919974145023003,0.04416514213649898,-0.011417231290049486,0.045886449381171,-0.007391190420331142,0.05420299792244984,0.052415134318288634,0.03322557341082191,0.06126188802674,0.0221003504971509,0.036392633761836816,0.0486927761463019,0.01817108910679797,-0.0046469548286798765,0.029473179571599697,0.022628034512245872,0.004191377950525651,0.026562088551675397,-0.022507565281613563,0.07460458066846497,0.056330923736397705,0.04077239293525634
AVY,0.3523810434149259,0.3579092454063791,0.326936036409097,0.23752835397210206,0.21696188646613496,0.3600260740872093,0.20254318076209177,0.24501838583866273,0.28178703941335104,0.35321122863052623,0.23769642162061697,0.5379169236257281,0.400851563592586,0.3487318693536619,0.404693359826658,0.4572528081469967,0.4777108472216035,0.37907256436248593,0.2729452314912184,0.3555898168534874,0.3263757260705627,0.26325504119778365,0.3002131477836746,0.39718881380012766,0.3213664051919791,0.2804657867592804,0.19022858949496735,0.23758641272018546,0.25780775977460463,0.2535035628251305,0.29131882885800964,0.22214635394508817,0.3614131481037866,0.2193394861036972,0.20643615026160228,0.29970989800424347,0.4985605817923017,0.4202782306566328,0.42463007726964724,0.5014868949032093,0.3737501850382174,0.43582237089458076,0.4974397403791467,0.34267168590972696,0.3430914274667341,0.16235931964238,0.22249858219745103,0.2304884973705424,0.3193304482864788,0.4437179997814741,0.31425341990349204,0.3875641193447685,0.4011155444320324,0.3863973263775186,0.43038502548390595,0.0785819770080334,0.3604529483486704,0.47029522702502813,0.51174133683891,0.4578582891808942,0.5507936195358614,0.4834767099958412,0.5783361081397754,0.28309669130887255,0.4057538283008657,0.3556694366304039,0.21137687599001512,0.3816449528416698,0.3778970163692859,0.3632345628882148,0.4369430143322913,0.31479877014805063,0.5139630238951554,0.15987709410240758,0.37340894542885356,0.4718366673715575,0.6306764372354565,0.43631216067951967,0.44517309019954526,1.0,0.30447738902835997,0.31181351198343915,0.49098699304349347,0.3572393665578468,0.46191219211420637,0.4493224760356746,0.3302091395401444,0.5425031311549902,0.44209754651300986,0.42840312440846173,0.31417106204572176,0.14583747144167616,0.28457185678459096,0.3500910020820715,0.24194222103106833,0.3073267588479947,0.3335037404185812,0.29049275268854946,0.33536800682048534,0.07400802773793963,0.13133828720809185,0.22513117125758184,0.0432552694717051,0.07689258870648494,0.09492966987857307,0.27969167897304587,0.51007168865341,0.5887916701113449,0.48467238075138414,0.020159193522484607,0.04555151077498357,0.049577461453338495,0.06694319337808886,0.05378447824320511,0.03065587852965298,0.05698404547781699,0.05776312488107387,0.041284180399395194,-0.019700653082814507,-0.013218455340395936,0.02443394639248378,0.032406781359493465,0.07822438598670457,0.035072590160221004,0.0546992747413879,0.03046414993880651,0.06470664259916899,0.011847568232035538,0.010657062543249479,0.010112997834000235,0.01584503522113066,0.034161976178230684,0.03530356785423043,0.027400283889687602,0.01540508919102268,0.03638023753041324,0.009894650718548881,0.02390236860269787,0.0009043968856614246,-0.01709885611557607,0.047304117131406656,0.05731766026719933,0.05408065096294785
MOS,0.16365522970363386,0.16186035050007364,0.14745532998482233,0.11464616235767122,0.16615688476088572,0.23282460455193515,0.20616718312975063,0.2397768163057768,0.1559693782430627,0.18732343302739426,0.20103860821565608,0.21064216642169564,0.16511072504743476,0.22369972983526532,0.2689393082894498,0.32199787346651615,0.20638912458380834,0.272426634890082,0.09724460383007506,0.1453613115240697,0.04443785145545588,0.01690160148947149,0.16583375156019795,0.18962901592699308,0.18871024511505824,0.12773625162973926,0.06331044235725553,0.48233309497709254,0.4722964453072644,0.4848796186184118,0.45012358370700783,0.4924240670347417,0.4455999334621315,0.4593133493228457,0.4176863129071721,0.49176802550043586,0.337135596331493,0.29027081821899975,0.1968962909485629,0.3580666788153068,0.23371359641038342,0.17497784405733358,0.32855916682678005,0.20695323655286182,0.12473154870242092,0.06015086966219163,0.09634539726990152,0.113962630172616,0.16048421925127723,0.2174978560649366,0.13667700004115313,0.21283575710401123,0.2212597536623881,0.19651191339928342,0.3822234640599793,0.16229169824380485,0.25546419658884595,0.20590763261061382,0.23105045411865519,0.20236862435920402,0.29090015961028703,0.2589213919282002,0.23395181222814282,0.18699796493518292,0.2025132385147884,0.15681725876241753,0.15069878803768044,0.18781533157235264,0.22997384117294162,0.13783592781248685,0.29362641243436294,0.08435820533505493,0.26560265570212627,0.22714494077920835,0.4494088822351178,0.41816193170329613,0.24472123832138698,0.4312194866740546,0.2268603965022103,0.30447738902835997,1.0,0.1931284576590375,0.24590451698608518,0.11514694257068338,0.2536568277928292,0.2515483972021114,0.1429250604033637,0.28502988358761855,0.33193064302279246,0.25939758271405333,0.15752801635793068,0.1493440819694291,0.1191374470433366,0.1592355114966928,0.20896318809381448,0.1388197032089,0.14822702411039995,0.15174974090065388,0.25453770574013207,0.17578302852826275,0.20202684635564067,0.2986267940165872,0.3006998863575947,-0.06990814241012511,-0.061405728456745,0.054006910022483444,0.2592256542747447,0.35633542574303995,0.2714776146916802,0.07504293360796846,0.03351988580581294,0.02075101714590698,0.07484620364258582,0.09004375004834378,0.0481902130434455,0.07003198176771638,0.06783796148084947,0.07832963236060733,0.001135850818922911,-0.0072978733229489175,0.04574039154412966,0.06593972538758167,0.04527394654082873,0.060638436254083085,0.06325726191070387,0.028670898593776695,0.058530784007495604,0.04419962411357595,0.02484929272854533,0.027133988377580243,0.07345926368941201,0.06366474907318442,0.07657123562649983,0.06383101474472513,0.03814799640682756,0.08231998518851923,0.08343814683459687,0.07460973892617333,0.07300748058544787,0.026270612964149526,0.09667567179553987,0.08655218829708722,0.10026813731052402
WELL,0.22025218120823917,0.22307522803558838,0.21513179421860806,0.19968536058347874,0.1307573645464968,0.2950412082632934,0.16474956038142352,0.1841675244710811,0.12655827166980804,0.18119205606731562,0.1697585821092996,0.29998305923257795,0.33996395805027335,0.20768214806837573,0.23549343569680764,0.22679598868342743,0.2627301198714622,0.19576269004402883,0.22579707976560529,0.26762420924176306,0.27034357105562007,0.23049181536905006,0.20993618330741562,0.201021775866569,0.26172059888575994,0.1593886240034608,0.1251787455370636,0.1589745108871461,0.17444466270850964,0.13054199978991118,0.15937231704596608,0.1290118286220608,0.33467724573999624,0.17650259240311372,0.23547940993536692,0.13719902046362736,0.37676484829797113,0.26192479308544014,0.301930329763953,0.28476253378136035,0.23025250246537424,0.2777423238859752,0.3198378937379238,0.24824817223536505,0.22838517360785657,0.16899881615181409,0.24655314791157962,0.217003007440821,0.25189699585152936,0.2136393925529723,0.2416464256721745,0.2174761279651535,0.18408909023232417,0.1955227920177831,0.2420176215837954,0.12508141622937027,0.3153992402151842,0.2792005785837195,0.27815953570216223,0.2057817813299873,0.24617284925685085,0.2308884342086729,0.27710273336917957,0.15050024962024194,0.2640552747090984,0.22433833777020049,0.17083764311056127,0.3229987140186913,0.1905189257912463,0.17457405373107102,0.22954650066181878,0.17159978114019053,0.32538805730381465,0.21685903819633562,0.21942784180157748,0.18812891983331748,0.3209771381226841,0.1992031928910089,0.2797357498856545,0.31181351198343915,0.1931284576590375,1.0,0.5081398508190239,0.39707077891507864,0.5712787715442761,0.5747835790216268,0.4052854766290525,0.584091912436562,0.4585173201672931,0.4457760340492425,0.3510680802476716,0.1649076366141563,0.41965650313388175,0.3033948019940631,0.2522301957901977,0.46780325102566145,0.4787868802316099,0.4311199694157357,0.277003269015912,0.13930254329733688,0.12513170043882832,0.15401389428635848,0.06796037375341141,0.1487265343750999,0.16619694141644067,0.27462094058989484,0.39225854535445975,0.405100490254985,0.3137629277062389,0.06479196439745485,0.028399469456451068,0.021291483438888245,0.03545880375567373,0.05064205280221629,0.019046183446732767,0.04082595065173567,0.043743453943107274,0.02309773127471031,0.013566845437877919,0.04169151791303698,0.03954916732002378,0.028455731851131427,0.01957210562221,0.02679281962121178,0.021804185260837706,0.02158956302826731,0.004631260317909188,0.04345083762717375,0.04354669665315064,-0.05783337433221478,0.022203125080657127,0.06626624233861832,0.0515636197469211,0.03229570308908899,0.02674180244049334,0.028355851961442285,-0.011537790717349165,0.0709289212627931,0.04875710674614454,0.01181303184226708,0.020515207363873286,0.022778593786801613,0.045145247422787346
PLD,0.334019633439417,0.336823859314028,0.29296242701580366,0.21873911481486003,0.2433025559830721,0.34836268019468375,0.23343495818274188,0.22878210618880332,0.288177275924624,0.37978950069579875,0.28931473507053884,0.5455753287673629,0.37323999428768345,0.33485185813086726,0.35055358514514157,0.39329835021369103,0.49583092917303256,0.3284402062265765,0.29719993391696214,0.37822830712593464,0.32719281626288743,0.2679686734889289,0.25812514941960274,0.3897025232020731,0.2873337055029792,0.2690181374248505,0.19845012065252424,0.2009904427546233,0.24044928407294222,0.2037375272213307,0.24948872100527897,0.190594405236921,0.35233869282131586,0.2067207864866901,0.20541090877960552,0.2568256087205581,0.445481932173546,0.3700006273146259,0.4254591388393746,0.4380232919779208,0.3890999337951768,0.45175394713834677,0.48243819423370987,0.3327260113958312,0.3507688799121735,0.22505242527651104,0.30328601055416216,0.2572106715767831,0.35805919726935975,0.4807709851528264,0.37035457747741424,0.3493481447034151,0.44985535826692397,0.4277506656907218,0.36231625302181897,0.16939853517944486,0.3303939836872787,0.4369212885116045,0.46801732863235335,0.45295925573382007,0.49721631060000887,0.4423343632511506,0.44610450272449387,0.28025974215106686,0.45201242445008016,0.3412710490004112,0.3046992717298659,0.389814854599215,0.36223155458110184,0.3032597407613112,0.4119729220177916,0.3109138327213146,0.4084677076493953,0.22399481546569816,0.3408347211841487,0.35751845321609876,0.5215789818529577,0.3179070404786826,0.4154296730032748,0.49098699304349347,0.24590451698608518,0.5081398508190239,1.0,0.5860193279712442,0.6688449334100715,0.6557572162627198,0.49531425938262996,0.6541945393736911,0.5877224827167177,0.6520195979050594,0.4214601858893519,0.2369732042978573,0.3981307860231441,0.37995083492030995,0.2847349519819052,0.43248303140496835,0.4800413248813902,0.41052064655521764,0.3935291708943004,0.1343449352308855,0.1763898711133564,0.20496083200491316,0.040508415288183865,0.2238805952988148,0.22714761594529478,0.39263818063815853,0.5782397611868723,0.5998121579266706,0.4963618632499691,0.059969351843991145,0.019596699028361354,0.05154336802152981,0.06749731118190788,0.048899745901342766,0.041856122834185994,0.0454616986221166,0.041850239438829415,0.059291224903384836,0.0006624383729644829,0.03328235533160728,0.007985104410837648,0.09838077645925891,0.03263266437953111,0.034783677136550215,0.07343349762250916,0.03374022243855491,0.06810887316835952,0.06722147470177524,0.04959003570117746,-0.03953653820866055,0.021283949832175027,0.035559879843326335,0.04180298951622518,0.053550995574363255,0.048470553527417755,0.07960650003300561,0.021099719035362927,0.030201326588684706,0.011591475016343195,0.010476084613390512,0.04755642444128328,0.02286252516678782,0.07966680141301315
EQIX,0.31605827226956285,0.3179079771995284,0.28452418275505037,0.2183416274622771,0.2298822393933019,0.29484065592833864,0.16564429084950463,0.11678418309540627,0.2953970538068323,0.3424731920352604,0.27024155106051756,0.3970034435268457,0.31819060961281204,0.2613061025135247,0.295064293347079,0.2707971861493898,0.3517329393519756,0.269712768989936,0.28040572081202286,0.3566153656671732,0.2885521338492057,0.21489690242545087,0.21890703678490062,0.2994937152971249,0.15829257604112093,0.16263248648680426,0.11103269102744621,0.05579386215031169,0.0969900562044831,0.1044646834719546,0.09308961540256751,0.08512442762708765,0.25078808663823837,0.1269986821377931,0.15289740647997768,0.12388392215971482,0.3152463155318369,0.25584759837699533,0.33036178141495776,0.22907836146556323,0.3605986969437203,0.4461503358694789,0.36014181504583187,0.2336909066070384,0.3414638944758247,0.21992819067570207,0.18472363373244904,0.16066685050040647,0.2609351112598142,0.3759618045036987,0.28026575360833467,0.2445765009026631,0.33204837176557167,0.31882274790439674,0.2284459460017591,0.2822460623426831,0.2653402363772848,0.317376121043894,0.3423806848032286,0.30904007370026754,0.28675519371165836,0.2799341703465275,0.31670882808379586,0.34074127860573833,0.3422960284124323,0.3599707383892854,0.3109086657894272,0.4196089484558805,0.3074312072302648,0.26809568474264367,0.31388808406749996,0.2221369241326523,0.37616949968479746,0.2049091501615248,0.2393274334215816,0.19895173132509916,0.382535909601423,0.16393618946395644,0.29171942908488546,0.3572393665578468,0.11514694257068338,0.39707077891507864,0.5860193279712442,1.0,0.50877738631747,0.5005976567928888,0.5107337740996413,0.4569502280992549,0.39155984638150426,0.4304738242693991,0.3850576599313134,0.28490269183940536,0.3453477539536679,0.3059613283435242,0.2820284095816524,0.3844089565991672,0.39932038610151543,0.3568408919453979,0.31517171506986086,0.11909434626198363,0.14590540939232743,0.16505130371445362,-0.007017161515380046,0.22761214373754723,0.24393116516088123,0.376880540004789,0.49817200353963936,0.5162228996574922,0.4758708054840377,0.04670695204844664,0.014281914914009692,0.0016158575503732058,0.045226873093226386,0.020340077189542748,0.03601951233298381,0.03557672308514965,0.02758704231762065,0.028089967700864957,-0.040708725012517696,0.025752691911988524,0.01817866692890752,0.03847515660325958,0.032154043998799134,0.02195382991415661,0.03647855083720596,0.04531961224922337,0.02185022213942414,0.060037533647061735,0.03757606706658725,0.0042944795107768535,0.029913061710853672,0.054984316778885836,0.05691776188746451,0.06670343909834142,0.03842216598196102,0.06911920973487734,0.01516727149535551,0.043106372732322575,0.06810151188488717,0.021136853086133573,0.03395236483020096,-0.013392495831293672,0.07388341080678437
AVB,0.2624816374102825,0.26511934249246183,0.2431563911625039,0.22659281426215488,0.21097554988096617,0.31663621781057083,0.19220158743094232,0.24779418899779673,0.2610091872333271,0.3104890712684374,0.26729681316459025,0.45610084779690463,0.37637224122055124,0.2905276195985901,0.3368732885442492,0.3397193912087472,0.4163596131577093,0.3052931217090907,0.2819089048544265,0.34602549253287923,0.3544080433554697,0.2892582812902438,0.27352225383552087,0.3508627041354614,0.30678930354475564,0.2838408159290964,0.25349924502750815,0.18399842282380519,0.21203673258484423,0.19020405572845583,0.18991150579333266,0.18125694776618997,0.3906482281197155,0.21421936931901236,0.22473677490530392,0.20459266736492301,0.4623575199641866,0.36452770706646603,0.3920820189338236,0.4258960207925298,0.3255744435912336,0.39942448971776257,0.4501932301586087,0.35473496367359975,0.3979003406096219,0.23630284643074903,0.30124027582704316,0.23605376828509017,0.37349541478912573,0.41637928851671435,0.2991390586874602,0.34104696478995394,0.4164312775139529,0.3752564043566954,0.26862491732345356,0.14189840038487023,0.315614420319785,0.41240789269689326,0.39504982763259555,0.34950585410738527,0.42057397214778813,0.356422003345197,0.4051489860348272,0.20533266857893798,0.3867724929308884,0.30539315908888137,0.22149918757445294,0.38472820162698235,0.251032416819987,0.31819654392954416,0.35927120431991477,0.29480279914051394,0.39560570497029063,0.24475839615623415,0.2933058886135183,0.3315382811633964,0.45121455306831165,0.30519095116319545,0.35590312210300534,0.46191219211420637,0.2536568277928292,0.5712787715442761,0.6688449334100715,0.50877738631747,1.0,0.9325184263797901,0.48516715287947765,0.700960874278377,0.6338768988282879,0.640431629548289,0.4136268857486106,0.19651736566612,0.47523442380605796,0.33109450219662073,0.2486853917930893,0.5013649026096021,0.532169804269764,0.4782651559729029,0.34912398208328244,0.12492545410391051,0.1717890510645499,0.2144124132944191,0.049574677355591845,0.19058245269020377,0.20798672860588693,0.35148932719585996,0.5035865159207011,0.5365117098391238,0.41953744308722424,0.037861563192157215,0.009092405082768136,0.010483941533048276,0.007010615999989307,-0.011026023095063028,-0.013545184962176689,0.008709774320071311,0.015038439385459136,0.030782283996761334,-0.03847144072720274,0.010027534312919478,0.0096564839884744,0.03251147855111484,0.028347298663965566,-0.021604034171735086,0.029020433458848336,0.02654296070601167,-0.0028670502823882416,0.03070724243392866,0.014749017885031763,-0.0303151686375107,0.003472937182804357,0.023217777160989692,0.03353672870097289,0.00435169339813941,0.016240264214858358,0.044668741814981636,-0.002428789609035578,0.030032798260845175,0.011206990710651196,0.004843421935517209,0.002526260378342956,-0.01687582472559551,0.021133654331027218
EQR,0.27799295246733424,0.2815130021722009,0.2520057665402111,0.22758474005875534,0.21968406123472287,0.3162189270153613,0.19423472555119684,0.23650358387911366,0.24933134506324425,0.29149609788874503,0.25485315549962567,0.46342236111665736,0.3754094270368751,0.28340342206805136,0.3327547021416467,0.3402628538244262,0.415672611839178,0.30436938773415945,0.27844041704283307,0.3500663250832028,0.3568100819127482,0.2958151339782477,0.27152672364485864,0.3464959041835898,0.3181989928895185,0.2881928923261247,0.25886357511160485,0.19658562036774008,0.2223721054057645,0.20380521947979502,0.2034946543854315,0.2070542174250974,0.40046020114596037,0.21930442786999374,0.22914920381829657,0.21662198272882627,0.45805290964701806,0.3691708783390484,0.37555673880248763,0.42591705583308603,0.32140501948567163,0.3980129629663789,0.4413887894498902,0.3675211795205982,0.3825381799202616,0.2333459950564425,0.3037373604052522,0.24402156423638158,0.3455065251819732,0.41105428218964507,0.3023839910452581,0.3525247124523583,0.40106070491252876,0.3684144887373172,0.26247760758775096,0.13725572383058565,0.3162648555507378,0.410507582582485,0.3871737956542016,0.34492264485995017,0.4241422527034354,0.345958380752398,0.39838715062095037,0.21028939273416344,0.3913701615142342,0.31562820857921753,0.22176254167388476,0.3937839521165859,0.2520994241103578,0.3173811916635535,0.35685926011655156,0.28672884148959926,0.3930154813359271,0.247150494286119,0.29996761493004853,0.32853371129318837,0.44682912211566067,0.3030274221998877,0.3650089947471156,0.4493224760356746,0.2515483972021114,0.5747835790216268,0.6557572162627198,0.5005976567928888,0.9325184263797901,1.0,0.4861690838939228,0.6945798172806467,0.6436205448965611,0.6451871423268984,0.40461916344536913,0.18615712327506176,0.4690161211339089,0.33659545721558043,0.24503171539338767,0.49882435714894946,0.5303666311054506,0.47423156580825027,0.35406731786356693,0.12751752638994693,0.16769901849030378,0.21464083231867256,0.05534337801711877,0.18303496499793473,0.19910319253943856,0.34102257888647425,0.50041249178917,0.534758090078462,0.42098253294287397,0.02577950526335214,-0.0014954077627421893,0.019845377181139236,0.004580332095929037,-0.006519102329905971,-0.004774584190626634,-0.0009895467208933142,0.004802831758468909,0.021981389635875846,-0.03981413150787259,0.008917534120418001,0.028661847073177916,0.029744316351870657,0.011196418780247507,-0.026485451756101345,0.03283074344265005,0.028812687471168264,0.00558027301015087,0.0231250150568386,0.007880821214266465,-0.028892805178803847,-0.0017847771052511882,0.017510190875397517,0.019230667701200875,-0.0026242783437133285,-0.0025917212814328262,0.04174941591026419,-0.020783014094079698,0.012202129506979298,-0.006262163710066447,0.0018146987688148102,-0.00233391597686574,-0.028304486636271404,0.006375823702426023
SBAC,0.15410006096823145,0.15968269246079217,0.12825052659937838,0.19494504072175275,0.15783623894610155,0.2210685025680776,0.11421471516972734,0.22965610541410986,0.1720684790155488,0.16447320752109842,0.11487250687969247,0.36483947693850594,0.36981667586123634,0.2794371530744103,0.15184617668869305,0.18812924056017513,0.3742467332625032,0.12651808641440393,0.21223635037156027,0.2635128047084671,0.3258611216067487,0.28085591828228074,0.19923071949193732,0.229027612206684,0.22250183437378662,0.28597915466858653,0.2167246792330429,0.09128493474788008,0.09435495047079863,0.074793221569379,0.06469497200909988,0.07688585461309712,0.20467581304168894,0.10958578238752321,0.1364382486551111,0.08767020953716653,0.28155857104654286,0.1505454019655413,0.25889743201362825,0.18881123702026395,0.24742004081124364,0.35635363391808356,0.25574799515224184,0.3133105517556372,0.3091455999996913,0.13512808163343573,0.2987479491424483,0.18176570256736324,0.27626508284768986,0.31323934093432604,0.26135057270081724,0.2804062708851701,0.30613822311780176,0.25715652966153935,0.14922517821637657,-0.09500247652224189,0.11823530133523522,0.3206607835257569,0.2571823710650749,0.21941777052261427,0.25196861666248804,0.23650937231934827,0.32918551748905184,0.12497289474829346,0.23810344987692886,0.20671100367064094,0.1314455156563357,0.3302122429483601,0.13123463050637119,0.26794543365445256,0.20349334154858362,0.2045925718776922,0.3103537874984232,0.2387180365792006,0.16251325061573535,0.1597971900263902,0.3279714431050706,0.13834154690888995,0.30441759983333283,0.3302091395401444,0.1429250604033637,0.4052854766290525,0.49531425938262996,0.5107337740996413,0.48516715287947765,0.4861690838939228,1.0,0.4225005416976437,0.3800619058788498,0.4359194647621155,0.4438963199397105,0.07187987655446809,0.49169420060384456,0.2787100603273322,0.15297150244156085,0.4777517895927233,0.5044354742831407,0.44609629848337756,0.3301295528590647,0.15243159167346076,0.1400505299019885,0.12062474634302008,0.013946630428722925,0.2921624298316054,0.3297044726249216,0.38904206996582874,0.4105127191965536,0.3386336692399745,0.26281168497777224,0.025242335559973874,0.02274625221258571,0.016659481422859907,0.04550655322883921,0.012228544087989943,-0.025543181412778088,-0.0014346317453633503,-0.004641219235607773,-0.0027555430419513123,-0.018024577804064978,0.01715137680791687,0.005116042532648576,0.03905858847123249,0.0209500203672472,-0.002480763365447374,0.026953179599660745,-0.0050757391608764945,0.012026435593952623,0.058311965970119936,0.017886122133183847,-0.039556198600143117,0.021211317916655755,0.0011162448345791044,0.024873930701206946,0.006461623860772961,-0.015447434589294585,0.029477628281098855,0.002335858758029858,0.03413701640961006,-0.01555110828156251,-0.011601165618675385,0.010896916625959704,-0.011162494187581693,0.01124786697383032
FRT,0.2901876266444536,0.295279371669076,0.2799048138464821,0.2082666585158179,0.20701410738102866,0.396936772033244,0.2425705506681305,0.30308381500788195,0.2507326801480771,0.33793818995215297,0.28427839805098887,0.5278400401544663,0.3934587549558635,0.3350093542199305,0.45401606217592066,0.46889481887756707,0.4472049416137582,0.426686457032408,0.2649067265659702,0.3261202711391836,0.3296746260111111,0.25607822765791655,0.3017476116776992,0.38732608660300155,0.35256366512445436,0.2597137506119116,0.2069717320812866,0.2900189850350187,0.29893647945291885,0.2738877333429705,0.33990450818602935,0.2750250977935529,0.45540226143399665,0.2754609074622506,0.2689413428342993,0.3321631738133285,0.4961321139909816,0.4525974322930326,0.4220399596470073,0.5301288398038597,0.39405683317386875,0.3786160216577076,0.5275396364641672,0.3526869457453076,0.33708675732529975,0.17549044127416935,0.2567331846303203,0.24200637916233247,0.28182662294283806,0.42895092136401153,0.28104027138315063,0.37403978638336327,0.38387128381425395,0.35980499577049985,0.3912257884941042,0.10612649846503702,0.3715292252553134,0.4037390610953738,0.4634826281239045,0.4190278252868104,0.5277716371089343,0.4601415671112118,0.47185751604958465,0.2210407820379336,0.3993266439748524,0.29346872818868197,0.2777660960619085,0.3825067650106311,0.3023879290154497,0.31630810395727865,0.39928710834726305,0.3304561574719217,0.4140053744726438,0.20775455795425543,0.3636910329208498,0.4137353820657723,0.5180599862881569,0.4082755642090131,0.39877608086092875,0.5425031311549902,0.28502988358761855,0.584091912436562,0.6541945393736911,0.4569502280992549,0.700960874278377,0.6945798172806467,0.4225005416976437,1.0,0.6819475383447756,0.6318363846275191,0.35113752149624244,0.16506322288617337,0.37380228314306596,0.39835239208691037,0.2855924738333029,0.4248690280964878,0.4567777848644743,0.43465093883570605,0.39887300513765445,0.10072950789349708,0.16107531748094212,0.22845459186032627,0.12187265755080551,0.14288572039687816,0.1528922407774724,0.3314999892235731,0.5557678420031876,0.57708093328176,0.4448447996473646,0.041342801288580255,0.021793281506900845,0.03854034350123112,0.039750177549369714,0.039546775574746416,0.02735937440614975,0.031713579552660076,0.016569109697022265,0.024301180662219354,-0.007219713071868247,0.0028729869332904784,-0.00976392549395254,0.04699293174929029,0.033513563918198486,0.02386050229513167,0.054637048735513546,0.022358678997233476,0.04039290277044511,0.04043023855743523,0.02840723934099011,-0.06968149168886005,0.007784806642647512,0.06598427755390046,0.07276914745086513,0.03728431347370391,0.008792463432562379,0.03437937108217791,0.02283671005940993,0.0466894755052449,0.016358079882406527,0.003430287432086617,0.026899250240752966,0.023309954610756474,0.04903809515753258
BXP,0.274434554636579,0.27778890779231363,0.2668719370673072,0.17122474671356033,0.2210079958693651,0.34129247987782324,0.23769090398999648,0.30612810140577906,0.2734179389765279,0.32325995750862885,0.28956392291758365,0.4820161192281287,0.29877234106891315,0.33571815805937716,0.4393048040374329,0.44807785996454363,0.45388978995343243,0.43450884079793545,0.1783884738234249,0.21142674314438353,0.1732474549078865,0.17624333994083988,0.22998947384227664,0.35231404070429423,0.30703596975556985,0.20367906036794606,0.17594583183930923,0.27382363397755405,0.29872712623923164,0.2638091689348265,0.3127030507997435,0.27840720232309385,0.4140734882779234,0.27167686570078026,0.25200173289220174,0.3256675531232738,0.40894585871816685,0.4078402859323572,0.3420180455415401,0.5964770680551389,0.38711299263115473,0.3274150184824637,0.5479773477646588,0.34017073539238324,0.2762937812135873,0.1297343755211842,0.16040230132910557,0.17272978686636592,0.2505861013970744,0.39360819618208864,0.24838628395242732,0.34891412354294177,0.38499877788569953,0.3710504257936331,0.39773803202036967,0.21215747364101764,0.33168959364179956,0.33571181049659765,0.4124412163456161,0.3713553760297033,0.5338015600475224,0.4540743681554306,0.39489386324892306,0.22079392000164047,0.35287890226539625,0.2642014003057369,0.27658595008491793,0.2505062563702839,0.29816755198285944,0.2672757196158724,0.4137234762531273,0.2844130113001986,0.28802121845764167,0.2242675610674718,0.36800833830845164,0.40252062256290716,0.4262447166404855,0.37655010464762456,0.36870529437898386,0.44209754651300986,0.33193064302279246,0.4585173201672931,0.5877224827167177,0.39155984638150426,0.6338768988282879,0.6436205448965611,0.3800619058788498,0.6819475383447756,1.0,0.6904671115947202,0.2888844499647668,0.17425935010019616,0.289918112639435,0.31397500281439644,0.278478856235034,0.3278373387516206,0.35740372170979867,0.3369228460580577,0.3983740925931706,0.08342370724323947,0.15783758765581132,0.22859289034162514,0.1143542760556797,0.12390590640520538,0.13027389759240854,0.2992542044552394,0.4937793785157705,0.530184796149845,0.4226376026028102,0.032287139097830056,0.009179049718037067,0.015277132787782614,0.02871942773297037,0.04493313146710756,0.04820661819496219,-0.009996387774584866,-0.00026169530665235346,-0.0016427414328793715,-0.01266404635445089,0.016952814048153325,-0.0029345946797094064,0.08029338878559242,0.030909899532856503,0.03982320737628762,0.04819037152346571,0.009348470171794764,0.04256514788298766,0.02302127528887239,0.015811145850360243,-0.06107752168392802,0.04434382819156721,0.08150090144121223,0.06442362633924516,0.027365930827654074,0.026662827618623534,0.060613655490699005,0.029458538451724522,0.045545338603546655,0.020765027411489504,0.04125675178715521,0.06400666597795719,0.005089875221219797,0.0561448877144647
ARE,0.25112853627284604,0.2547030872956646,0.24016500543838007,0.18009626985217403,0.22312791614356606,0.2752729975346674,0.20416528199691314,0.2636808422840328,0.27019951554407856,0.2948468758000122,0.22890890543779374,0.4625819808052898,0.32393167838935205,0.3124669520577609,0.3428988835183739,0.39679355072313816,0.4733715402093519,0.34473918941315196,0.16993093987970606,0.2689755112516983,0.23895746497764567,0.2381887834106342,0.22550261268084482,0.3434346331882382,0.26952127215697963,0.24607174620202416,0.20711508685254187,0.1886840472890807,0.2428742369903217,0.17736525259777464,0.2128180569898432,0.20359518255802592,0.3188537156283914,0.18152108293734323,0.17296165305338357,0.218255846003803,0.377520117683677,0.30450389338495193,0.3234196992480844,0.44394835301318136,0.35318190557117607,0.33838486078298635,0.4329890617378935,0.3391534434887098,0.3022341826177991,0.16784988729273193,0.27022497072315727,0.2180328853285219,0.3140647936870078,0.4455784683720652,0.30266354584818916,0.3225577866867267,0.4603999130355981,0.4297907060228291,0.31919956318456827,0.10730664456204073,0.2679760998153921,0.3636823869310641,0.39770719467339355,0.3646770760091313,0.4705524384156645,0.43191798193344644,0.4123842884204084,0.19134773916959716,0.33459219295574416,0.28071397261801245,0.2346269703413739,0.3100989217289511,0.2819271556057697,0.3065452602187833,0.34957603337224785,0.30502562845476416,0.3133356861160679,0.2010739186835141,0.3102541790068316,0.3814567751789649,0.4313622926769642,0.3581694518530852,0.36351852416360503,0.42840312440846173,0.25939758271405333,0.4457760340492425,0.6520195979050594,0.4304738242693991,0.640431629548289,0.6451871423268984,0.4359194647621155,0.6318363846275191,0.6904671115947202,1.0,0.3677538626362295,0.17262291077646177,0.3588279052978338,0.31587646124437724,0.23988229914460008,0.3909664690655024,0.4304197177755015,0.37606889958631406,0.3787594937248264,0.07997833639077441,0.14566910435236083,0.1811620142760428,0.027668782155118584,0.20177755306700768,0.20886189932399657,0.34724285928575876,0.48324708863782245,0.4896815175873656,0.3933015928964155,0.03706159867887005,0.013513734275100034,0.009581196032587827,0.000105805666249378,0.002378643509733858,-0.021611349434652653,-0.011253128250450495,-0.005442070413772289,-0.0015280890240451372,-0.024751561747015094,0.023818195504267496,-0.03562011285611993,0.0455381225979551,-0.007831017183032798,-0.00808715195539866,0.018979079844882084,-0.02135160798858777,0.011095531430610829,0.024709182159128953,-0.0011974848193761084,-0.20291797201104692,0.003186588306614212,0.0453063296477618,-0.02583314816521628,-0.004740705133967663,0.005476501075550902,0.0534054161715001,-0.019060497142487247,0.006194329569521488,-0.028715364888652086,-0.02006461294953647,0.02603828972424427,-0.013124075310088905,0.009147837118642067
NEE,0.1773043712822346,0.1805984978504725,0.14221962368027868,0.18389701231626646,0.15800770099947506,0.1334911246726005,0.11610714766354617,0.13755053408779816,0.13659887680674485,0.19003986963760416,0.1366754947994259,0.3361174848230497,0.3254422466904868,0.2361738244911975,0.12416019241152841,0.16749193620984212,0.29557817585392976,0.11091994086714334,0.21735033168239348,0.2615373933638946,0.37636758918919894,0.29662432872805,0.1523893237804002,0.24028052834135752,0.22469428931614138,0.28244861803220495,0.21826845106070278,0.16072759376661339,0.16432123351041314,0.1337572111347999,0.1192479716199986,0.0896820031534986,0.27703327641013353,0.14522266067615383,0.15715228856900612,0.1369249349342574,0.30890189661629897,0.16119136373930706,0.2176151728075357,0.18857287036971454,0.21362795864597825,0.28893190784279243,0.2553178352756988,0.26839314585195007,0.23820920656786962,0.1693320405035407,0.2888247782300352,0.19592443767617557,0.31409702492477637,0.2770121697412222,0.21903902942334041,0.22398513071705362,0.263031638565912,0.21402902789745398,0.1609821658294894,0.006542094311161339,0.19566425611744587,0.26863807822069424,0.2628815115144455,0.187280901675791,0.26326818428635895,0.2316542103894002,0.2819611089342807,0.11760610318252869,0.255731441866934,0.20275060420114346,0.12249991795986731,0.30295636004747256,0.1864552777300461,0.13878090536750848,0.1919883646099591,0.12415637877502406,0.31534965675350407,0.24457957820232942,0.19349445079692837,0.18447878691090774,0.2864563221494057,0.17550418623418018,0.3225094806978687,0.31417106204572176,0.15752801635793068,0.3510680802476716,0.4214601858893519,0.3850576599313134,0.4136268857486106,0.40461916344536913,0.4438963199397105,0.35113752149624244,0.2888844499647668,0.3677538626362295,1.0,0.20721002228590324,0.5870209124442117,0.3988455630693875,0.25536467631299486,0.5835092292052271,0.6322445771853782,0.5228279163562388,0.5278479287753205,0.18134656062980073,0.18797172030846174,0.1398592656730953,0.03442886694031592,0.22767092617194687,0.24839662009856237,0.3344883218583556,0.381789350131671,0.35750617467586127,0.27839119018453173,0.020128570285388978,0.023184670301842954,0.025915633021134442,-0.013625793454133507,0.020673934385472464,0.0016924386028868733,-0.024794787320665028,-0.046008892159216434,-0.01789307962945089,-0.016231713202097334,0.02418787401418146,0.006215261736890371,0.01748353855465644,0.03820283706303599,0.008634491548989112,-0.00021419885643288858,-0.0015716349292471238,-0.021569309815422388,0.03814187347902007,0.04565680397879657,-0.044878983242292086,0.010775866013906205,-0.002079581533436141,0.06131172928926687,0.0111652597927321,-0.043275796262963025,-0.0018009598881865727,-0.004747271913542471,0.030245455142715635,0.04937806422647715,0.003215230245962762,0.03282465232713867,0.002952300870783206,0.013102355737782496
CEG,0.2712015927917263,0.2711317141089118,0.2516430877585741,0.11828342411238167,0.185380701924972,0.20138729089813845,0.17286209732635732,0.05794343185902513,0.20740131165412995,0.27162132350182144,0.2680373568157254,0.21817268478522142,0.08898819479592392,0.1472099016969393,0.23254990229953876,0.19079158496886195,0.13821869262531158,0.26048264326357984,0.16351890173525274,0.2409916923809763,0.0230248730505101,0.012389987497944547,0.1651152747253498,0.15162438767271627,-0.021322579946943174,-0.05043832395738801,-0.08742542283488736,0.14675686199702986,0.19840222310130676,0.21604809414062714,0.16431825532037006,0.19378918261728378,0.28062940276875964,0.23269871016668295,0.25483440214052033,0.23530034868489474,0.18492533347590925,0.2584363906962689,0.21874609537387424,0.17176123032871965,0.24038637513739544,0.16631774313296693,0.28748144670998743,0.057355444595854004,0.11603274757688686,0.13580767067781216,-0.029943765544375826,0.02410424379385102,0.0745285016213746,0.222343704664261,0.15262462791024634,0.0734704655038354,0.14763634346976548,0.16463844150205678,0.3068376621285531,0.5498223437602147,0.3654725685345136,0.1697086389127933,0.2697014574378709,0.18211065199588503,0.15341142150265577,0.17433738410674754,0.14768557954201694,0.3810067622168449,0.2314158514121948,0.29824136817220137,0.3636024511059959,0.22349920833951392,0.3249225122510257,0.1815689563506726,0.23745444690292553,0.13374755066411823,0.21534466241439978,0.19474129844769658,0.3075025366134069,0.17326691345208645,0.16389031720544753,0.16748981912041033,0.10778633730306879,0.14583747144167616,0.1493440819694291,0.1649076366141563,0.2369732042978573,0.28490269183940536,0.19651736566612,0.18615712327506176,0.07187987655446809,0.16506322288617337,0.17425935010019616,0.17262291077646177,0.20721002228590324,1.0,0.11678871730753078,0.20589380640901847,0.5522197931607972,0.18481139292779508,0.15866122243929268,0.12104246051336752,0.30230932833619584,0.11944891219882774,0.19124084775275238,0.20806510830428734,0.12102243433541764,0.015158240069223193,0.01128236577741075,0.12984163131437237,0.30811829224988263,0.4334534688958686,0.4230827660271606,-0.03613224842972238,-0.020036685163301024,0.00014784089192261714,0.007598181097806729,0.06085649410234598,0.024488069318985985,0.05439994609428886,0.02961547627497563,0.019103479481052538,-0.02804783829217226,0.023329690049286027,-0.05988098129052461,0.03493058880187837,0.028608585026329514,0.007054440424489016,0.040396249032116936,0.015569728843944506,-0.027239761529110482,0.0016732608829979855,0.002070052696675753,0.08347684640084352,0.06726545529567034,0.040508343123433196,0.014026138631550639,0.040020200531986024,0.039471092276766546,0.06502862104950492,-0.007397585977819803,-0.00890798626552319,0.03279064890895567,0.029452496719189338,0.04721815041914885,0.005562293596735708,0.043660046816392344
SO,0.069829549982429,0.07108027244928203,0.022407086896853886,0.15731759306849796,0.09015095759679989,0.07442383029142198,0.08032348782814643,0.1427336080741993,0.010613514801539364,0.0534787763106931,0.001919634863486578,0.2787239511488152,0.3351263609614476,0.1919555398284229,0.050998622290221694,0.06650696570670085,0.17602065033611233,0.03929774039513564,0.27987645491367474,0.2525158459555213,0.48758516009038416,0.42302937022934467,0.20076663836724198,0.13073133027440745,0.2729040380506808,0.3793386343828728,0.3535378068369423,0.1697270072321626,0.16831945644911164,0.1380293211463093,0.10402442886671726,0.07676195745298678,0.2730137340144453,0.13738732640876217,0.15267162515540936,0.07519927756442385,0.380332170451731,0.15476109648818417,0.2289765032135479,0.1642227642597117,0.06700093128019896,0.20653299749416942,0.17336998954165292,0.29999287784087525,0.23105284955479424,0.16788559200422704,0.4401904418701935,0.29141127688746227,0.3189778352316412,0.18302092482777094,0.1764570298069462,0.2524961488164764,0.15297441380819118,0.10696712697794691,0.09203310390890426,-0.1194034833368047,0.13308655346422557,0.29082205350906937,0.17065782308020006,0.1290923762000452,0.15640513509287485,0.11410290482582285,0.23643976195814562,-0.05835003545983014,0.15591070271110283,0.0975464288849027,0.017810397586586233,0.2921571580551222,0.01759248231246331,0.12669732477493595,0.08309371886481948,0.0289717414018065,0.27445958735951975,0.27422309534575295,0.08109729212324396,0.1513515346637344,0.254654054606645,0.16055959014134827,0.2841279035150422,0.28457185678459096,0.1191374470433366,0.41965650313388175,0.3981307860231441,0.3453477539536679,0.47523442380605796,0.4690161211339089,0.49169420060384456,0.37380228314306596,0.289918112639435,0.3588279052978338,0.5870209124442117,0.11678871730753078,1.0,0.43125209541377896,0.15330639921295364,0.778533757419978,0.8026012794189127,0.729684069050855,0.33080609445664466,0.18306182114431543,0.13802766838167183,0.07314138523547259,0.016612354107826938,0.22865301840774732,0.2721695584216148,0.300368853948926,0.2940051715416709,0.24325003787108507,0.11001403530857484,-0.020542834291379482,-0.03274803357744806,0.017362093317183972,-0.014102990303133292,0.017335757367169094,-0.02620211758747015,-0.026146000976724,-0.014597003762586314,0.025504748259036113,-0.010300035307008534,0.018826457375744395,-0.01363693322261607,-0.020472359986828566,-0.008477122900191841,0.0024975648508889425,0.0052877725177985615,-0.0011619078971975554,-0.023448078713592373,0.039733485028426906,0.01787096530926671,-0.056715406319297196,0.011243827609295287,0.016902770997269796,0.05220775731634506,-0.002209048465636136,-0.07088379246534607,-0.04286009644620538,-0.04610850779090234,0.06504391511394231,0.007114279944316062,-0.007499863216788823,0.001327455203320816,-0.019283674013077116,-0.02137680405659018
PCG,0.20712733328487917,0.20910718127051403,0.16798139515593138,0.21595773441267638,0.1441070451026137,0.22894427124252856,0.17807132290498132,0.1335342141101991,0.16967903333405962,0.20451719678048916,0.16167223401626932,0.3166711891557667,0.30677749775296265,0.19407174252769832,0.2705147528441243,0.2710646636727546,0.23876005030712935,0.2686791766931696,0.20853159980070102,0.21055440575991038,0.2918272806355617,0.19989655531290773,0.204193371236823,0.21427274366997623,0.22558893564942914,0.2469750955603616,0.18702766325965384,0.20655247889717893,0.2183079253676775,0.25656601294730835,0.23124275529512983,0.18930575184717222,0.36339148649780595,0.21273404948250174,0.25777488394063647,0.2519804597717794,0.40576742414693806,0.33446240495567253,0.3051258260821875,0.3131703445933474,0.24393853210133926,0.27021888700739627,0.3324819399626751,0.21100619592100517,0.19486574400314943,0.14737987609079758,0.22062175758556393,0.20286883410311557,0.23930849662320275,0.24345281780218908,0.190403013006147,0.2715474215030158,0.23049346822969127,0.19090823603522977,0.2633909126167232,0.11184347159023088,0.26935313076265804,0.2659923507104228,0.2579288125897381,0.22453963630782667,0.2774033227279779,0.24969350773002544,0.24666634033592,0.14219965847776017,0.2489811516146254,0.2202460181105843,0.17584265938557708,0.32500341330073246,0.16677970931304836,0.17673741205247745,0.2140244472789563,0.1596769982904492,0.33943948679310887,0.19174149818332217,0.26676974652739033,0.22864604379721126,0.34656537077681776,0.2501162656954389,0.2546342687294802,0.3500910020820715,0.1592355114966928,0.3033948019940631,0.37995083492030995,0.3059613283435242,0.33109450219662073,0.33659545721558043,0.2787100603273322,0.39835239208691037,0.31397500281439644,0.31587646124437724,0.3988455630693875,0.20589380640901847,0.43125209541377896,1.0,0.28237192809428135,0.44729159401542007,0.4374103899030003,0.4073643819095515,0.35704034662997286,0.11353042295655898,0.14306977850577504,0.17137640014058045,0.057203747988741116,0.09339754138459944,0.10474053998527534,0.22138699216547666,0.3771817047788912,0.39423734406247357,0.2934964283456698,-0.015690253261502134,-0.05257526656980611,0.024549666119356564,0.010584387634030305,0.0214774125284906,0.020449903121315123,-0.008788514234382887,-0.004336517219498841,0.022968586351743942,0.024666274361495936,0.028594509473823936,0.011750647001406751,0.03223413143324594,0.03116253801270626,0.03334277468693561,0.0464405760602111,0.008321111999311707,0.012272917324192582,0.025691993339413934,0.040173657966327235,0.058716694702512354,-0.014595458679859147,0.01181926187080503,0.03377035653471059,0.0481400700827208,0.019544504513923738,0.04240889347130241,0.016218618281759793,0.04496273600007145,0.03368618978890058,0.01758071850995303,0.017428036248666585,0.009860194986387101,0.040338065018158134
NRG,0.28052931048187124,0.27968852715081577,0.28312932687002246,0.14108905070793876,0.19481432790235037,0.2413266097777494,0.2344227537396595,0.15167207087504675,0.18546549820021793,0.2850563809341408,0.24326311612466253,0.25310165637446586,0.16120090536704548,0.17888003263388386,0.28884109243917666,0.2743155971391338,0.19982496667192495,0.28064646927602405,0.14011940237887135,0.19835474868761552,0.0703370946780358,0.051217216094803196,0.13710870094548264,0.1986252076840097,0.09925551884687071,0.0021248951556037095,-0.04051053988751735,0.17807425993827825,0.21418132290830444,0.24351614339454764,0.24321473617808778,0.18944745279955622,0.3577483168773414,0.24770487310307548,0.22280967500664345,0.2505978427991554,0.24092504756462677,0.31870071333051464,0.21944376283911723,0.2997908716328465,0.26821744275945436,0.2312849834458682,0.36413303604644864,0.12088507702834517,0.12152986442480844,0.14004196732547866,0.01051990539316808,0.12843638939444096,0.16889343069773954,0.28639973876584063,0.1817755485457803,0.1809015875427558,0.24386658186226365,0.2246151875608896,0.3808196753762,0.560026593649759,0.3655336435748205,0.1948036854967512,0.3219725828019893,0.2148017773090277,0.30342021773681394,0.25712191365558895,0.23035149334052554,0.3434752875302078,0.27058671706590803,0.2863383621530272,0.3931876837942545,0.2702654375297072,0.36787154875919387,0.19441525567045242,0.28595806290505493,0.14516111837734796,0.23638916828019707,0.16950973230748667,0.31452957492124684,0.24603311356404634,0.26663608902739927,0.23012733319606382,0.13176343679135374,0.24194222103106833,0.20896318809381448,0.2522301957901977,0.2847349519819052,0.2820284095816524,0.2486853917930893,0.24503171539338767,0.15297150244156085,0.2855924738333029,0.278478856235034,0.23988229914460008,0.25536467631299486,0.5522197931607972,0.15330639921295364,0.28237192809428135,1.0,0.23386151219090562,0.216554066414113,0.21839014919320662,0.3494111664155435,0.0980167188770001,0.16156038461767963,0.17582487302902372,0.1048619960734584,0.0017163315701582027,-0.005720083214006676,0.1422178649070876,0.34918660597225865,0.4813206623209921,0.434950224705371,-0.01038603256843338,-0.006664231408044929,0.02474102980130102,0.002661575849424544,0.05628958802656368,0.01317899324468495,0.026069716593990412,0.03984122474304141,0.005048054951607954,-0.024520121552481226,-0.015133262309231128,-0.045020840547795954,0.0038667320021099462,-0.00829073816349597,-0.0013250761261601374,0.0317537580215598,-0.0307098239738885,-0.0061976263890990875,-0.03801540736071221,-0.003228187784985689,0.10407949720875793,-0.0005918746860693053,-0.030343546241743197,-0.0022518282666341713,0.07174447085399281,0.054912798438743284,0.05325924275835279,-0.004484833395891396,-0.04522619628248339,0.04001388208002282,0.04255823612090603,0.029011228735134578,-0.0007804147034154995,0.04760599918062999
AEE,0.08981553107032433,0.09277771470611916,0.0475078019075265,0.19143199733562188,0.07097991596882222,0.1358394879497013,0.11240908405879967,0.13499464654324048,0.004802718826765794,0.06896339894035834,0.06871981981423081,0.30798040045016406,0.35603999451978746,0.22525769273566032,0.0981918823804845,0.12336775616229972,0.22351967686739854,0.08802465043870362,0.3189965746038879,0.2893328972817551,0.48124247629772254,0.43222872416732705,0.23979048611035625,0.18680942676267,0.32157364013639755,0.3761603842720171,0.3419354135514802,0.16144968175966645,0.16134578648353137,0.13626536628903121,0.12063022422748694,0.07922926254688772,0.3357924739652135,0.17175531849200623,0.19662867085357116,0.10077560980827649,0.4258080483900157,0.23735441871726673,0.2646888137356807,0.2099291877457106,0.11634230530809818,0.2750803658140423,0.2421100755461612,0.2850797963489532,0.2688446710213564,0.19804319518398808,0.4251360061313107,0.2890635946645136,0.37059233760793403,0.21880774555607546,0.21985191228541492,0.25422384248156515,0.18871112336152704,0.1499174944762001,0.15649253125801543,0.01637211012265709,0.1868339666586425,0.3211792777475961,0.21588018596572725,0.18453251488014832,0.22405428636996094,0.1493675595108518,0.27617635881404684,-0.006993717044840022,0.17053348340750496,0.13402706437214276,0.12852244308113164,0.3491487742891572,0.055783203508048385,0.17870383893458786,0.10032466407265947,0.07840094299045801,0.31794865510495346,0.2577104267670472,0.12009524314799126,0.15387132638754586,0.31303137263046715,0.16692608946810666,0.309396846585845,0.3073267588479947,0.1388197032089,0.46780325102566145,0.43248303140496835,0.3844089565991672,0.5013649026096021,0.49882435714894946,0.4777517895927233,0.4248690280964878,0.3278373387516206,0.3909664690655024,0.5835092292052271,0.18481139292779508,0.778533757419978,0.44729159401542007,0.23386151219090562,1.0,0.8778949185882488,0.74661500612154,0.37155413376301616,0.1812708358423671,0.1535003869661523,0.0870681301413247,0.005185663430050246,0.20742897842905292,0.24343221852547509,0.30487680740030415,0.33028954762701174,0.31592798783533443,0.1735918125072693,-0.005478755317805193,-0.019642069005724384,0.013830167134618026,-0.017806508754321375,0.020579586074141804,-0.015414103388887025,0.0032256455685546947,0.015200230754552619,0.03799410159912091,-0.014028947358570697,0.04816369813556116,-0.018016328258294977,-0.00996963427089475,0.017564016913296832,0.019358297079332294,0.00283824083382685,0.010283009831303055,-0.030852631501976282,0.04728219369828656,0.04562879444017312,-0.051287269329211536,-0.0027173662693738476,0.026440316358810213,0.04186371955750648,-0.004735575556161197,-0.048264724444927125,-0.021708062512541284,-0.014420971057831083,0.07176451537912167,0.003428940539729153,-0.011592688524227629,-0.007636099858739708,-0.007720786038263661,-0.008228996098598416
LNT,0.09794709852103511,0.1020468688574891,0.036574225260538946,0.17642800550796933,0.07329878004351682,0.13726376686750266,0.12403819343060496,0.14812928030818687,0.011982902257545301,0.07630482486810054,0.07162844064029862,0.34280438780428696,0.3524821979837178,0.2295825578284728,0.10239353456666393,0.13755052894269093,0.25698522930673384,0.09195042601954571,0.2990440632378292,0.28996769509283277,0.4820825022569768,0.41554336422328086,0.22217515586729258,0.19720352899738283,0.32209383635833183,0.3712730855125293,0.3350430003171125,0.14320055075733834,0.1511529647731233,0.11843025616132859,0.12270075504153562,0.06715619134723061,0.30950952950079347,0.15979690990854628,0.1815828075801222,0.09006200600860191,0.43207281864232,0.22169838617041557,0.24631384668790376,0.2439083348064643,0.11593904591129653,0.2542246920344959,0.25757150023955816,0.3022359828656981,0.26059392816260535,0.17763031510313146,0.435900936958009,0.2690638143117512,0.3728810809860657,0.2210321094079776,0.20107144932392962,0.2900751506652124,0.18384280525667315,0.15296885323550316,0.16912774115609197,-0.019212699907587588,0.16400882313537676,0.33487904713404193,0.23512157388999513,0.17778993487912526,0.2472815139932992,0.18132187673185066,0.30515721910951327,-0.027493490514612896,0.1923202228667297,0.12973336648988565,0.11145657446064684,0.33243820262790974,0.07318114812874864,0.17458041958150478,0.1252695188952542,0.07240280893548375,0.31605908994706566,0.25202900597858097,0.11708442639057,0.18128121237889766,0.3196591491782706,0.17891740058293412,0.3246504624433,0.3335037404185812,0.14822702411039995,0.4787868802316099,0.4800413248813902,0.39932038610151543,0.532169804269764,0.5303666311054506,0.5044354742831407,0.4567777848644743,0.35740372170979867,0.4304197177755015,0.6322445771853782,0.15866122243929268,0.8026012794189127,0.4374103899030003,0.216554066414113,0.8778949185882488,1.0,0.7564375600798877,0.39792488839147555,0.16956189521448944,0.14475054247230987,0.06872663726315133,-0.005310139242181402,0.23863227202915602,0.26975034305458484,0.33210330024316503,0.3339055759392708,0.3135515894983274,0.16816215577933796,0.0029746045434085903,-0.013368983845117755,0.0341869703773213,-0.0034231509624635544,0.005857443084261661,-0.024010860259629608,-0.002469510342900535,0.001520230939546034,0.02908708213475025,-0.019142451802367823,0.03790341191540573,0.0020248522786343267,-0.018270789474101046,0.019206335386032617,0.011117759382753965,0.0172323647987764,0.01683051712562012,-0.015305644605105646,0.04701280818101642,0.04040256764842181,-0.06002699417482881,0.0028706332063580214,0.01996977471724842,0.030729680304958023,-0.011713030187590004,-0.06564463119863445,-0.04018998999895029,-0.01915346433964918,0.06746556690398743,0.013852598955306153,-0.0053024696974504305,0.0003328741731624953,-0.024981640253000027,-0.010223114063669885
PNW,0.09102173922980258,0.09519952465491396,0.053628178948978596,0.16365178059852767,0.08137502014153972,0.12739487192384008,0.12311664823426556,0.1269960252754038,0.026139312177970213,0.08145137547183107,0.05435353293421458,0.2914019071476142,0.2725451792958562,0.20605848242636746,0.12540880694249895,0.12708334523875975,0.21045613393087337,0.10485291515812516,0.2756111379295312,0.2584523843428095,0.42992192678010827,0.36590532488892813,0.22602566034983948,0.15309426843823365,0.32668080061928284,0.3808348434227436,0.3325440102870414,0.16571992183927126,0.16708899496073093,0.1545271291578217,0.15460274704459293,0.07454103640696137,0.3109763052433516,0.19340059642942745,0.18656743842459642,0.12143826430574037,0.3999677705044603,0.2235975725568349,0.21082352000821133,0.25696491397289034,0.10970528951485083,0.20618156931042675,0.2543066701517233,0.2667446917755013,0.22358918206500336,0.12998893820504484,0.38937852676936824,0.2624871348981327,0.3249141603360748,0.19486581025974925,0.18884755939447534,0.277416060290032,0.17546770139861922,0.14252864118375325,0.1484941980378908,-0.01958685612670059,0.16580365726691867,0.31193004986109685,0.20190763556807095,0.19292432181150543,0.2342776824881157,0.15355055596515832,0.26327010391294453,-0.025486740557984694,0.1608438472986799,0.10952331733705131,0.06989617733686357,0.28473361507431943,0.0505139708689868,0.1209736530850992,0.11906130584819176,0.06704632401588613,0.31068889572645714,0.2364083580721056,0.137968979725369,0.19640221587310122,0.3062393471556394,0.2030294842429539,0.3042352136815155,0.29049275268854946,0.15174974090065388,0.4311199694157357,0.41052064655521764,0.3568408919453979,0.4782651559729029,0.47423156580825027,0.44609629848337756,0.43465093883570605,0.3369228460580577,0.37606889958631406,0.5228279163562388,0.12104246051336752,0.729684069050855,0.4073643819095515,0.21839014919320662,0.74661500612154,0.7564375600798877,1.0,0.3182030765797984,0.16226136586858733,0.12487490838965593,0.08388270054047785,0.016185246161856705,0.19255967470193228,0.21897257210901558,0.2850823839051235,0.3078481810794738,0.28506657271987923,0.14957329531121974,-0.016805187237672617,-0.04278100339269286,0.05041708540481941,-0.024091716101996365,0.0042297404581618896,-0.005353468877997084,-0.04154880454399523,-0.04800254134684406,-0.004952272190548343,-0.014011171102088304,0.04092459109221775,0.025907893448722952,-0.017209392181092423,-0.011208761362514329,3.1494564624555024e-05,0.011174243310287562,-0.011632811260926464,-0.005637121178203022,0.03426256781377397,0.032389904627066424,-0.06416965850759801,-0.015654928944177745,0.016062844446956784,0.06949515534547226,-0.010946692087535112,-0.04418263809457444,-0.023228106633464123,-0.013073183170404179,0.05461803290918629,0.04467047068087264,0.01052336730044978,0.0012476351578510096,-0.030141949305103038,-0.01492152466627947
AES,0.25148675064333337,0.2556235341930037,0.20576685792977767,0.1596952884306269,0.1850700568917138,0.20164508877421786,0.13834395954968173,0.2188950264151951,0.2123884357790137,0.26296456725311845,0.22015907329130605,0.3296177179864716,0.3192956270264383,0.2634847680293193,0.296351645657114,0.346188038478268,0.32047878899866306,0.30741641925654023,0.1481324854676306,0.20538678537426955,0.20216880051375274,0.15909656419348514,0.1875248155991646,0.29931141034774417,0.213160666927754,0.19356424616762122,0.12280859526784518,0.242144846709585,0.24939114767317316,0.25227639025913556,0.2455842726215493,0.2399378859178798,0.3562911365626829,0.2389187527733358,0.22296077457279764,0.3012358671999404,0.3312923575193488,0.28374812801391075,0.26804099999182784,0.327240696758046,0.3214021665981178,0.2904898263080481,0.3915575296356364,0.2014757170545041,0.1811957264984556,0.15766512425786863,0.14102001016207857,0.1596102588782128,0.23606232330919533,0.3585129029087875,0.23367459186184503,0.2558323509909531,0.33289696393060736,0.2884902765757693,0.3180443346101917,0.1892430760238205,0.27793237573366397,0.2363838530157712,0.35252707785127296,0.2494098801738679,0.36707907485191793,0.34833723004930134,0.3132166505880152,0.2383880653064826,0.2812294016342625,0.26090348049617323,0.24709554283833943,0.28940110566306876,0.30308160594331823,0.20278279506968586,0.2871043510530557,0.1983392891389826,0.30769796657578563,0.231073319140888,0.32021057290158506,0.33447274836012747,0.3636633060372204,0.30311566419612757,0.31571969154712737,0.33536800682048534,0.25453770574013207,0.277003269015912,0.3935291708943004,0.31517171506986086,0.34912398208328244,0.35406731786356693,0.3301295528590647,0.39887300513765445,0.3983740925931706,0.3787594937248264,0.5278479287753205,0.30230932833619584,0.33080609445664466,0.35704034662997286,0.3494111664155435,0.37155413376301616,0.39792488839147555,0.3182030765797984,1.0,0.13950849421432868,0.21697233426625526,0.23372435917251963,0.10957513017155178,0.1399336727687699,0.14349270030588326,0.28272757671141946,0.42964790619349,0.45126054291388745,0.37664693130147237,-0.0206029821775316,0.01826005069917421,7.814093441084503e-05,0.0076541328545061856,0.029279122702937584,0.017282711317660748,0.043503254158811136,0.024568175899810297,0.020804394063862617,-0.0538311752764345,0.019782719037614655,0.010957347852759583,0.046155508640708776,0.0767820628458408,-0.013788998009757504,-0.005999242531139917,-0.022941642976612876,-0.046281806780129095,-0.004932418299517532,0.03141031185895409,-0.009770144326019607,-0.0001372978207940038,0.013476776883868249,0.03537307170193922,0.03821935192351328,-0.006103952324116728,0.006000680341481551,0.0332128805536572,-0.00464785386389337,0.060372272939957075,-0.004851801165647858,0.06202802564871449,0.04636748440651003,0.03817491435773775
GLD,0.10157266087220854,0.09974633364636888,0.05089807605111065,0.0946912221177134,0.10881566877231547,0.042091609485836894,0.06488854230328557,0.07597456487424581,0.012055199537277827,0.04776859336643909,0.02795241586783523,0.07865554219273495,0.08088552612888415,0.12626893657240532,0.026590541432081838,0.04573194799715631,0.027062285227143212,0.011268149437779523,0.08169744651198596,0.06522697576383946,0.09416619319259747,0.07081193042477148,0.08177151590415538,0.12200545286994509,0.07050382258649902,0.03615933249855438,0.027250995128100485,0.14220135984403312,0.10396966590110597,0.11169247417929354,0.08517897232456415,0.11566604250166461,0.127562680969847,0.06934564264194933,0.1343042531112042,0.1010018787497492,0.027186912695323237,0.02864597956970252,0.017624401622207565,-0.01426777026949176,0.07908314222034708,0.04437008809923673,0.0929980921181351,0.013357119211151191,0.005415255564800927,0.05203282231105321,0.07867488396748636,0.043497898736587756,0.11625860971198504,0.08391673870545616,0.12298572301794423,0.05723441249817991,0.08934390441035381,0.03044040921062268,0.13646923078131595,0.09460349796345821,0.07423279870416259,0.06889955902762677,0.08226469667399151,0.04499934423159309,0.06207045763951889,0.08327525436144273,0.059564667501232085,0.06189953563159366,0.043379346476085275,0.056866967091714626,0.09590677149603835,0.07307631317626997,0.1438646703918916,-0.014361416595619405,0.05310527568868981,0.0036880606258731462,0.1137759555029677,0.6687379116491592,0.35015644914800853,0.07100822677680159,0.11080671017053409,0.07354653504432329,0.07756820498641981,0.07400802773793963,0.17578302852826275,0.13930254329733688,0.1343449352308855,0.11909434626198363,0.12492545410391051,0.12751752638994693,0.15243159167346076,0.10072950789349708,0.08342370724323947,0.07997833639077441,0.18134656062980073,0.11944891219882774,0.18306182114431543,0.11353042295655898,0.0980167188770001,0.1812708358423671,0.16956189521448944,0.16226136586858733,0.13950849421432868,1.0,0.7798599353052069,0.40001953777411464,0.15954533356607317,0.21039231397006022,0.2995962426707144,0.27061498764100234,0.22013144217481692,0.12603055812814468,0.11332974642399278,0.06107827813955996,0.0014045403044369723,0.03205495781976203,0.10513682486601945,0.1032374331433023,0.024380435518750916,0.09210509216631424,0.04313717454853745,0.048626317689300085,0.0804000551250687,0.011899559937903897,-0.003842382723262396,0.04387602149418102,0.03795525090560684,0.05296163157333963,0.059455350852050774,0.1184738658488657,0.0536063433725232,0.05431991052931568,0.05996474722238307,0.060720655185013,0.07481304800790704,0.03764641041851536,0.07002677392359226,0.12272750149193266,0.07793787284334021,0.04824356034408582,-0.0009708461897762967,0.03160568822273064,0.05416512874896776,0.042023464085155296,0.027838596488807016,0.06964538869020603,0.12018164829783544
SLV,0.17588259643406318,0.17447448123333728,0.12969171472941515,0.11796696041428473,0.17248462463824896,0.13250473374811303,0.1022426768124954,0.11994857857482924,0.0879041158312047,0.16362108491400854,0.08815813752681056,0.12955013046236538,0.10068895115430351,0.15178774202552814,0.12009558101636576,0.13038341917869775,0.08324469847773772,0.10840411184619173,0.07916419917074442,0.09044853028638616,0.08092201533708898,0.033456238106926314,0.1013121017931872,0.2000218306408267,0.09771851903083459,0.025496613504431914,0.0033658281721148185,0.19001582933680877,0.16231401007982407,0.1665322660690511,0.15074755223809289,0.17168098444139201,0.1688801043928682,0.10099504111903534,0.1562449952858933,0.16217066675826838,0.09139328722252213,0.1348768651719526,0.09384608695773225,0.07951386422871014,0.17653990192146332,0.10833766069830794,0.18138268200840396,0.03935925278849642,0.07040798076657077,0.0834003487922443,0.05612171170187984,0.040557602211605134,0.12602134358699277,0.16351887246109018,0.1454411073057707,0.10317725418475876,0.16203029794243967,0.097648665090903,0.24124309502165303,0.1311921579727925,0.12780477610689936,0.08838986146847203,0.1446785676663672,0.11090298639818086,0.12789837599431203,0.12282049077601818,0.10255303963997088,0.15086723246303452,0.13886417190818995,0.16569079620243074,0.18709194253766775,0.1041027601717787,0.23936153547023076,0.05662539654660847,0.138233036721644,0.08009477185057809,0.15962176562518524,0.6297452809285369,0.4653730609596068,0.16857631071014642,0.1747849862682276,0.17475930848348648,0.11269461796217614,0.13133828720809185,0.20202684635564067,0.12513170043882832,0.1763898711133564,0.14590540939232743,0.1717890510645499,0.16769901849030378,0.1400505299019885,0.16107531748094212,0.15783758765581132,0.14566910435236083,0.18797172030846174,0.19124084775275238,0.13802766838167183,0.14306977850577504,0.16156038461767963,0.1535003869661523,0.14475054247230987,0.12487490838965593,0.21697233426625526,0.7798599353052069,1.0,0.49360106186148034,0.14694858777898903,0.11281953331674273,0.17406006903797747,0.20397575442995367,0.2469256621219157,0.24431815192376086,0.22849090682068576,0.067400415186077,0.03126951388649579,-0.0030912755341456276,0.09461660160430815,0.12161527269459307,0.03501947021797721,0.0941953351285008,0.04812974668492549,0.04887462402776565,0.0841809007613161,-0.01571598981822814,0.0007687331645424266,0.030370522543490493,0.06937613828644268,0.06978609981732707,0.053400776192541834,0.11493205327072414,0.04154252826004829,0.0170618428437255,0.03063357054459225,0.058358240238619054,0.10237933184914161,0.028251481770576854,0.07072509933721884,0.11412305870766523,0.06026714374340053,0.044851135848411716,0.03834606403339284,0.02181345432329611,0.061021524133922644,0.07510151210424106,0.05786995229327437,0.09936973957557271,0.11441353979480093
CPER,0.20727704789815937,0.2078311681566812,0.19947019601788124,0.09906973298630026,0.16692768116335915,0.18616654145162193,0.1866579173660109,0.11787623873438301,0.16290100899002108,0.22473608530854453,0.21163961369493056,0.19621256050132055,0.17590059602301836,0.20055052089119582,0.2220681565479135,0.24667314117850858,0.178425564438387,0.21838575590659953,0.11339916046325552,0.14765611926908445,0.08567610012893731,0.012569056104949223,0.10563542148402794,0.24699998649830618,0.10052843229318581,0.04227852829139089,-0.01432853770571816,0.27544420944077314,0.29670549612186725,0.293741962442241,0.27598238123626684,0.2612593534232464,0.3040280488685136,0.158477064562299,0.20222050368230662,0.2888678856830537,0.19481753510013874,0.24660119133985697,0.20188449113397813,0.21804472927683807,0.21563977255349506,0.19166683567761342,0.30434011228085617,0.11141106209965013,0.10705857214432518,0.05225296652547727,0.04067960284778961,0.09248079559079771,0.10998772611581174,0.22862031832093083,0.16394647739969123,0.16147534268533842,0.21564240220259503,0.15798110959799655,0.3357706164220742,0.2105553247671773,0.23248326659993876,0.1443569711327347,0.24204308582871828,0.19930007367408395,0.24198023079037287,0.196257004883743,0.18817960232791314,0.2448455091264836,0.228655265815087,0.19063480846991704,0.17931312747996464,0.16823628748135,0.23832476063756594,0.14127890890743902,0.24804391571251985,0.15805022056743548,0.2666690859901019,0.3641802586024006,0.6746201232147928,0.334099992985236,0.2914221745422955,0.32246642343395066,0.13509392159775643,0.22513117125758184,0.2986267940165872,0.15401389428635848,0.20496083200491316,0.16505130371445362,0.2144124132944191,0.21464083231867256,0.12062474634302008,0.22845459186032627,0.22859289034162514,0.1811620142760428,0.1398592656730953,0.20806510830428734,0.07314138523547259,0.17137640014058045,0.17582487302902372,0.0870681301413247,0.06872663726315133,0.08388270054047785,0.23372435917251963,0.40001953777411464,0.49360106186148034,1.0,0.2448696088781888,0.02197462503584861,0.04801114616802892,0.14874738306451873,0.2884537313180861,0.35370683412779425,0.31857871533640136,0.08603050414614698,0.05504173238975206,-0.025441541622360852,0.05257182496119275,0.10179177170264786,0.051545197505212706,0.037843867363556744,0.01569838333768908,0.010635444074182614,0.05780542927247571,-0.034830283471575706,0.034619799437730275,0.06826577913875961,0.08400796269315,0.0675908248722908,0.07125515599678547,0.03540888241082209,0.06410539082366906,0.026017870190863823,0.013561668867252043,-0.037960593155013655,0.0792030597016065,0.06311805160560018,0.033978506300543866,0.05855532609725906,0.07805176910659165,0.07464038225622878,0.08190218461463786,0.03202378279189325,0.04526090561055914,0.030913765040233628,0.09197904764450704,0.07438864900934096,0.10213352933984317
USO,0.045009911102256446,0.04550688222049848,0.01168230192244748,0.05719163034154257,0.043135742415531385,0.09637548710258091,0.03442047405441313,0.06812586507959377,0.07121796796027868,0.053254085450990196,0.03289674374867082,-0.0029876314520011567,0.040908949834565146,0.02450481315965554,-0.0156891732182026,0.09833504846931537,0.008012759285723548,0.022232875622223647,0.03311393497496889,0.027681453528549782,-0.09489818946308784,-0.13009008578064038,-0.03903768009192236,0.05414875843152711,0.04020854712251157,-0.03677303308434902,-0.024647292959625533,0.6183390641556274,0.5623578056831094,0.6213305691659473,0.4782579732395267,0.5839883479694671,0.4496242695271408,0.43123617571767,0.3477775767058737,0.6088411991933322,0.1169743036137318,0.11863042857473874,0.045548616996815484,0.1225267120058557,0.057949806310472626,0.0445548667419146,0.09502330325395929,0.0619468247931005,0.03744021002276528,-0.03526318337547,-0.061534461207436116,0.01810328227126251,-0.017485482424117713,0.021413612514459085,0.022577415436886787,0.05797205702754009,-0.001626962413812211,0.025318132920952904,0.19340010739928604,0.04633344630649342,0.07665144168242183,0.01605494871806298,0.03487673582749023,0.02297929910403367,0.04528877344989266,0.019147244505167246,0.010304062471756286,0.061225753301883686,0.05628257388167699,0.03932326893447205,0.016915850227178817,0.04030739499775115,0.04188853633458921,0.06923115910540874,0.08427965512149689,0.0058682272572013385,0.08398820300483398,0.11477682809664339,0.22975732039753613,0.31669387872407134,-0.05629862253776426,0.38574609155913125,0.006898016318196996,0.0432552694717051,0.3006998863575947,0.06796037375341141,0.040508415288183865,-0.007017161515380046,0.049574677355591845,0.05534337801711877,0.013946630428722925,0.12187265755080551,0.1143542760556797,0.027668782155118584,0.03442886694031592,0.12102243433541764,0.016612354107826938,0.057203747988741116,0.1048619960734584,0.005185663430050246,-0.005310139242181402,0.016185246161856705,0.10957513017155178,0.15954533356607317,0.14694858777898903,0.2448696088781888,1.0,-0.16279514375730608,-0.14652467692821675,-0.08523590355867373,0.08592157828579344,0.12195624695980907,0.0652380816259269,-0.00693409109762453,-0.026949722595053606,0.015091467562318139,0.007851622345896338,0.03743782455142421,0.049628841922968604,0.029585393911468215,0.016850194970628004,0.06372043396768762,-0.020536660896214365,0.0008062486669423918,0.058835323665119545,0.0399993716731758,0.0702774821569724,0.0589696765178043,0.02489805221287551,0.00504558095873963,0.01966407841987692,-0.03064187185983459,0.0036335265206684244,-0.07602055399789537,0.05037856948253904,0.06605285713768291,0.051077830551361975,0.028793950334593064,0.023236065927047102,-0.0009927076238130446,0.09108721587443287,0.12112703894232658,0.044005522801726184,0.019828825575592426,0.09282791178800519,0.07680240392952889,0.04743666596477683
TLT,0.0407189025614468,0.044432514397472304,0.02110730066164465,0.08401471911984702,0.057455749088179325,0.019521796173164088,0.033846678083085946,0.035893640213041776,0.038987082981185604,0.051927487113961286,0.03153391007585734,0.2324861339996631,0.10815088265094942,0.12707418476394916,0.01737586364318503,0.008046587007730395,0.21062080464905544,0.004003038544093559,0.06172991462873159,0.06478006763512142,0.1377575948401467,0.12740488821792692,0.055194386555922494,0.054134286730618444,0.05673130004020312,0.10872569578254826,0.09589124837392263,-0.11788233968145229,-0.10078006274246971,-0.126167660053557,-0.11615008596836003,-0.10851390438700155,-0.05013267969441648,-0.09830115879245555,-0.03767777176851677,-0.11707608116219818,-0.017953951918842248,-0.10829793663174192,0.043460694542902634,-0.04599924694941748,0.08433854475071215,0.14354447058391773,0.07460483272507756,0.09722404517013285,0.13164929027531427,0.05156856908050288,0.09418455772204684,0.049667265240327704,0.12838693286077132,0.12823092859675003,0.13669150217126355,0.10097391124662529,0.15319454834136284,0.12428798382933362,-0.055978114064314057,-0.037350617676561976,-0.06892477693152958,0.06422381033546745,0.09828626804975078,0.040158654402444184,0.11418455523108063,0.2029833763899732,0.110633403808704,0.028869006647697877,0.06417597920204511,0.036713449064593694,0.018995827393396853,0.042682304569449346,0.00364056639300894,0.03810787152492272,0.02647571713681944,0.02905717487975272,0.06756713626038255,0.147922878953873,-0.01614960316276572,-0.022738443974230915,0.1243404170006285,-0.04533829420000657,0.10928723961766251,0.07689258870648494,-0.06990814241012511,0.1487265343750999,0.2238805952988148,0.22761214373754723,0.19058245269020377,0.18303496499793473,0.2921624298316054,0.14288572039687816,0.12390590640520538,0.20177755306700768,0.22767092617194687,0.015158240069223193,0.22865301840774732,0.09339754138459944,0.0017163315701582027,0.20742897842905292,0.23863227202915602,0.19255967470193228,0.1399336727687699,0.21039231397006022,0.11281953331674273,0.02197462503584861,-0.16279514375730608,1.0,0.9118260268731693,0.8777310705782304,0.40093137155595604,0.06861415913005407,0.0700796199232035,-0.023169141675628866,-0.026848926714373573,-0.014341457289527897,-0.02860352001129881,-0.04444469392979975,-0.05660030099879162,0.011616872730490533,-0.002889192738774552,-0.017656769366012386,-0.00970433737118305,-0.006471518848942995,-0.06282884295586563,-0.010422561969786297,-0.02132041847093206,-0.04232957778235799,-0.045778271692066164,-0.03161518721371632,-0.03344115349786002,-0.013267304039165092,-0.011176966054302837,-0.053566259616671864,-0.006019020366109473,-0.038912384156288865,-0.021671759337097835,-0.03457484984761909,-0.03673958342122069,-0.020179966712826857,-0.023560655124598928,-0.016264252851819705,-0.028090166084044667,-0.02987278606217911,-0.0006131217264114437,-0.04396306350006674,-0.03814225488098796
IEF,0.054825308031885796,0.0574734503563265,0.020342086468420634,0.09878825558042657,0.062129274541666335,0.01856513464113125,0.03608869879772171,0.04805568598610398,0.03247395151467205,0.06025810477547364,0.01826150466547975,0.25819397940516525,0.13204427881682673,0.13639933314811925,0.0017996487809995604,0.007764397931806016,0.21613469020979753,-0.008041266524915516,0.0659425254447842,0.09363519297986615,0.16314611535236107,0.1498530359760035,0.06052939650302219,0.041544236858502434,0.0828639926456026,0.11511845891135368,0.10634556606994501,-0.11311310697634289,-0.10153199675868793,-0.13340263292327545,-0.12460470873748261,-0.10517510009482735,-0.046467187540615025,-0.09244807174570821,-0.021849650223752515,-0.12368303376279735,0.009782903687624472,-0.1175898356742663,0.037751372652586275,-0.05941369129561741,0.10043521217476219,0.1422999018383703,0.06851498038528513,0.07437268633801941,0.135857643827369,0.06670967934358421,0.1306766108367675,0.05889749141756103,0.1383125804762839,0.12363605949396364,0.1475336813195156,0.11289092209937576,0.15087352025246406,0.1156734393947463,-0.06085851001189184,-0.08001338136602537,-0.05729575865851625,0.08555405759044682,0.10319360367222112,0.06436342461042872,0.1096467150720773,0.2200956761929084,0.13810612711025455,0.01482409873781261,0.06114516939235083,0.04764215527124335,0.017274834831985178,0.0595671439021531,0.008304352564155446,0.034806789921066235,0.022550504081821264,0.03715681620681647,0.06367834088417626,0.2201135618276419,-0.0051413438169472005,-0.031165521989067156,0.1292102403274237,-0.061524442984537984,0.1051922054852851,0.09492966987857307,-0.061405728456745,0.16619694141644067,0.22714761594529478,0.24393116516088123,0.20798672860588693,0.19910319253943856,0.3297044726249216,0.1528922407774724,0.13027389759240854,0.20886189932399657,0.24839662009856237,0.01128236577741075,0.2721695584216148,0.10474053998527534,-0.005720083214006676,0.24343221852547509,0.26975034305458484,0.21897257210901558,0.14349270030588326,0.2995962426707144,0.17406006903797747,0.04801114616802892,-0.14652467692821675,0.9118260268731693,1.0,0.8812481628451718,0.4491239128053776,0.07190875308974738,0.07347157782428247,-0.017913482658009884,-0.019923524207056342,-0.01562792953526383,-0.018719092145726066,-0.028013718246032108,-0.053029725547445755,0.004629298720602253,-0.0042348357285294765,-0.019414122580957552,0.0017318290809609982,0.013510059261816513,-0.07318173877911675,-0.017521444682315073,-0.0432811342858288,-0.041496427066710535,-0.03914333922259163,-0.015309316965783571,-0.02202602732941834,0.005742873245307714,0.006545496425852155,-0.05683515964041186,-0.010689428802601424,-0.036644876667135666,-0.02673712340627234,-0.025884918909971674,-0.04282088606818284,-0.018070625912130888,-0.04708732097715683,-0.01654501912820754,-0.0373823762580624,-0.0413093548353198,-0.012634956777596228,-0.04304100604313672,-0.037630626228085176
LQD,0.25762712588170456,0.26162087270091716,0.2140788495201672,0.19730413410373734,0.18993277203908418,0.17246698063049948,0.1282934495976063,0.14628313581221758,0.20489352532876542,0.2622430904693803,0.19561755244098153,0.4117716686177791,0.2502811534355557,0.2715575064617074,0.199025708987255,0.20421303451962347,0.37493212364837286,0.18489454244839737,0.1516958103106345,0.22579909550369426,0.22919632675947707,0.19561424446555983,0.16558275392239166,0.21751914991501375,0.16580294693966813,0.1580080330399831,0.1312336640672113,-0.0005574401806165652,0.03544430124598678,0.0046887066990634494,0.014490984465009155,0.016826838594046503,0.13569060895590712,0.01982611882948551,0.08246553606724327,0.0391186820419797,0.19098974597303506,0.10527382370619902,0.22940039149015387,0.16398017200948878,0.2912772521638498,0.3309708531681243,0.2974335649591014,0.20524043307753437,0.2561877439979399,0.12430917745892327,0.16454552060246846,0.12172613808276364,0.2337685457124393,0.3120000476314697,0.27410959999377027,0.23355848096191692,0.31674686655278517,0.28152573098091893,0.1337191817329611,0.11233418015145591,0.1266303506448352,0.24574734420353583,0.2899040948621573,0.22543181812654436,0.30499814157621097,0.37553554611014006,0.2898846558368389,0.22426363249240375,0.28443696308229316,0.2560873787889754,0.1763470466339013,0.21137792713916428,0.21156215433085335,0.18428923091846167,0.23551678950644536,0.1717864588718716,0.2643753329460571,0.24495566189566909,0.180835135963878,0.1410021040104471,0.33241647116900236,0.10298578066145389,0.23350072623934146,0.27969167897304587,0.054006910022483444,0.27462094058989484,0.39263818063815853,0.376880540004789,0.35148932719585996,0.34102257888647425,0.38904206996582874,0.3314999892235731,0.2992542044552394,0.34724285928575876,0.3344883218583556,0.12984163131437237,0.300368853948926,0.22138699216547666,0.1422178649070876,0.30487680740030415,0.33210330024316503,0.2850823839051235,0.28272757671141946,0.27061498764100234,0.20397575442995367,0.14874738306451873,-0.08523590355867373,0.8777310705782304,0.8812481628451718,1.0,0.6926820603907429,0.3663738015087976,0.34904397913577684,-0.008722408420098101,-0.026584791081340653,-0.006691642900891242,-0.02481107471899492,-0.02993425145282385,-0.047061346449934545,0.0043498189210045305,-0.001513273289581322,-0.004684311369163875,-0.0024693907347829594,0.003935566983394127,-0.055914938898606825,-0.011526953793847352,-0.013500184261987737,-0.03915837999445189,-0.012211092085237098,-0.024024183149625337,-0.011359303079989936,-0.00037521287513589006,-0.01997311086504777,-0.1369255895137495,0.004386566390615821,-0.038554670849450745,-0.00983362630136178,-0.022624997105422467,-0.029174533165588757,0.0029222001493167168,-0.018482724811927136,-0.004917950052197986,-0.019361234559914745,-0.04139793125120765,0.0037734157936020617,-0.03927870653048716,-0.023240597266744593
HYG,0.5260926267735417,0.5297800142266785,0.4579727399839781,0.3048400777282745,0.334899602094099,0.44851512859946707,0.28495749197013626,0.2935918947318822,0.4248911570402485,0.5416087468441592,0.4346513565450911,0.5637951323289004,0.3966324657901361,0.4218930233294537,0.5141167483587086,0.5167549947520069,0.5280069551976337,0.48425117444946186,0.26151875221356746,0.4223899847226744,0.26699732308123686,0.20034133610543972,0.29269374021593525,0.40834584522208794,0.2609507510068914,0.1590957144359362,0.09172667124580337,0.2286905537832183,0.2800268943479482,0.25616376460355644,0.28129842926607906,0.2405956636603635,0.4260009376661093,0.2362483449127896,0.2641553248987749,0.30699971246531116,0.48743768808296506,0.4549362004210333,0.48560239191946347,0.4867117407177,0.5560603390021908,0.5511666761695069,0.5914011825695576,0.3540122401385887,0.3976974751706462,0.20829980090115827,0.2002331196561303,0.19784156417222412,0.3195687316198562,0.5107861227045887,0.38872669916330604,0.3678224562314926,0.48078018695247277,0.4404279357954186,0.42544914501631215,0.4203255115019432,0.43558702566682733,0.4551536680973622,0.5083336066823056,0.4680544286140437,0.5107397165935621,0.5347939931679779,0.48343621911885004,0.5052737670311025,0.5660991647859607,0.5316154502076407,0.3829727879003848,0.43140588919118855,0.48174293095869575,0.4024293094499927,0.5127152232706618,0.3901794567112226,0.48414399603193936,0.25096084009553415,0.43665494949149153,0.3642080557652058,0.5590982860388678,0.3361601849051267,0.3572212110941509,0.51007168865341,0.2592256542747447,0.39225854535445975,0.5782397611868723,0.49817200353963936,0.5035865159207011,0.50041249178917,0.4105127191965536,0.5557678420031876,0.4937793785157705,0.48324708863782245,0.381789350131671,0.30811829224988263,0.2940051715416709,0.3771817047788912,0.34918660597225865,0.33028954762701174,0.3339055759392708,0.3078481810794738,0.42964790619349,0.22013144217481692,0.2469256621219157,0.2884537313180861,0.08592157828579344,0.40093137155595604,0.4491239128053776,0.6926820603907429,1.0,0.7544814460028519,0.7126202440627661,-0.011481475886102528,-0.023055684398792034,-0.009195695082285238,0.016961174256878205,0.016509149456186846,-0.004595736072790502,0.023504282771363367,0.03021221533377646,0.028190905889272432,-0.009953968793476813,0.017699530962953753,-0.010390620108673195,0.015141606338552572,0.0018175674007237564,-0.01657064906853949,0.027765678363771036,-0.005020723376731774,0.01623590097493122,0.011869818982703487,-0.016029107486894123,-0.18095458802986975,0.034057467695437875,-0.0025273542032799487,0.03312909564928017,0.01860026114272145,0.018935095552089058,0.04502322812431216,-0.009385575349909242,0.02211121692063099,0.0026097119326034886,-0.02465043437648174,0.015275826482111178,-0.01044710936363987,0.023103426229599905
SPY,0.6884093372724435,0.6907151706581649,0.6261807972995733,0.34249821070865594,0.43015994383218065,0.5410982686694171,0.33266268259388965,0.3028493013882002,0.4994618964405453,0.7120643818488067,0.5717999804033951,0.6020874787184534,0.467605337582892,0.48108128503839626,0.5951532848629248,0.6019011782023319,0.5313903620576135,0.561602981117173,0.35602570502171144,0.5556819774586926,0.2933067746179556,0.18270695321705513,0.37742299777536226,0.517916447875777,0.2770502657580392,0.14768728142912294,0.09420656926024568,0.30643111795292227,0.37080660760579154,0.35835270248958173,0.3764551981639756,0.3275278310634258,0.5164235137346089,0.320544353062422,0.33628880063174,0.40003801874882533,0.6176262615855628,0.632975710528574,0.6434062726540265,0.5996591475133606,0.6356496713936992,0.6194752819091052,0.688175526831086,0.39624902774832327,0.4527912559867166,0.31603825495026366,0.20384693626033043,0.25704274805808486,0.35821564992726207,0.6062552727138198,0.44067465258023664,0.4180449411591969,0.5330953974459559,0.5232058618167131,0.5780226458969404,0.5648733104493319,0.6020611954461393,0.5671896488747236,0.6187813412009404,0.570789378940334,0.5841265298905711,0.5493080239505691,0.5322543230788715,0.7037379099221236,0.7561502167659618,0.7383123597173679,0.5312066809479795,0.5662755029790985,0.6532131840866522,0.5104167908750127,0.6601259557845869,0.45051578936221914,0.6015531589007553,0.23977402741973583,0.5634696537547007,0.46608134513746075,0.6300768623483648,0.43365851360596414,0.4153926364425823,0.5887916701113449,0.35633542574303995,0.405100490254985,0.5998121579266706,0.5162228996574922,0.5365117098391238,0.534758090078462,0.3386336692399745,0.57708093328176,0.530184796149845,0.4896815175873656,0.35750617467586127,0.4334534688958686,0.24325003787108507,0.39423734406247357,0.4813206623209921,0.31592798783533443,0.3135515894983274,0.28506657271987923,0.45126054291388745,0.12603055812814468,0.24431815192376086,0.35370683412779425,0.12195624695980907,0.06861415913005407,0.07190875308974738,0.3663738015087976,0.7544814460028519,1.0,0.9515756725340383,0.038751058769607445,0.008739955640184862,0.0007381299046988352,0.05846207853632322,0.05812734360566213,0.036424018294739145,0.049178830191009014,0.04925777306872297,0.045814059574918915,0.0004601227686911527,0.02167037627093076,0.0250120863206886,0.04406899823668273,0.03393833424767387,0.028169350357460824,0.060623332501564826,0.015925384020969713,0.03818311089753402,0.009525878527848025,-0.015120809420162482,-0.06914347621383782,0.055579761171949085,0.03340977214869048,0.03943357077646146,0.06311814885582974,0.07668128087169755,0.0960909126055264,0.004033822618308517,0.024860573933016727,0.03456047802528681,0.01852335761978218,0.04735444243316535,0.01593008569859083,0.08265845208954241
QQQ,0.7401444975461511,0.7426402267625477,0.6878829119144102,0.3288212253187165,0.4503393126965001,0.5165121399289286,0.29636213937754957,0.2676234892667576,0.546246317695258,0.767650155685683,0.6295429462914036,0.5177107814792091,0.38573966051545033,0.44418375843598595,0.5592171466179485,0.5519396137801428,0.4822106577323278,0.5272071308406654,0.28739635753849324,0.5430201914058019,0.18101123879275388,0.08628270054478462,0.31207154305356705,0.4701020990874618,0.16703531724506634,0.02199664697510147,-0.01522368824615527,0.16578124361569657,0.2340550244714279,0.22524831488043448,0.2549176916790926,0.22841435630004764,0.3858679577520049,0.21610116212990185,0.25169512556415774,0.2921695603698642,0.46099292062788405,0.49639069771459005,0.5621332143042403,0.46068116651269403,0.6550027124684819,0.5928243772518207,0.5967729787737748,0.30886775149806794,0.3964464242863726,0.26033345340067127,0.07505970164929593,0.14434056213990637,0.2460404866902353,0.5446228630959518,0.40078501309062325,0.3103968565287636,0.4918686354062222,0.46711840984462005,0.4687794729243746,0.581407467769597,0.5260759934246401,0.4940192912423332,0.5484462743891707,0.5128191030998757,0.49252911191078147,0.4915228667800035,0.4364928731411612,0.7926492714552319,0.762453723512308,0.7912899359466207,0.5304001871387924,0.5073453263318434,0.6813671784231652,0.47773093952947615,0.6634451977787333,0.4487718453549818,0.5073985251287964,0.1914123321760914,0.4972587848939264,0.35856864711972836,0.5252491327995074,0.31574556263313514,0.34758322789543217,0.48467238075138414,0.2714776146916802,0.3137629277062389,0.4963618632499691,0.4758708054840377,0.41953744308722424,0.42098253294287397,0.26281168497777224,0.4448447996473646,0.4226376026028102,0.3933015928964155,0.27839119018453173,0.4230827660271606,0.11001403530857484,0.2934964283456698,0.434950224705371,0.1735918125072693,0.16816215577933796,0.14957329531121974,0.37664693130147237,0.11332974642399278,0.22849090682068576,0.31857871533640136,0.0652380816259269,0.0700796199232035,0.07347157782428247,0.34904397913577684,0.7126202440627661,0.9515756725340383,1.0,0.05483480733645107,0.028354276624642457,-0.0018013206041999042,0.05230456962864583,0.04958049210205841,0.034283662450268246,0.05803707684393645,0.052361889689711526,0.039357267946324444,0.008757486458765404,0.019445147439262046,0.025219181691877528,0.04103938881467024,0.027815215293396124,0.025211248307510675,0.051965646752856406,0.01143150867056491,0.029960057357559876,0.01513930340325894,-0.028756388491306364,-0.040689344470705484,0.06403894636238118,0.03947399002327179,0.029636604984034483,0.07082837550826646,0.09878168772069797,0.10143169952338443,0.010357262595355717,0.0134206843912761,0.030150580342289814,0.019760681526070793,0.0414026929586597,0.011485112409780071,0.08990339329708905
035420,0.05877385998319715,0.055597359874370506,0.06512065674065964,0.0779082712388084,0.04641259293726807,0.04531692086908065,0.026420082000270042,0.0808908172844802,0.07410915410194305,0.07920426430184872,0.05956374132300462,0.012315553998522926,0.008894103045447549,0.04846698688705927,0.05638900630454978,0.054401752664448945,0.03761024915366207,0.05230082371146509,0.04097306231420623,-0.00285160856757555,-0.024814428082351535,-0.04812202625712335,-0.026850727670056317,0.04652037591397542,-0.023879782534144772,-0.042568708970721104,-0.06623587875433556,-0.006613816115856073,-0.014311671633765987,-0.03913121088963447,-0.02122281785581075,-0.0014549346885548468,-0.005508750459619068,0.003728991493140019,0.030931051164120444,-0.027805795825207175,0.019652190398720182,0.003137430878307205,0.0019178629121924906,0.010334056958318395,0.06825330139127538,0.030845977197016625,0.039539969504463,0.007162842546480448,-0.024816037202084713,-0.10533976356454765,-0.04777184518598786,-0.03598095565248823,-0.05628226477166042,0.026054167563627,-0.012484500359976957,-0.039065915765903673,0.029946839436474318,0.011449188141660212,0.05415606816861823,-0.037382427694030475,0.0029803333534665975,0.016189744576346123,0.05862770516454967,0.0204969127567518,0.029377196168046394,0.013601975811879137,0.0006225418234283176,0.05578445106302071,0.04799243498712343,0.052374126938583544,0.02182056874114795,0.005408124818932386,0.05335252203897029,0.008457580484578016,0.016693148152152695,0.028641862796148335,0.0008297631614412086,0.05801926532736848,0.07223183513354912,0.014933095210235729,0.031038417587013624,0.03411775104484004,0.059157921113609714,0.020159193522484607,0.07504293360796846,0.06479196439745485,0.059969351843991145,0.04670695204844664,0.037861563192157215,0.02577950526335214,0.025242335559973874,0.041342801288580255,0.032287139097830056,0.03706159867887005,0.020128570285388978,-0.03613224842972238,-0.020542834291379482,-0.015690253261502134,-0.01038603256843338,-0.005478755317805193,0.0029746045434085903,-0.016805187237672617,-0.0206029821775316,0.06107827813955996,0.067400415186077,0.08603050414614698,-0.00693409109762453,-0.023169141675628866,-0.017913482658009884,-0.008722408420098101,-0.011481475886102528,0.038751058769607445,0.05483480733645107,1.0,0.6628125470771262,0.22821420541779275,0.277860793317493,0.24707782190139385,0.2467793300304202,0.24440531884941247,0.1995055924125423,0.25718164137205685,0.2147839401595245,0.10204054073755145,0.10288952769997856,0.29417517257168685,0.26567954179773245,0.16622307627659605,0.23856948903719105,0.22187625387624957,0.26600384207559985,0.21771773293356736,0.33613877799277475,0.36213144916201434,0.25232938846411035,0.17564437400512206,0.09522987772869518,0.35452631860260486,0.32103318463469416,0.2910666210964756,0.19218791223217468,0.06890319224440648,0.1263521552230106,0.10935820893742944,0.24312271675484948,0.23075284002042754,0.5028652930170832
035720,0.013583370849571721,0.010849005424121275,0.047991408487308165,0.05654336120131396,0.011998824646599935,0.02263197343977511,0.018351422049645606,0.07776179737966074,-0.0008324731062176676,0.044950053722566524,0.024994402447461688,0.013341774962367929,0.010601078336107541,0.027503729320386992,0.005475082987671214,0.05041714294639211,0.01952984853651805,0.009395997962159697,0.0037623793837504487,0.006301590385551575,-0.00570878703515794,0.017084368758179935,-0.073401117899266,0.025723631612514494,-0.02376951490358171,-0.015868902493407378,-0.05318201632320967,-0.02500343297288415,-0.02828756077054067,-0.05663362626614384,-0.04606096507392578,-0.038880473333532575,-0.0071915990591878915,-0.021878322520154304,-0.01426239163908064,-0.04638413332528422,0.005460310710891262,-0.017633830955965615,0.004563340074687358,-0.012682073145369519,0.058316100621467123,0.026906831945045406,0.010828082590389964,-0.008140285074357845,-0.03600017438658677,-0.09372366004880057,-0.04635435589460443,-0.006038208764433594,-0.04158313915060891,0.012173028592869875,-0.004998732023834245,-0.012654439317538046,0.013809790683019482,-0.0020644486636834363,0.04308616259342301,-0.057418394322657315,0.017904700128723736,-0.008564078654592924,0.053660776380968736,-0.012413150938680574,0.010630275521317916,-0.009233461176184371,0.022221609519289982,0.0367843378684754,0.026027059576097265,0.03684965340099084,-0.026827956028553302,0.020136829757428816,0.048592325510477305,-0.005721468611366373,0.020243776647408795,0.03947022607669258,-0.0008040405518474,0.017228274677270512,0.05886980580195213,0.010196928225046937,0.0321509530678085,0.030878957807020106,0.040550681660457076,0.04555151077498357,0.03351988580581294,0.028399469456451068,0.019596699028361354,0.014281914914009692,0.009092405082768136,-0.0014954077627421893,0.02274625221258571,0.021793281506900845,0.009179049718037067,0.013513734275100034,0.023184670301842954,-0.020036685163301024,-0.03274803357744806,-0.05257526656980611,-0.006664231408044929,-0.019642069005724384,-0.013368983845117755,-0.04278100339269286,0.01826005069917421,0.0014045403044369723,0.03126951388649579,0.05504173238975206,-0.026949722595053606,-0.026848926714373573,-0.019923524207056342,-0.026584791081340653,-0.023055684398792034,0.008739955640184862,0.028354276624642457,0.6628125470771262,1.0,0.22179558083153603,0.3017818862853851,0.312060970890515,0.25428069463364905,0.26044666057979726,0.22822410781104846,0.2804897017741988,0.23076371381196265,0.08291126194542928,0.1579099761481976,0.32596836167259674,0.29369385231405143,0.17548075160381543,0.22895541903889274,0.19584601075201327,0.22563844871457175,0.2544398049826546,0.3605101419466237,0.40029101753216234,0.2507407759762234,0.17020853426219038,0.10432218789755546,0.36010915588775627,0.323572534691899,0.3067608389347503,0.26473872960732037,0.058821861919577154,0.1269857016855977,0.1605365104233891,0.2840277334201581,0.30290681794244284,0.5234952783510166
017670,0.01634434045709402,0.01191897474790876,-0.0017808739108372013,0.014443799393135483,-0.028300864053470355,0.031650969405452194,-0.012761887790965024,-0.014231541994798192,-0.033039117577392293,0.03128851197559196,0.009714491828631617,-0.007359069301608647,0.0010377576697340016,0.03892062682762759,0.009844860304412836,0.03669736813520029,0.02780643767676633,-0.012099880474269681,-0.03295678736245849,-0.020482805678378308,0.022743829783548563,0.05417719718312528,0.01128445818869643,0.017638526122611846,0.009626699024925795,0.0634154708074775,0.050763687196546114,0.014155362990509852,-0.0029415199659968234,0.0013099864889653643,-0.015376089788187617,0.0028712651779348934,0.02057679048492538,0.02426884141464717,-0.014248914192925965,0.019316664881694035,0.007937246271853738,-0.008645712675062353,-0.04136848076587496,0.009428606017074593,-0.0027279924422552782,-0.002377361682316074,0.018432992021730092,-0.019022123704915697,-0.05753965666274231,-0.03521029615792645,-0.00017303551711657806,0.0014968665876513574,-0.0058170529071638515,-0.0026887914416846644,-0.002765410632882602,0.017490822577420743,0.0004045901856046682,-0.019023755211069984,0.01676866794026846,-0.003314212893799358,0.006218656938258751,0.03981736091688215,0.04372908590569928,-0.007792880984574129,0.04550867337977997,0.012767446314389082,0.03027638492389593,-0.022521712145138473,-0.02071489534171988,-0.0032905093631858916,0.012840500201011452,0.028690837132239605,0.03381411208980888,-0.05410816521197555,0.031182889205093343,0.005932892540043905,0.02529110748289721,0.023226669246454446,0.018242802681089812,0.007604771403680459,0.01693018178647677,0.01331087382619858,0.054151266763733746,0.049577461453338495,0.02075101714590698,0.021291483438888245,0.05154336802152981,0.0016158575503732058,0.010483941533048276,0.019845377181139236,0.016659481422859907,0.03854034350123112,0.015277132787782614,0.009581196032587827,0.025915633021134442,0.00014784089192261714,0.017362093317183972,0.024549666119356564,0.02474102980130102,0.013830167134618026,0.0341869703773213,0.05041708540481941,7.814093441084503e-05,0.03205495781976203,-0.0030912755341456276,-0.025441541622360852,0.015091467562318139,-0.014341457289527897,-0.01562792953526383,-0.006691642900891242,-0.009195695082285238,0.0007381299046988352,-0.0018013206041999042,0.22821420541779275,0.22179558083153603,1.0,0.27286659927823764,0.23176557899680475,0.2439838861962349,0.21869358023085464,0.1888579318726245,0.22485199097679207,0.22148344849884694,0.2561747888433575,0.09032346750759285,0.2938454924161858,0.12900077175705987,0.2214406350192139,0.251673444681412,0.2823435157842236,0.2894370073951265,0.1621970551398607,0.18460104768478186,0.2300953497903047,0.15053855553538806,0.1291321434081864,0.12482780499180797,0.2643548092714753,0.20281920670255255,0.27685398405858713,0.09511834397649419,0.06927913452248123,0.15360330772626937,0.12578883165930302,0.1660732745986531,0.16568449670568822,0.3739283447153183
028260,0.07579294608813947,0.07384907799927885,0.02246889547932552,0.03393976742703351,0.03457226282682612,0.0974628966800124,0.004273372984259699,0.04018811021161034,0.03993294818869455,0.04312765134094467,-0.0013598349073789835,0.03838960315457204,0.048206930167730824,0.04044839084759806,0.07059049628694346,0.08668549720049938,0.01315439463704586,0.07850763560281054,-0.004021814618848723,-0.02413429279644795,-0.010406872956651433,0.011670363708207268,-0.006253312110548258,0.12296998434374576,-0.0028200893416030514,-0.02492010592113054,-0.04509139850934707,0.03807816247755308,0.026943865884859027,0.011333052791721986,0.024781296794482807,0.02110677052471055,0.025253479987393336,0.013004986899795236,0.030335540064943104,0.023429194552758006,0.021176250407541265,0.06553033410785546,0.0595753212076593,0.03718918491577342,0.06901605125420995,0.010353299856749234,0.05964696520600434,0.0014859224122960675,-0.038522908048045486,0.015446827652038515,-0.01452844900915413,-0.006326569827632877,0.016025737352625507,0.035768123930488845,0.01881316947681167,0.0243295751237558,0.027666420296648692,0.026700833551002594,0.11105827795617426,-0.014539798786006381,0.04105259430720404,0.04780977522017363,0.05895728750118532,0.030424136265433693,0.026039694540323736,0.030731483722076354,0.03779028153346458,0.03669728556367443,0.0035563133260097662,0.022041282549118732,0.06452516651091472,0.03531657044173221,0.1253528504284697,-0.03511926143863604,0.030373451872502243,0.030718185175557876,0.04986492311505322,0.06669545890738064,0.09282302357353525,0.021142130693330725,0.048810261719970355,0.036925855554097595,0.04112650366567526,0.06694319337808886,0.07484620364258582,0.03545880375567373,0.06749731118190788,0.045226873093226386,0.007010615999989307,0.004580332095929037,0.04550655322883921,0.039750177549369714,0.02871942773297037,0.000105805666249378,-0.013625793454133507,0.007598181097806729,-0.014102990303133292,0.010584387634030305,0.002661575849424544,-0.017806508754321375,-0.0034231509624635544,-0.024091716101996365,0.0076541328545061856,0.10513682486601945,0.09461660160430815,0.05257182496119275,0.007851622345896338,-0.02860352001129881,-0.018719092145726066,-0.02481107471899492,0.016961174256878205,0.05846207853632322,0.05230456962864583,0.277860793317493,0.3017818862853851,0.27286659927823764,1.0,0.49557852760658627,0.4482102147367719,0.4153262566209991,0.40333401045555134,0.39689176476958854,0.36423972758375595,0.1977214091917672,0.13106284434391835,0.5582802306178618,0.3302448806980732,0.42779882605093805,0.3852162176092462,0.5643088821999309,0.4541798737547968,0.3149397172317021,0.2973725923161933,0.4063002109621678,0.35672015072700813,0.258506499220659,0.26438495391352795,0.5187360022802378,0.4206317074166572,0.4798237377596003,0.21588021375627084,0.16162747571055003,0.27624254329525877,0.2457351221785275,0.3237952934781152,0.38924207940627675,0.6565959441841642
000720,0.03931871512015968,0.03365821834622116,0.056607838073074054,0.008466934702676024,0.040597007290008716,0.04947850831289729,0.03185667497445087,0.02995809655889541,0.009619624404062905,0.04211957880078164,-0.0008461190852509664,0.03621771048082143,0.04116460857682368,0.04498252963121054,0.03894346096973471,0.051942610644099614,-0.0033631260615368,0.05030857179158396,0.026307319737620585,0.01896109649010832,0.007664698238631491,0.059765373728934326,-0.03476078096120888,0.08015230952576248,0.004451715269759402,-0.01750276804999259,-0.020487248596994405,0.054156585175009486,0.05413577806599047,0.044750068484540884,0.027949385658914097,0.04438661551046117,0.030218027616474685,0.03082556808144801,0.04818019790173997,0.04630909614939544,0.03813247829784598,0.07861641409170535,0.05231227436366082,0.020332604957564702,0.06682194949265668,0.0017728036167105718,0.0660721692193119,0.03725914616450335,-0.009714338530707746,0.01871837676182103,0.0021817067013443973,-0.03314048301141957,0.002735724099392361,-0.0037500271246063044,0.005022990965520449,0.0036185945303197774,0.012013723532999792,0.013506130455351687,0.08778835328578359,-0.01337725474734132,0.08476628299725432,0.037827193730053214,0.0748377619590356,0.04620157365486668,0.03847220390766434,0.014357354909362878,0.03414177804783133,0.036982144958451826,0.006135141236185931,0.014963079574168313,0.05825113250853068,0.034005623648425666,0.10536201377463474,-0.04599295291218655,0.015371436732306155,-0.013249132137427962,0.01345659320789716,0.05295670583159086,0.0942426639658659,0.034147862443523705,0.051569404719054704,0.06117513911949534,0.06481923267177048,0.05378447824320511,0.09004375004834378,0.05064205280221629,0.048899745901342766,0.020340077189542748,-0.011026023095063028,-0.006519102329905971,0.012228544087989943,0.039546775574746416,0.04493313146710756,0.002378643509733858,0.020673934385472464,0.06085649410234598,0.017335757367169094,0.0214774125284906,0.05628958802656368,0.020579586074141804,0.005857443084261661,0.0042297404581618896,0.029279122702937584,0.1032374331433023,0.12161527269459307,0.10179177170264786,0.03743782455142421,-0.04444469392979975,-0.028013718246032108,-0.02993425145282385,0.016509149456186846,0.05812734360566213,0.04958049210205841,0.24707782190139385,0.312060970890515,0.23176557899680475,0.49557852760658627,1.0,0.6123174527948393,0.36366877656504404,0.3431016716460038,0.33148004808126325,0.3616783989446885,0.12112619268801483,0.13077710351368457,0.4181520685038134,0.2920114212132004,0.4054930339043783,0.3062512252015024,0.33620787190212187,0.3277082759273939,0.1731487351831933,0.21373304484616404,0.30717761729528553,0.4782791636519964,0.2907651948704164,0.31769218393314097,0.3817441080838402,0.29951480387991797,0.31638677999898795,0.18223751328001944,0.22828478751810377,0.3007482395046589,0.23982959165698423,0.3418531422504496,0.4582070536374232,0.5517099530689424
047040,0.029277171951173755,0.023653399948914598,0.03633070264102103,0.05416392275664986,0.04174245145235913,0.01780631619640853,0.028270096066858312,0.030613300217699885,0.02691825060156713,0.014496081405625685,0.00196788526280895,0.025736363184900895,0.017229359058847645,0.013936981797133614,0.04419744729200234,0.05849401859936889,0.02525668504448911,0.0353317096555766,-0.00892669257911957,0.003002714703305393,0.01785210695056776,0.06169688068000885,-0.03691744289631817,0.05842884232923112,0.023853549926944446,-0.02012282516149535,0.012283255162185822,0.049107707850976755,0.0364204089832848,0.0449562396645708,0.03267698043309707,0.0475882169520558,0.046343701157096504,0.04552544703785654,0.046971722655263885,0.05904735258651506,0.03302900554620084,0.046847894970374934,0.06725093563645533,0.02852544897290009,0.043112547337243644,0.014285461305095552,0.05634641936336729,0.035735036561659564,0.01209442594339044,0.015605178055540863,-0.025431360425909606,-0.047849038418536494,0.0052348068502439385,-0.018080546036372876,-0.04299388304386771,0.0005935042875630217,0.024989156195411755,0.003785546131003957,0.06798787777476259,-0.0021411765076024074,0.031601232542590764,0.06832202836006482,0.06790388042167551,0.043800502087590516,0.02924126773033278,0.017707896328547558,-0.004609655479938555,0.020668793572771314,-0.0013534119824392262,0.026314544551471065,0.052686072720550634,0.044283610951761636,0.07353543538972825,0.00025378894221903724,0.025392576510632262,-0.008834144967153776,0.026453155882473666,0.018145363911937162,0.06127368860485468,0.040281209265017305,0.030173945384355947,0.05214073442678796,0.05110933131353664,0.03065587852965298,0.0481902130434455,0.019046183446732767,0.041856122834185994,0.03601951233298381,-0.013545184962176689,-0.004774584190626634,-0.025543181412778088,0.02735937440614975,0.04820661819496219,-0.021611349434652653,0.0016924386028868733,0.024488069318985985,-0.02620211758747015,0.020449903121315123,0.01317899324468495,-0.015414103388887025,-0.024010860259629608,-0.005353468877997084,0.017282711317660748,0.024380435518750916,0.03501947021797721,0.051545197505212706,0.049628841922968604,-0.05660030099879162,-0.053029725547445755,-0.047061346449934545,-0.004595736072790502,0.036424018294739145,0.034283662450268246,0.2467793300304202,0.25428069463364905,0.2439838861962349,0.4482102147367719,0.6123174527948393,1.0,0.31659400343781524,0.29688163466978945,0.3102319017228103,0.31496222332050267,0.1393333065405362,0.2114607176692666,0.38448198329024336,0.3341287642112655,0.300756124303184,0.3182221346616947,0.3657985498306373,0.3736810546995619,0.18493252717682196,0.2144372732450011,0.3111222674164659,0.39436613854787167,0.2303264590544994,0.2437721768142683,0.3778490715487138,0.28427965737373423,0.3046750008132979,0.19291903537979002,0.12260840408220985,0.2873375988676214,0.18379897396209682,0.351050080381976,0.44110521846204115,0.5193999773294757
005380,0.06364824262682815,0.06449611967693615,0.04275389166682848,0.009621604473825257,0.011245940744060256,0.035121170730661795,0.02406969908313288,0.06431439165648842,0.021259945871713617,0.040697404392396476,0.015011961229757446,0.04352993747966291,0.01958050841848947,0.022480905310234216,0.07284880518961097,0.07785536019183417,0.02224572052763199,0.087309285011486,-0.007287010100425375,-0.005065881235624263,0.012145230364471044,0.026586344104667432,0.0037187111637725146,0.06648069983173707,0.0018983514958985817,-0.004881037656128184,-0.007526963983827336,0.016319524845288497,0.022763625432205743,0.007829575714402234,0.03694527096147441,0.0275268984917394,0.03821283551790361,0.017090094875622342,0.018795653833225626,0.035602618439202066,0.006461259754149794,-0.011772517978354971,-0.005587508389242688,-0.013846780660590254,0.047084457000104246,-0.007286700836104869,0.06160326552144691,0.023528151303497072,-0.008497766490571435,0.07245649040603447,-0.017824143788850187,-0.05018286996264317,0.03465173907153362,0.039543800382931,0.0176747427961305,-0.01233922767733787,0.02743907354598635,0.028629437957982312,0.07816066914219752,-0.026960586196973207,0.06567875005451618,0.019482626118682542,0.0808219302654278,0.03833779592655915,0.04091329181824945,0.046086728363650686,0.027192262179017105,0.05136151090290447,0.01933853119999099,0.003211173618037476,0.057015017927409976,0.01521081358854595,0.10179715717499252,0.01244673320740853,0.029828366283161278,0.042167482299553506,0.011520174285179957,0.054460611887673996,0.05822421092580963,0.024753948022922592,0.05071548758530855,0.02993025775463816,0.029573029740227217,0.05698404547781699,0.07003198176771638,0.04082595065173567,0.0454616986221166,0.03557672308514965,0.008709774320071311,-0.0009895467208933142,-0.0014346317453633503,0.031713579552660076,-0.009996387774584866,-0.011253128250450495,-0.024794787320665028,0.05439994609428886,-0.026146000976724,-0.008788514234382887,0.026069716593990412,0.0032256455685546947,-0.002469510342900535,-0.04154880454399523,0.043503254158811136,0.09210509216631424,0.0941953351285008,0.037843867363556744,0.029585393911468215,0.011616872730490533,0.004629298720602253,0.0043498189210045305,0.023504282771363367,0.049178830191009014,0.05803707684393645,0.24440531884941247,0.26044666057979726,0.21869358023085464,0.4153262566209991,0.36366877656504404,0.31659400343781524,1.0,0.797206434558226,0.6622698137130859,0.2904752067626228,0.1085173736803432,0.13559836573674608,0.3691556931762543,0.36529422743395784,0.3024439353305436,0.3121157410531251,0.3404435803174648,0.29811800567370667,0.20765219669363577,0.23300956980884918,0.25754943973841954,0.24246112233607703,0.22760904096029888,0.20553057093061602,0.46514299305760737,0.3529851977775813,0.3392202279522702,0.2569007696400125,0.10580048285277292,0.23156524901688755,0.17669237607926436,0.36338305709524976,0.4070574374746221,0.5901004512555109
000270,0.0643102372496798,0.06685927016757236,0.05200847302329412,0.009681796644359206,-0.001962260015197947,0.006063347538149468,-0.008486759094789357,0.0353169546997951,-0.00018613536794976195,0.043627752628536916,-0.011912682162022369,0.017842611109050846,0.049125348122277195,-0.0018551000394204484,0.06622258401871361,0.07348670471707258,0.01626735367996048,0.07243512180855263,-0.029320569944516747,-0.021725497539854595,0.0027282798122730636,0.02528930402947857,-0.005282624573186493,0.054989361957519654,0.008124989770207184,0.00775089382292159,0.010837059401764174,0.009473352178487753,0.031151576307176364,0.013686437694428361,0.0378319678028472,0.02337074585393787,0.03480408183621501,0.014404409436294114,0.01759972276148522,0.015611986273709706,0.0063596705472994544,0.01584791486111314,0.014099609714886139,-0.0074490775053716995,0.01787010085310377,0.015757860258998276,0.055927551310367064,0.033320355985476585,0.0016341509366178775,0.03217859148821197,-0.02695970349347513,-0.03223207504426704,0.04165574388824745,0.03995374373052054,0.01591299898436173,0.011590693426549888,0.029354726368255115,0.02131574144345799,0.07512288823587325,-0.015222854867371814,0.07440344088603727,0.012029911329947926,0.054945549495458476,0.024464696719839873,0.03267322539789859,0.03081416135528305,0.01093419417138826,0.05527443846127434,0.0329048500562794,0.02697360726447045,0.04189179445068803,0.010288956100147042,0.07366639436996321,0.017896110415816957,0.03244720085432489,0.03384492713500397,0.01350798187185801,0.03858703529158412,0.03250700297479044,0.032732919498707366,0.04945966779771915,0.022793359311972433,0.025753652654291883,0.05776312488107387,0.06783796148084947,0.043743453943107274,0.041850239438829415,0.02758704231762065,0.015038439385459136,0.004802831758468909,-0.004641219235607773,0.016569109697022265,-0.00026169530665235346,-0.005442070413772289,-0.046008892159216434,0.02961547627497563,-0.014597003762586314,-0.004336517219498841,0.03984122474304141,0.015200230754552619,0.001520230939546034,-0.04800254134684406,0.024568175899810297,0.04313717454853745,0.04812974668492549,0.01569838333768908,0.016850194970628004,-0.002889192738774552,-0.0042348357285294765,-0.001513273289581322,0.03021221533377646,0.04925777306872297,0.052361889689711526,0.1995055924125423,0.22822410781104846,0.1888579318726245,0.40333401045555134,0.3431016716460038,0.29688163466978945,0.797206434558226,1.0,0.6234917452346219,0.268849141157153,0.14352255909299633,0.1471552657710634,0.3742395605262773,0.3494156177328421,0.2710711087888525,0.33361608966126155,0.33533906611382086,0.31909475714084157,0.2119174105894172,0.22720780106746524,0.3203292523065253,0.24929108010186227,0.18494582798463682,0.1885964983162576,0.4213657918622745,0.32698630279054763,0.331735002393342,0.26042552382994677,0.09662009265732972,0.22543571815019295,0.18420294769836973,0.34917238701314574,0.3723175369244504,0.5574689272312108
012330,0.04789653262725045,0.048532584620002234,0.01646696581980438,0.011638830959151096,0.027831771615141162,0.03247854971082469,0.07279889579694804,0.029575743038825684,0.00689374888352208,0.010804485412212699,0.003378553873862561,0.02032303588498475,0.05789334398018572,0.023744224605833173,0.043035841539392085,0.0712124634171547,0.0029893303516650475,0.04056278191008114,-0.004182329934152694,-0.021929624521223903,0.018514492488183543,0.05729771029523327,0.012953095695123781,0.07109797730335846,0.04697068067725471,0.03808557512986202,0.0447453670782614,0.0628861842280972,0.05494752862442231,0.05098339715133289,0.08476869237141128,0.056800143790745716,0.07033354696709805,0.04524867735602424,0.027879004783150557,0.06836146107948658,0.026106919434219143,0.011387264884352205,0.02501463162415676,0.012801458542864607,0.04443413971075609,0.03639813422640493,0.052512387757312415,0.040981532477713176,-0.002520949138198386,0.020486387925263947,-0.017554974550123986,-0.017763925124946633,0.048836380772572956,0.020786969905019242,0.008722392895119177,0.0036070728838097925,0.037343543337837876,0.045947294088610396,0.06592353845209174,-0.04268028340966358,0.044237924705542546,0.045484235823967524,0.05808052096513583,0.0306871289735099,0.032741180606092365,0.02601099056662582,0.002538815439733252,0.044308568590371994,0.035750956766068216,0.01694395087570284,-0.004788158007955256,0.04682455746182553,0.06565177398923869,0.0002396439098584135,0.023697470919729187,0.03544463170905636,0.0103837460673634,0.019441595597062298,0.03932984615271625,0.023335121521151577,0.04671407396911772,0.023386121965861977,0.04061675151120584,0.041284180399395194,0.07832963236060733,0.02309773127471031,0.059291224903384836,0.028089967700864957,0.030782283996761334,0.021981389635875846,-0.0027555430419513123,0.024301180662219354,-0.0016427414328793715,-0.0015280890240451372,-0.01789307962945089,0.019103479481052538,0.025504748259036113,0.022968586351743942,0.005048054951607954,0.03799410159912091,0.02908708213475025,-0.004952272190548343,0.020804394063862617,0.048626317689300085,0.04887462402776565,0.010635444074182614,0.06372043396768762,-0.017656769366012386,-0.019414122580957552,-0.004684311369163875,0.028190905889272432,0.045814059574918915,0.039357267946324444,0.25718164137205685,0.2804897017741988,0.22485199097679207,0.39689176476958854,0.33148004808126325,0.3102319017228103,0.6622698137130859,0.6234917452346219,1.0,0.30717238271141567,0.20369354463557152,0.09876951124095527,0.3782170993427182,0.31695949593892575,0.3139769205049323,0.3446758471525634,0.33874951649323237,0.3362055994355688,0.1884037831071147,0.21892834059171695,0.3308503594728291,0.21820227883779675,0.2102863712363751,0.17676667982604385,0.379202832919655,0.2878323354626746,0.307883358282808,0.24112353625063782,0.1203935276764176,0.19577955917091794,0.2080806611413104,0.3586260279715284,0.3620129609864569,0.5276858140442022
015760,0.01923477354129029,0.01797484809166302,0.04391504122172294,0.03087273868311927,0.017248745851175484,-0.018071457759471853,-0.025957252461054278,-0.006748318675585643,0.020966761089380722,0.02542284004239807,-0.024135901399216952,0.012630367916599555,0.0004345037778372469,-0.00702766531009811,0.006721130961142007,0.021272869684778133,-0.010720670605414161,-0.003423526660314405,0.0018944957164957468,-0.01158390970967973,0.005950282180637142,-0.01008736463434159,-0.04499037778624834,0.03473488339769997,-0.03222549177387472,-0.002992716686741601,0.004519177422643298,-0.03580996755493184,-0.0423772280236114,-0.054847771639454986,-0.015601727246455612,-0.03408593239484253,-0.018252904626833148,-0.04895937669322533,0.0038488550816803547,-0.03701900940453765,-0.01872455234101669,-0.006472611851901394,-0.008241787821583628,0.013529278002068254,0.0059755867332443435,-0.03554156224106558,0.0038294332724431173,0.010446055660078266,-0.06275417276064339,0.0023681895834603618,-0.01134924864472658,-0.05151362773519845,-0.011171510022231811,-0.009559388390754382,0.010446440079939378,0.028473274105606954,0.008204064994841465,-0.02028544669697421,0.03618963761677821,-0.009839036154269057,0.008088275328373244,-0.0018836768717276331,0.01701081380213358,0.0061638066931562485,-0.01657581263177427,-0.00707562693331191,-0.018079965054202292,0.004196023899144503,-0.02597727952218448,0.007726812451502157,0.002634672694747539,-0.017980586331169033,0.012865882034436444,-0.06314751448312643,-0.011042870323538737,-0.051173107444201206,-0.023752543355437198,0.020654496332694422,0.04444752525693279,-0.04361039638598884,0.01786235885850243,-0.013740693672147255,0.004458214820636981,-0.019700653082814507,0.001135850818922911,0.013566845437877919,0.0006624383729644829,-0.040708725012517696,-0.03847144072720274,-0.03981413150787259,-0.018024577804064978,-0.007219713071868247,-0.01266404635445089,-0.024751561747015094,-0.016231713202097334,-0.02804783829217226,-0.010300035307008534,0.024666274361495936,-0.024520121552481226,-0.014028947358570697,-0.019142451802367823,-0.014011171102088304,-0.0538311752764345,0.0804000551250687,0.0841809007613161,0.05780542927247571,-0.020536660896214365,-0.00970433737118305,0.0017318290809609982,-0.0024693907347829594,-0.009953968793476813,0.0004601227686911527,0.008757486458765404,0.2147839401595245,0.23076371381196265,0.22148344849884694,0.36423972758375595,0.3616783989446885,0.31496222332050267,0.2904752067626228,0.268849141157153,0.30717238271141567,1.0,0.17040083202464312,0.13640135762231997,0.31918295501509736,0.24107319451668324,0.27132556574272404,0.2649807142725959,0.3134292560911816,0.26819524296671127,0.15720124000600583,0.20959624049351078,0.2056889143483645,0.3041027128773016,0.14854055681156808,0.18997395763379013,0.29190162082049953,0.2360350856196463,0.25018902323769004,0.16935183487347033,0.07250937621012654,0.1739694642912799,0.1866638202631429,0.2535730791041138,0.25878116466262563,0.41719558288851494
033780,0.02579760013119737,0.026302213333263328,-0.016850362297797444,0.05445455490978878,-0.05007935865151053,0.0155447943121223,0.011713794676044244,-0.07062193294402902,-0.003709459284609883,-0.0007265060419547492,0.032307319836160565,-0.006051796649353346,-0.0024312161944534823,0.00043261497676452473,0.016693685649038798,0.020170805391276015,-0.025141333475687852,-0.002311966085306162,0.015016938706268943,0.01626554815411869,0.02113319336919055,0.01973224662528675,-0.01542011197301215,-0.001279217812349432,0.03467125711220337,0.05103581715147992,0.055242393518456855,0.00043699534361613807,-0.00544202198259932,-0.018473514408977397,0.0024204003835981026,-0.01475403303908002,0.007803793618159125,0.01272888147331806,0.016763278884904753,0.011750685904581518,-0.013112641585780507,-0.0004520129910228212,0.031118798865277113,0.01905355539160675,0.027091917772837967,0.0017733188929738976,0.002356271670355794,0.0024725189310223347,-0.04603408495644936,0.0058399365334193066,-0.021764148850121554,0.01187330131961054,0.04280301390832615,-0.03161525719163692,0.03457306128127268,-0.0030471534099263506,-0.03304115749723471,-0.0265731096305676,0.027015647024308462,0.02924367395493931,0.039583422287627255,-0.03033342715762136,0.0067503518990468326,-0.01720250418158684,-0.01992100391267629,0.01471137570012391,0.027856531130769482,0.03377689745187054,0.00665770869454442,0.014332165215647195,0.04625580232909513,0.05278846602949862,0.012057415626699701,-0.05566619082156719,-0.022130035546401354,0.0190620720944025,0.024995164385465576,0.034116228905890916,0.01567039779610245,-0.04879408913512915,-0.010736082710100802,-0.03351314300413803,0.0003149743731807619,-0.013218455340395936,-0.0072978733229489175,0.04169151791303698,0.03328235533160728,0.025752691911988524,0.010027534312919478,0.008917534120418001,0.01715137680791687,0.0028729869332904784,0.016952814048153325,0.023818195504267496,0.02418787401418146,0.023329690049286027,0.018826457375744395,0.028594509473823936,-0.015133262309231128,0.04816369813556116,0.03790341191540573,0.04092459109221775,0.019782719037614655,0.011899559937903897,-0.01571598981822814,-0.034830283471575706,0.0008062486669423918,-0.006471518848942995,0.013510059261816513,0.003935566983394127,0.017699530962953753,0.02167037627093076,0.019445147439262046,0.10204054073755145,0.08291126194542928,0.2561747888433575,0.1977214091917672,0.12112619268801483,0.1393333065405362,0.1085173736803432,0.14352255909299633,0.20369354463557152,0.17040083202464312,1.0,0.07066481160748105,0.19152858714283208,0.08030031543713444,0.1825209897003231,0.23939744320258968,0.2895384854722863,0.2590576468230214,0.099599281126678,0.15438426115204668,0.3194404038163889,0.08173475390801664,0.08528621206847224,0.0428878735351777,0.09395068081308666,0.10371039879155926,0.12468386396620974,0.06231368376057016,0.021211006308817126,0.06810604548099143,0.09037400477382505,0.09279771268643693,0.12637897243953716,0.2007784803472476
278470,0.02315892604091291,0.020677338472794765,0.01934471644886554,0.02875566881755128,0.0025610054052090624,-0.006981556323265972,-0.023140203133456792,-0.057100317464030534,0.012956947401199232,0.057553508545955305,0.051090960709397656,0.012925636883414707,-0.016346212026245404,0.004851641407605753,0.005819145989692163,-0.011604659995140137,-0.005937753401066852,0.004162323206129656,0.014930405310738243,0.02909532817824573,-0.00842647258632487,0.0064970345974130345,0.023934398926085964,0.011426073448381492,0.017311412116645705,0.06881783266833333,0.05714242108061846,0.032658055530249384,0.03184904313209947,0.027282851855560602,0.0522491903781275,0.04672312880750699,0.029954781816265912,0.08515603244876911,0.0009023223955132187,0.02687757773462048,0.026812698009724748,0.050831656527563995,0.021642306523782066,-0.019579856154190993,-0.0017701638024950862,-0.016068848467281023,0.024033590605417182,0.016234232160682854,0.006278186586901675,-0.040406007611851,-0.054235180580489324,-0.031231670388385098,-0.03786368261561554,-0.05394837195872825,-0.07864217865227591,0.038073816372063606,-0.03787820172895357,-0.04092221335497605,-0.014797134243215439,0.0035395227351233353,-0.025432649911834436,0.04290528002042397,0.02570460680007767,-0.011576093365308052,0.0009512207079352201,0.035476207833561584,0.004726098088892011,-0.0098797240108285,0.0681728316165859,0.040237567275721656,0.03635264922718958,-0.037358951019166566,-0.019763345258291383,-0.06492172826966226,0.010113982838592082,-0.07488790077743278,0.016990831904009983,-0.010769787338195311,0.036126237547067154,0.022890913572988923,0.026125523056917316,0.039122444538361945,0.02142683971835786,0.02443394639248378,0.04574039154412966,0.03954916732002378,0.007985104410837648,0.01817866692890752,0.0096564839884744,0.028661847073177916,0.005116042532648576,-0.00976392549395254,-0.0029345946797094064,-0.03562011285611993,0.006215261736890371,-0.05988098129052461,-0.01363693322261607,0.011750647001406751,-0.045020840547795954,-0.018016328258294977,0.0020248522786343267,0.025907893448722952,0.010957347852759583,-0.003842382723262396,0.0007687331645424266,0.034619799437730275,0.058835323665119545,-0.06282884295586563,-0.07318173877911675,-0.055914938898606825,-0.010390620108673195,0.0250120863206886,0.025219181691877528,0.10288952769997856,0.1579099761481976,0.09032346750759285,0.13106284434391835,0.13077710351368457,0.2114607176692666,0.13559836573674608,0.1471552657710634,0.09876951124095527,0.13640135762231997,0.07066481160748105,1.0,0.16177283385093075,0.15067535107358127,0.0821010302132429,0.12144408386276996,0.1294826489496531,0.12911040630662915,0.05783875627280439,0.13352321217058946,0.24747690932706928,0.1814050864672333,0.09794876827486634,0.22269293841300894,0.14566815149386142,0.1409914439934312,0.14452675073811475,0.07020208625017155,0.11032426409698255,0.1903329082711554,0.09873091330259974,0.13082351118894095,0.19557264635665367,0.22218555889432995
034730,0.03633005049689622,0.034309155838582316,0.03637057230962795,-0.01002776893638718,0.010652083844485235,0.06799609284655536,-0.0060504018142799425,0.01770984900236323,0.02961512061167562,0.041241323474859294,0.023989368097472798,0.03227321159234456,0.022713648593299374,0.05023022723812707,0.06981007524045707,0.09392596533525929,0.03690778320137455,0.06953617147886061,-0.03191784563933017,-0.035560099399433755,-0.040591232991800785,-0.01755307718426331,-0.01811959215742395,0.08262806356285694,0.000758896067943556,-0.022339216592080578,-0.04333348472476681,0.032420878485992434,0.034829273019005826,0.02806201135861509,0.03926829435347984,0.038090765826932944,0.04006574136684033,0.06537540731721311,0.054251729429139965,0.054521311233275443,0.0014901507130588433,0.04226427580520817,0.03379546063648775,0.04866748960242071,0.060081775155399246,0.02150213987438169,0.08973311265998153,-0.0184713500867226,-0.05154515950591984,-0.0030571831783353385,-0.054881410745846744,-0.021108595846291815,0.03450660985519133,0.031170510059352678,0.001707349964243628,-0.02078102487654257,0.029923861948172665,0.03214390301861526,0.08167325170863468,-0.020752994843122333,0.056573088308627444,0.027553310458006908,0.05866942330159353,0.018751125366987625,0.08305624022060637,0.048347410514080556,0.03552358248886935,0.03776713879735708,0.024356653070670236,0.011054014269381898,0.04075830403291329,0.021487287926073573,0.0925638799613977,-0.04304943750866034,0.037770653241635456,0.03621950327160989,0.022682585651532815,0.020156715849002013,0.08529384694420505,0.031272115858825215,0.03758458194097514,0.04739575172173559,0.029919974145023003,0.032406781359493465,0.06593972538758167,0.028455731851131427,0.09838077645925891,0.03847515660325958,0.03251147855111484,0.029744316351870657,0.03905858847123249,0.04699293174929029,0.08029338878559242,0.0455381225979551,0.01748353855465644,0.03493058880187837,-0.020472359986828566,0.03223413143324594,0.0038667320021099462,-0.00996963427089475,-0.018270789474101046,-0.017209392181092423,0.046155508640708776,0.04387602149418102,0.030370522543490493,0.06826577913875961,0.0399993716731758,-0.010422561969786297,-0.017521444682315073,-0.011526953793847352,0.015141606338552572,0.04406899823668273,0.04103938881467024,0.29417517257168685,0.32596836167259674,0.2938454924161858,0.5582802306178618,0.4181520685038134,0.38448198329024336,0.3691556931762543,0.3742395605262773,0.3782170993427182,0.31918295501509736,0.19152858714283208,0.16177283385093075,1.0,0.3498299700757207,0.4739785985482661,0.3782311537094528,0.46433623768566945,0.4253929515692512,0.24651357673553045,0.2609652315462222,0.4284069246401718,0.31168895619282905,0.2639790588205832,0.23139735241187834,0.43226317522190977,0.44382484938751043,0.5541389860976331,0.2559664342172088,0.16965592822435446,0.2852313220546699,0.2138936548414323,0.3441930873201341,0.3780925112704528,0.6378589127551719
051910,0.03071918908423573,0.031134331566099786,0.020996445538075524,0.053873510749651445,0.012916671298282239,0.01174264194878361,0.0002659694902252148,0.05676580961924237,0.04772713219928484,0.008068793790661043,0.017484811778746306,0.032589172988565424,0.04558568515388365,0.05192724798731416,0.0052855581786529675,0.06577137214147115,0.0378270713188344,0.01763263344371059,0.006452940237973781,0.008423684319510474,0.035973371089843706,0.01763896550972076,-0.0029155565454206285,0.08739304662237042,0.010361189864171696,-0.004343820710275273,-0.007923009251274461,0.06875832693630538,0.04619891781019777,0.04404228259399529,0.053344877206112744,0.02621775746671873,0.06355643602741613,0.06940887042048757,0.036067870601382564,0.05860216651176869,0.016097827882767222,0.03929531029468104,0.037209456984900316,0.020599471125330303,0.05424995606495675,0.06128359745634436,0.05428318772825854,0.0009759949271725746,0.0009081466410597714,0.003262301102994538,-0.03141140408333748,-0.046794977959611815,-0.0003903234347395879,0.043192614177207496,-0.03037650611251731,0.007742519643022922,0.055315763473593224,0.011160135595577735,0.04342591510130427,-0.07843829872498724,0.014959211804704657,0.011459211395498726,0.008714070684222575,0.0036181115710681045,0.03292418992448833,0.012861816743973886,0.01117752815371113,0.03783946786176394,0.043530351591760476,0.02494006219558187,0.013400462783037232,0.044149382502400074,0.053902123741242626,-0.02177679749763527,0.017949354359013868,0.027394807273342366,0.058507151642642787,0.022175577861863006,0.07391289139119674,0.009087469633830194,0.022000319552614268,0.02970090094504082,0.04416514213649898,0.07822438598670457,0.04527394654082873,0.01957210562221,0.03263266437953111,0.032154043998799134,0.028347298663965566,0.011196418780247507,0.0209500203672472,0.033513563918198486,0.030909899532856503,-0.007831017183032798,0.03820283706303599,0.028608585026329514,-0.008477122900191841,0.03116253801270626,-0.00829073816349597,0.017564016913296832,0.019206335386032617,-0.011208761362514329,0.0767820628458408,0.03795525090560684,0.06937613828644268,0.08400796269315,0.0702774821569724,-0.02132041847093206,-0.0432811342858288,-0.013500184261987737,0.0018175674007237564,0.03393833424767387,0.027815215293396124,0.26567954179773245,0.29369385231405143,0.12900077175705987,0.3302448806980732,0.2920114212132004,0.3341287642112655,0.36529422743395784,0.3494156177328421,0.31695949593892575,0.24107319451668324,0.08030031543713444,0.15067535107358127,0.3498299700757207,1.0,0.2673081194369482,0.24142518339774613,0.25150366787519335,0.21291764803442273,0.2263028042613584,0.2612447807693493,0.34389271487183287,0.2301779085165614,0.17330484908319815,0.18796430051659474,0.37602758617051757,0.2973108940956553,0.299152333145668,0.6360248173433041,0.08913591111474872,0.2170647495338172,0.21418751437168237,0.579930772914978,0.427415883245857,0.5388738807841706
267250,0.05039344754248717,0.049735546590291634,-0.011809918213436847,0.02089398745424485,-0.013395220628683466,0.035063053752545786,-0.010416677917534456,0.01529431967775527,0.011392680644519964,0.02350143412906218,0.016017593378759614,-0.003118745393843295,0.016278253027206688,0.02067127045167744,0.027641327410388307,0.04228583423454142,-0.020945901943683513,0.03613388411902091,-0.003079494031856506,-0.0009404153690185575,0.018116729451115015,-0.023293022993448025,0.01985538351692796,0.04803672511019156,0.02526503518312761,-0.01580531676596562,-0.00960479358239134,0.04388815960684578,0.020869515609973688,0.029617713973327894,0.05929778900248899,0.031786842905208154,0.04111612953317582,0.031339345403077555,0.06346230466559864,0.026672695466127837,-0.00013321491281293886,0.013106439886205046,0.015101524164775549,-0.0017092785708840235,0.003981880196153022,-0.018608188383316855,0.014887609488110734,0.004039735006885694,-0.042675650902202544,0.00961468090246035,-0.02049524078630302,-0.024642119766180214,0.0071896440121103945,-0.01876135677456901,-0.008620847250137146,-0.04612506489573298,-0.012779776955636507,-0.011361705879259273,0.079689289749985,-0.011121371518989051,0.05718957486119441,-0.005885093991081873,0.016775849828081144,-0.020596799492159767,0.014469581440726789,0.007774838825176171,-0.03026140780656228,0.02528740247906425,0.01792888588663757,0.013104461445230453,0.021097594890916074,0.002871081992923784,0.03494437704136841,-0.0495516129677427,-0.013257752168951684,0.024811363912993614,0.026226663479952762,0.03319303537012951,0.06914800287486908,0.027919721782198367,0.0037007404419597788,0.06500135321254431,-0.011417231290049486,0.035072590160221004,0.060638436254083085,0.02679281962121178,0.034783677136550215,0.02195382991415661,-0.021604034171735086,-0.026485451756101345,-0.002480763365447374,0.02386050229513167,0.03982320737628762,-0.00808715195539866,0.008634491548989112,0.007054440424489016,0.0024975648508889425,0.03334277468693561,-0.0013250761261601374,0.019358297079332294,0.011117759382753965,3.1494564624555024e-05,-0.013788998009757504,0.05296163157333963,0.06978609981732707,0.0675908248722908,0.0589696765178043,-0.04232957778235799,-0.041496427066710535,-0.03915837999445189,-0.01657064906853949,0.028169350357460824,0.025211248307510675,0.16622307627659605,0.17548075160381543,0.2214406350192139,0.42779882605093805,0.4054930339043783,0.300756124303184,0.3024439353305436,0.2710711087888525,0.3139769205049323,0.27132556574272404,0.1825209897003231,0.0821010302132429,0.4739785985482661,0.2673081194369482,1.0,0.33923804033787996,0.36594076837444633,0.396174268110912,0.13925832701147386,0.14134399064989872,0.3044425109373341,0.28594582469628843,0.41909701656023873,0.29926565184247067,0.2787148668082442,0.253670068922971,0.3533472682171014,0.17112792078477126,0.233469090521332,0.3012130433555888,0.19757751593646133,0.29395791220137474,0.37346285352417713,0.461502837283651
105560,0.06275665103063352,0.06369910477246296,0.037166223836574044,0.05126531895465407,0.01132860444920403,0.05245887168516695,0.04548634659975483,-0.009685000580384193,0.02713062515195069,0.04128517517146686,-0.014572206011975552,0.026557966977744363,-0.0076057654088926355,0.03763414553318321,0.053721878439560326,0.06508772210786803,0.025716987198481367,0.038782041350304775,0.00912886949909797,0.0005527173221718509,-0.004165591134613824,0.007388996309853266,-0.01567140947915463,0.05980246040380014,0.004739301380656227,0.03454203058448065,0.02221652854395544,0.03604219704681796,0.0357095084048759,0.039522423657004487,0.05593527682378635,0.04234291090990557,0.06252789054698105,0.05537006399359394,0.05698758746866041,0.06362684926885895,0.04571067747640062,0.07578346357726885,0.0583649908196473,0.05387864935506578,0.014326958956587671,-0.007953873378819238,0.0497819475440364,-0.0036107799862445966,-0.0352862672010433,0.018044600698961303,-0.049073567334556006,-0.014105377826035525,0.047817285389664003,0.02601908976741565,0.03134287569481078,0.0412083784236364,0.0042051409787138595,-0.005439010931480409,0.09473730879711043,0.019884051858018028,0.06663713802214881,0.04353459815242546,0.09427237722494232,0.025731420860492012,0.08581139096791567,0.04237574820729228,0.026480932414000326,0.04495092272954315,0.015167995825859983,0.028637458969839436,0.05699086221629817,0.019408477415020126,0.08455419367438015,-0.04493374694894455,0.08969094367530304,0.005449255290450287,0.03835049785854447,0.05420048132329438,0.08671502767028508,0.07150762912423239,0.0381855143083011,0.07622015294652128,0.045886449381171,0.0546992747413879,0.06325726191070387,0.021804185260837706,0.07343349762250916,0.03647855083720596,0.029020433458848336,0.03283074344265005,0.026953179599660745,0.054637048735513546,0.04819037152346571,0.018979079844882084,-0.00021419885643288858,0.040396249032116936,0.0052877725177985615,0.0464405760602111,0.0317537580215598,0.00283824083382685,0.0172323647987764,0.011174243310287562,-0.005999242531139917,0.059455350852050774,0.053400776192541834,0.07125515599678547,0.02489805221287551,-0.045778271692066164,-0.03914333922259163,-0.012211092085237098,0.027765678363771036,0.060623332501564826,0.051965646752856406,0.23856948903719105,0.22895541903889274,0.251673444681412,0.3852162176092462,0.3062512252015024,0.3182221346616947,0.3121157410531251,0.33361608966126155,0.3446758471525634,0.2649807142725959,0.23939744320258968,0.12144408386276996,0.3782311537094528,0.24142518339774613,0.33923804033787996,1.0,0.47602273268068,0.7782458492796428,0.1828223111721986,0.22009797241626425,0.26860229669699864,0.23588657526044957,0.178350464860292,0.1659246624283309,0.30217921812669457,0.2784802908972919,0.35455430926622766,0.1619523047396918,0.11153264467400197,0.18232858512817038,0.18035998114844912,0.3104383553611639,0.3309851524746936,0.49779184700397955
032830,0.017485035243966014,0.015278513744259484,-0.010456281251754676,0.03511630181149252,0.0028456870398845973,0.05675516214542638,0.008520691624852757,-0.009512138271672443,0.008946314659217101,0.028022412009027116,-0.012298266655792927,-0.001508073068638052,0.011397411604901308,0.042832649231979734,0.03654271337057343,0.03547960164280899,-0.009646430179001129,0.034961668416406494,-0.04099226024243679,-0.024296385663068045,0.0017010392107611567,0.0048807355480221725,0.03157390060100569,0.0012814330184134904,-0.013827316128609693,-0.020941253132472026,-0.009973168314389252,0.0043720304731625186,-0.011001030368201542,-0.01073051839914,0.016051905116011574,-0.010988727333542362,0.022790910709586866,0.0072989781063118216,0.04455857310389597,-0.003075394291384027,0.025016275115807302,0.037320780374459676,0.04108912296726067,0.005791432262622371,0.04512577987095512,-0.006523268251017152,0.03452622721748801,-0.006888445216298625,-0.010029379135032861,-0.007517091182751661,-0.03313235411315962,0.012075486507175716,0.038284729778944045,0.0217132622964944,-0.0024043182065920576,0.0102917869174079,0.009925449986928144,-0.01655438246200091,0.03341297917622974,-0.006298830530787489,0.03276110458882001,0.02548591048246645,0.02679828422587222,0.004234942242852545,-0.00815095749228748,0.012722825848683192,0.030053092278552945,0.009854302760285712,-0.023087439617315623,0.007155332060264412,0.01986898810737805,0.04575434457101934,0.03397205642360817,-0.048935609100424986,-0.005131342452112717,0.006112519707454262,0.04086356593631733,0.07756559164153606,0.05376608087784659,0.0036621717187152476,0.003956353651164138,0.030404658840646866,-0.007391190420331142,0.03046414993880651,0.028670898593776695,0.02158956302826731,0.03374022243855491,0.04531961224922337,0.02654296070601167,0.028812687471168264,-0.0050757391608764945,0.022358678997233476,0.009348470171794764,-0.02135160798858777,-0.0015716349292471238,0.015569728843944506,-0.0011619078971975554,0.008321111999311707,-0.0307098239738885,0.010283009831303055,0.01683051712562012,-0.011632811260926464,-0.022941642976612876,0.1184738658488657,0.11493205327072414,0.03540888241082209,0.00504558095873963,-0.03161518721371632,-0.015309316965783571,-0.024024183149625337,-0.005020723376731774,0.015925384020969713,0.01143150867056491,0.22187625387624957,0.19584601075201327,0.2823435157842236,0.5643088821999309,0.33620787190212187,0.3657985498306373,0.3404435803174648,0.33533906611382086,0.33874951649323237,0.3134292560911816,0.2895384854722863,0.1294826489496531,0.46433623768566945,0.25150366787519335,0.36594076837444633,0.47602273268068,1.0,0.500899758825683,0.16176067281453124,0.2212515057208443,0.3516557274254004,0.2497690927776377,0.19707175295876667,0.14513751312378467,0.3496023687369231,0.2864369513438265,0.38226724821982405,0.1318372882979976,0.09452846510146948,0.17952346760317997,0.23667141023498434,0.22530387463451534,0.2790169575439862,0.4927935578449105
055550,0.040923505819102375,0.03870359420760429,0.044214507718241036,0.038359840569463025,0.019670597393342842,0.050113560385618816,0.029466790126754277,-0.004734525615997246,0.0228205672487374,0.043238854478316366,-0.005856437886437746,0.010083124525480637,0.016982129847023325,0.049499544155499266,0.05132675921854625,0.07390993072279099,0.022465715424715874,0.042796790286398795,-0.0028687749955766135,-0.021362477100640587,0.010627153047671813,-0.0009781654296516997,0.015920054219753354,0.07338228323823867,0.011741088394386225,0.05074558407344422,0.038494669921196205,0.03481314610524969,0.026348733043831556,0.02027449706781137,0.050647905773431624,0.03274385165194504,0.01274123220866644,0.02060526522597863,0.03066284442569299,0.039519689042470364,0.03607233367479439,0.059335057644055396,0.04341733319649422,0.04918012329795477,0.013844981516939112,-0.026117855149299214,0.05474441042781746,-0.014822770987820411,-0.04773796905595496,-0.015217867396401127,-0.023146334197348857,-0.00015216339361641824,0.05553671773955527,0.04345659845311688,0.0030601312933360774,0.0018036355805091772,0.01943836190229817,0.0075540156450718595,0.0734660824065943,-0.014083064826520948,0.0294077628271813,0.03261590721813867,0.07102558488551837,0.011533238227700514,0.05180432898870957,0.04436027922781345,0.03532703529069305,0.01617168039684671,-0.0021871249129507965,0.015008874182473642,0.04127319433237892,0.02619112026644317,0.05225108403491467,-0.06023150812820635,0.05809833992809039,0.02779391480884068,0.023413092518909294,0.06527977417794634,0.08526312569017583,0.05857868626677845,0.055536170881400046,0.05850331801076437,0.05420299792244984,0.06470664259916899,0.058530784007495604,0.004631260317909188,0.06810887316835952,0.02185022213942414,-0.0028670502823882416,0.00558027301015087,0.012026435593952623,0.04039290277044511,0.04256514788298766,0.011095531430610829,-0.021569309815422388,-0.027239761529110482,-0.023448078713592373,0.012272917324192582,-0.0061976263890990875,-0.030852631501976282,-0.015305644605105646,-0.005637121178203022,-0.046281806780129095,0.0536063433725232,0.04154252826004829,0.06410539082366906,0.01966407841987692,-0.03344115349786002,-0.02202602732941834,-0.011359303079989936,0.01623590097493122,0.03818311089753402,0.029960057357559876,0.26600384207559985,0.22563844871457175,0.2894370073951265,0.4541798737547968,0.3277082759273939,0.3736810546995619,0.29811800567370667,0.31909475714084157,0.3362055994355688,0.26819524296671127,0.2590576468230214,0.12911040630662915,0.4253929515692512,0.21291764803442273,0.396174268110912,0.7782458492796428,0.500899758825683,1.0,0.18774475769416438,0.2182868081312453,0.20051294298913028,0.2769019974454816,0.21049047050416195,0.16109552537233687,0.3143557287562186,0.2875596018056165,0.37279477870737504,0.15530337926975332,0.10147840392966283,0.1891281450843101,0.17496419783301254,0.2889386606127756,0.34375042103841336,0.5096567519517593
207940,0.04585228446130023,0.04919764762013469,0.01339714630391365,-0.010621127936030093,0.009304545371481218,0.03463403281033606,0.01609100510780763,0.03539736090039494,0.016401387815680422,0.0018102466013832739,0.02149584082893381,-0.02841750805857334,0.022133097927860425,0.01304240177682765,0.010393138814366269,0.008665190398875372,0.016303378017510563,0.01828550437906158,-0.00917804433192835,-0.00014298742271180015,0.02978191133022583,0.039771271824253766,0.0023600637311311664,0.032049047839091245,0.010439120787451165,0.017614232083663844,0.011959352454235342,-0.03280765699928105,-0.03027914790061402,-0.0404288637514802,-0.035272037792910015,-0.055263088706409225,-0.028285740295271755,0.004512791433864246,-0.013314135259944253,-0.0031905764858627668,0.028356165643887692,0.02658013899818982,0.03585559283040659,0.005879889804727658,0.025960445072456168,0.03690590203632537,0.004191716463012308,0.05220935804636372,0.00829860097637183,0.023036946528668875,0.013484937646595791,-0.016183729736777206,0.04497880620051046,0.004565455849411806,0.012835780723992803,-0.021198468141702766,0.04004460791874332,0.02941263101607071,-0.0005956753892244384,-0.07013917665850246,0.012793315202126856,0.05244009231506238,-0.010263379235082845,0.02103361563189538,0.005546586311288213,-0.025550358575320644,-0.023909597187196194,-0.011812554479943617,0.003556223349168098,0.019567247201070406,-0.035718994014806285,0.020046958614726086,0.02539624497761102,0.0007834222228352006,0.004310083481541684,0.019395076902565315,0.023318229671665767,0.061319218417020364,0.011880506801588786,-0.0076075961926823305,0.0016375364173373162,0.0001769492297173017,0.052415134318288634,0.011847568232035538,0.04419962411357595,0.04345083762717375,0.06722147470177524,0.060037533647061735,0.03070724243392866,0.0231250150568386,0.058311965970119936,0.04043023855743523,0.02302127528887239,0.024709182159128953,0.03814187347902007,0.0016732608829979855,0.039733485028426906,0.025691993339413934,-0.03801540736071221,0.04728219369828656,0.04701280818101642,0.03426256781377397,-0.004932418299517532,0.05431991052931568,0.0170618428437255,0.026017870190863823,-0.03064187185983459,-0.013267304039165092,0.005742873245307714,-0.00037521287513589006,0.011869818982703487,0.009525878527848025,0.01513930340325894,0.21771773293356736,0.2544398049826546,0.1621970551398607,0.3149397172317021,0.1731487351831933,0.18493252717682196,0.20765219669363577,0.2119174105894172,0.1884037831071147,0.15720124000600583,0.099599281126678,0.05783875627280439,0.24651357673553045,0.2263028042613584,0.13925832701147386,0.1828223111721986,0.16176067281453124,0.18774475769416438,1.0,0.4476568881265717,0.5429536095961964,0.15772924163202687,0.16010726674435397,0.15503532702762765,0.2495830000055479,0.2149473533464059,0.21374058440195576,0.1762433223892218,0.10402268490794085,0.13923053514531658,0.14676905431315176,0.17615471667229063,0.18218794498672236,0.36579379514665067
068270,-0.01983589381947915,-0.017423758475329815,-0.032607185310461945,-0.03403567683527174,-0.04429062019965212,0.02059495112814229,0.002736846474978506,0.01048573491694198,-0.01646311086767512,-0.010982537398063957,-0.03243966130720831,0.007869487656485619,-0.0078117603569707586,0.019504738396900707,-0.004159973856982348,0.02828956732908765,0.006939550025133046,-0.0020485329289445667,-0.0009889611013827039,-0.03353686376650398,-0.002785987940016235,0.028574817765148603,-0.017907048224968393,0.010769352757740573,0.008930164951764427,0.024251006860990527,0.019176631407858327,0.011941310916773763,-0.015194556786738417,-0.016013663544661248,-0.011884962956541094,-0.021719166532599362,0.010038466707166453,0.0035236908543786324,-0.005513319642220186,0.002034615829287957,0.005346882536166381,0.02435774130719859,0.001816763504011682,0.008970531828504196,0.019282560103704324,-0.014265368901679832,0.006292110527200593,-0.013568786445680419,-0.034884621654115204,0.009570843342154817,0.022591273077592972,0.009372347840097219,-0.0038337174707964976,0.010721389196769357,0.002879260376183074,0.010542599058799437,0.015403427969274266,0.006331115570415397,0.016531761503173776,-0.05284874380082269,0.010685086999496747,0.026869876671179644,0.04114526608351384,0.0019501370503242825,0.031070543158274677,-0.0010011725650333919,0.009994523175345873,-0.041715848950734505,-0.01898838136241237,-0.0293094958813688,-0.01523018021504473,0.005122333613846642,-0.0029435023864228544,-0.047571793911357636,-0.043374353043902,-0.02835203547264322,-0.0038506227665735444,0.03470444081981916,0.020593442663354444,0.018732442985021747,0.041733438863141153,0.028132330418653595,0.03322557341082191,0.010657062543249479,0.02484929272854533,0.04354669665315064,0.04959003570117746,0.03757606706658725,0.014749017885031763,0.007880821214266465,0.017886122133183847,0.02840723934099011,0.015811145850360243,-0.0011974848193761084,0.04565680397879657,0.002070052696675753,0.01787096530926671,0.040173657966327235,-0.003228187784985689,0.04562879444017312,0.04040256764842181,0.032389904627066424,0.03141031185895409,0.05996474722238307,0.03063357054459225,0.013561668867252043,0.0036335265206684244,-0.011176966054302837,0.006545496425852155,-0.01997311086504777,-0.016029107486894123,-0.015120809420162482,-0.028756388491306364,0.33613877799277475,0.3605101419466237,0.18460104768478186,0.2973725923161933,0.21373304484616404,0.2144372732450011,0.23300956980884918,0.22720780106746524,0.21892834059171695,0.20959624049351078,0.15438426115204668,0.13352321217058946,0.2609652315462222,0.2612447807693493,0.14134399064989872,0.22009797241626425,0.2212515057208443,0.2182868081312453,0.4476568881265717,1.0,0.3074309715458035,0.16602754768973157,0.12279639030202419,0.12835530966018754,0.30234163756890786,0.24267199218561852,0.257020812816366,0.21144128731497383,0.0897319971723803,0.12828488569606322,0.1101043303634315,0.22852786951317067,0.24108316304641272,0.43285892356623984
0126Z0,0.003919963264757637,-0.005884502816586869,-0.07542852047173548,-0.05642899690186729,0.05751055410694593,-0.0230499626973404,-0.06157656992191981,-0.013986365600483558,-0.015002945705121116,-0.12293056679396942,0.20449292091617685,-0.14391084526830447,-0.013337416758656653,-0.1341457146557104,-0.08263568207026212,-0.08723077731570479,-0.11575395079440713,-0.030225615956929554,-0.07856063884470911,-0.17093813940771643,0.04599220389894403,0.11536302839003046,-0.20612942560929773,0.0841838030584098,-0.07146397027216016,-0.046095075732759894,-0.0006287833384619537,0.012268055965092138,-0.06811837596466366,-0.036559001719420316,-0.06694100786862266,-0.048457758862314924,-0.030183552269669636,0.08687953904197766,0.02250828973767267,0.020514116338736923,-0.07395760131279967,-0.1379289622853464,-0.09748906300611104,-0.16159116335613524,-0.02707997024530619,-0.0923526567633738,-0.04210237918134828,-0.0992106451458094,-0.07619565388788635,-0.06316873965400255,-0.05636746382419267,-0.010824261899814822,-0.04428113210670598,-0.15755263361506414,-0.14099381607398298,-0.00992262231026396,-0.15199919401995882,0.003289182511834146,-0.06047360828039523,0.035658847039213196,0.05336285222671892,0.03312628603502265,-0.09068378138283333,-0.04883634935599235,-0.15440730549363696,-0.13470774462798116,-0.06042100883231865,0.023395814312781187,-0.0007827114424041935,-0.0062978567221790085,-0.11123080773479511,-0.09646004306510321,0.041735886314407535,-0.04342957150142312,0.0229137326642727,-0.04388060603628292,0.19100809232232183,0.057934246265971566,0.047807375415631286,-0.11926484466185033,-0.035886642002007425,-0.1581149883574794,0.06126188802674,0.010112997834000235,0.027133988377580243,-0.05783337433221478,-0.03953653820866055,0.0042944795107768535,-0.0303151686375107,-0.028892805178803847,-0.039556198600143117,-0.06968149168886005,-0.06107752168392802,-0.20291797201104692,-0.044878983242292086,0.08347684640084352,-0.056715406319297196,0.058716694702512354,0.10407949720875793,-0.051287269329211536,-0.06002699417482881,-0.06416965850759801,-0.009770144326019607,0.060720655185013,0.058358240238619054,-0.037960593155013655,-0.07602055399789537,-0.053566259616671864,-0.05683515964041186,-0.1369255895137495,-0.18095458802986975,-0.06914347621383782,-0.040689344470705484,0.36213144916201434,0.40029101753216234,0.2300953497903047,0.4063002109621678,0.30717761729528553,0.3111222674164659,0.25754943973841954,0.3203292523065253,0.3308503594728291,0.2056889143483645,0.3194404038163889,0.24747690932706928,0.4284069246401718,0.34389271487183287,0.3044425109373341,0.26860229669699864,0.3516557274254004,0.20051294298913028,0.5429536095961964,0.3074309715458035,1.0,0.36161146049567466,0.277503712700149,0.3593431419521304,0.3220671522424335,0.33089862633430106,0.3046375582161698,0.21865227295975995,0.10784557630822483,0.29017939478794624,0.2818838918876818,0.3296863524310821,0.30109136989124086,0.40635735001296047
034020,0.04088367649330748,0.04203921185440055,0.059996962343306565,0.02700315382683838,0.041791730879428564,0.05152452232128224,-0.024479071249892934,0.03315695298834297,0.029274950322255418,0.037238560064364865,0.05503164351324146,0.012297764096730345,-0.016480606673285395,0.0529010922458721,0.030295272199904782,0.035605384444257385,0.024142691241849385,0.0320254094751062,0.010361170504493002,0.00922060220692648,-0.024502078994891645,-0.0019650999282505854,0.014889426970969408,0.07995883916752508,-0.020467022223651085,-0.01021501333837379,-0.012700031041184721,0.02917944151062604,0.056401149323377045,0.02884844675348513,0.03292068368365256,0.04284256749571528,0.04124983924805894,0.035938549012293985,0.06264626936990907,0.041975221282880844,0.01017708852842217,0.046957989122893735,0.032688937183536416,-0.007699324198652492,0.05918095492946663,0.020169853764076744,0.04904699047154165,0.024466374927377077,0.02532618585205721,0.022605791565618535,-0.03886602020944717,-0.06279548132074463,-0.007489632446882635,-0.025516802710077082,-0.024310662131754094,0.0031115920543119003,-0.014511147462248608,-0.03727688096137918,0.07581236603436274,0.019998830352261524,0.047318595363290285,0.025205904231653635,0.04203256738489032,0.015332092853402758,0.009355065373525361,0.007836988084243716,0.01078180908333069,0.07797614373743428,0.02918463807220886,0.07656294487467931,0.049190110435583335,-0.01630015601640161,0.050504595672664625,-0.005306268881055968,0.03504873612240811,-0.009828207759085755,0.018567803636704096,0.05127552513955293,0.08097238344270573,0.00654101478773493,0.01553920969819097,0.03437620142621109,0.0221003504971509,0.01584503522113066,0.07345926368941201,0.022203125080657127,0.021283949832175027,0.029913061710853672,0.003472937182804357,-0.0017847771052511882,0.021211317916655755,0.007784806642647512,0.04434382819156721,0.003186588306614212,0.010775866013906205,0.06726545529567034,0.011243827609295287,-0.014595458679859147,-0.0005918746860693053,-0.0027173662693738476,0.0028706332063580214,-0.015654928944177745,-0.0001372978207940038,0.07481304800790704,0.10237933184914161,0.0792030597016065,0.05037856948253904,-0.006019020366109473,-0.010689428802601424,0.004386566390615821,0.034057467695437875,0.055579761171949085,0.06403894636238118,0.25232938846411035,0.2507407759762234,0.15053855553538806,0.35672015072700813,0.4782791636519964,0.39436613854787167,0.24246112233607703,0.24929108010186227,0.21820227883779675,0.3041027128773016,0.08173475390801664,0.1814050864672333,0.31168895619282905,0.2301779085165614,0.28594582469628843,0.23588657526044957,0.2497690927776377,0.2769019974454816,0.15772924163202687,0.16602754768973157,0.36161146049567466,1.0,0.29715480192499094,0.32029917687818776,0.2950751106038151,0.2745852138316071,0.33160155666078484,0.18647383557068348,0.22650990561439927,0.3470566762010243,0.19816471325341445,0.22716198792629716,0.2659648695858036,0.4695304120134056
329180,0.05009955843919219,0.05057741498460398,0.0003452216365098981,0.0353931041647937,-0.004232145652474906,0.03616778708947908,-0.0168288420098392,0.0464594339107814,0.00994262661728054,0.021379100962729297,0.05932434486723579,0.014761688556182331,0.014872332550524456,0.07422063186112614,0.032214701009127315,0.05365357524548974,0.013860694250620177,0.04980588177880481,0.03991548943289357,0.042373041538419524,0.04253544552231907,0.018204573366906156,0.011116522554806498,0.06368334530340106,0.03139228156124339,0.003043355359595086,-0.017407567705037087,0.026385263725370433,0.027142087634482486,0.017129530548873274,-0.005761338910087936,0.04191187544049724,0.054858107914851455,0.042627932382171885,0.050975887977164215,0.023542937949736574,0.012385264705964532,-0.010236508577836635,0.020112113215441735,0.014019622535505066,0.03685767057480152,-0.0012579913237561607,0.03141889131815846,-0.0036903657760876227,0.0046557991162586645,0.004057098583774026,-0.018946051345474165,-0.029094612138805247,-0.005271028051901984,-0.0198194161265612,0.011752255582631491,-0.041952024335255016,-0.004468687422549423,0.026913260407900524,0.04316187687245376,0.023104851417762945,0.024558320231659714,0.018096118166395798,0.01264723889606286,0.01033551334383057,0.012116699234537525,0.020139113429055652,0.02287479916617727,0.02221654317949931,0.018060577382951644,0.045847386786834726,0.007073586879132781,0.02926243195876997,0.03811008336243433,0.0051162848277901815,0.025392529391051903,0.06588982594474241,0.025290590537164225,0.0381654531023088,0.04857049296382492,0.03283833342892327,-0.013262702955254996,0.06147338230334247,0.036392633761836816,0.034161976178230684,0.06366474907318442,0.06626624233861832,0.035559879843326335,0.054984316778885836,0.023217777160989692,0.017510190875397517,0.0011162448345791044,0.06598427755390046,0.08150090144121223,0.0453063296477618,-0.002079581533436141,0.040508343123433196,0.016902770997269796,0.01181926187080503,-0.030343546241743197,0.026440316358810213,0.01996977471724842,0.016062844446956784,0.013476776883868249,0.03764641041851536,0.028251481770576854,0.06311805160560018,0.06605285713768291,-0.038912384156288865,-0.036644876667135666,-0.038554670849450745,-0.0025273542032799487,0.03340977214869048,0.03947399002327179,0.17564437400512206,0.17020853426219038,0.1291321434081864,0.258506499220659,0.2907651948704164,0.2303264590544994,0.22760904096029888,0.18494582798463682,0.2102863712363751,0.14854055681156808,0.08528621206847224,0.09794876827486634,0.2639790588205832,0.17330484908319815,0.41909701656023873,0.178350464860292,0.19707175295876667,0.21049047050416195,0.16010726674435397,0.12279639030202419,0.277503712700149,0.29715480192499094,1.0,0.2828586402882231,0.2105123315961746,0.18334289795576178,0.22906917489766906,0.12159206965221565,0.3008952262035076,0.2719065643915589,0.12398371214687463,0.2138407799806109,0.24159002104083285,0.3546635220682782
267260,0.03053334971276907,0.027981713992720387,0.014278530013553259,0.02155125674164795,0.02800450088448551,0.058167607708075234,-0.006028258456758186,0.04168125240261611,0.011709430321927417,0.04519534859110454,0.008804012454380918,0.030355205134317,0.010713696848245994,0.00601477751146744,0.04533815694668785,0.03235976928186574,0.034559006223833004,0.06012381995925355,0.021577898601794404,0.011704647672753855,0.010004178843983403,0.02053762018388347,-0.02190413275887788,0.054893241945434365,0.02601176976231686,0.002012779547656356,0.006900829094716504,0.02688068284954417,0.026820858315681265,0.02559529848299456,0.025483309849481883,0.026783920877651298,0.04069108286979796,0.05312843483751229,0.03964420049135934,0.032415735495419325,0.002327147114068647,0.06452310899266292,0.0017401694155639454,0.02890739000131215,0.03198773192108452,0.023498819341473225,0.05503455401727754,0.0077193943310594135,-0.02707140570757123,0.06875580201487683,-0.028476229614432743,-0.07456691785716044,0.029056744538334584,-0.014067053559651533,0.0027603604651589187,0.02978934123195631,-0.009207729802665232,-0.030259457347121346,0.0687489247986572,-0.013550661221224078,0.07750946371379354,0.016854260867626366,0.04903210877098028,0.01681189666113744,0.030471998938357125,0.053280567044545805,0.057908916669449154,0.014529339445936398,-0.0008138738299516233,0.02057727896075359,0.034942917956173644,-0.028517807003013276,0.06368462276947943,-0.024576260195412297,0.004115560364160009,-0.0160579152982542,0.034798691921404314,0.016481729465959334,0.04783909903825488,0.02980888863047981,0.0665803715589277,0.03958309608854594,0.0486927761463019,0.03530356785423043,0.07657123562649983,0.0515636197469211,0.04180298951622518,0.05691776188746451,0.03353672870097289,0.019230667701200875,0.024873930701206946,0.07276914745086513,0.06442362633924516,-0.02583314816521628,0.06131172928926687,0.014026138631550639,0.05220775731634506,0.03377035653471059,-0.0022518282666341713,0.04186371955750648,0.030729680304958023,0.06949515534547226,0.03537307170193922,0.07002677392359226,0.07072509933721884,0.033978506300543866,0.051077830551361975,-0.021671759337097835,-0.02673712340627234,-0.00983362630136178,0.03312909564928017,0.03943357077646146,0.029636604984034483,0.09522987772869518,0.10432218789755546,0.12482780499180797,0.26438495391352795,0.31769218393314097,0.2437721768142683,0.20553057093061602,0.1885964983162576,0.17676667982604385,0.18997395763379013,0.0428878735351777,0.22269293841300894,0.23139735241187834,0.18796430051659474,0.29926565184247067,0.1659246624283309,0.14513751312378467,0.16109552537233687,0.15503532702762765,0.12835530966018754,0.3593431419521304,0.32029917687818776,0.2828586402882231,1.0,0.2543795161319313,0.30443003889644676,0.3148097575063529,0.1199909061093817,0.28106732528893497,0.597164391123726,0.1862544797331099,0.1850463708096162,0.18528637772354264,0.377395677618409
005930,0.07209774722668977,0.0685832088682426,0.050305332437120535,0.014917762650254983,0.02304275415428933,0.06516852885793935,0.05106088319825481,0.055016991730239766,0.030921660279803087,0.047963466015172075,0.028030307049731137,0.037869779636395144,0.012587024282128061,-0.0033824543143222744,0.04710966277462573,0.05061889325135718,-0.0038221135481335687,0.05997212020381924,-0.0028536300103260753,-0.009868091133597361,-0.02491062812736134,-0.001264536699066546,0.006491200973049289,0.05438515128658466,-0.06019225745417285,-0.017940032283138767,-0.050385577880005396,0.01808102857347991,0.012343977294221509,0.026070538527676285,0.05484689291122344,0.03868338895852725,0.040910670922161836,0.042345482177514056,0.037194531444270214,0.04613137219542038,0.018444160330464993,0.06705783317495484,0.01396827655802073,0.03317352082581715,0.0520377510646548,0.03859705794312368,0.0795493362171318,-0.037189525127016065,-0.029480310622502275,-0.0061932857815307305,-0.03511640955850529,-0.051713690872626276,0.018595252901233743,0.02265963969728829,-0.0032918235714154633,0.016716630316889795,0.024245895561441386,0.03285240244163073,0.0913855968206237,-0.01981332788677792,0.07048572039014112,0.0374185880126867,0.0639929867841926,0.02724088864367646,0.06573213066236885,0.009041086042822772,0.02370372904758154,0.0754608316044888,0.04234785243504027,0.0378789801680913,0.06634441014795399,0.03542661480080572,0.13905509623880175,-0.06306158781971517,0.02938820728289337,0.0040803436712457805,0.0026546604351736476,0.08686907353858866,0.0912690018313615,0.054451061513754936,0.03985251516850978,0.07077141595377451,0.01817108910679797,0.027400283889687602,0.06383101474472513,0.03229570308908899,0.053550995574363255,0.06670343909834142,0.00435169339813941,-0.0026242783437133285,0.006461623860772961,0.03728431347370391,0.027365930827654074,-0.004740705133967663,0.0111652597927321,0.040020200531986024,-0.002209048465636136,0.0481400700827208,0.07174447085399281,-0.004735575556161197,-0.011713030187590004,-0.010946692087535112,0.03821935192351328,0.12272750149193266,0.11412305870766523,0.05855532609725906,0.028793950334593064,-0.03457484984761909,-0.025884918909971674,-0.022624997105422467,0.01860026114272145,0.06311814885582974,0.07082837550826646,0.35452631860260486,0.36010915588775627,0.2643548092714753,0.5187360022802378,0.3817441080838402,0.3778490715487138,0.46514299305760737,0.4213657918622745,0.379202832919655,0.29190162082049953,0.09395068081308666,0.14566815149386142,0.43226317522190977,0.37602758617051757,0.2787148668082442,0.30217921812669457,0.3496023687369231,0.3143557287562186,0.2495830000055479,0.30234163756890786,0.3220671522424335,0.2950751106038151,0.2105123315961746,0.2543795161319313,1.0,0.6483517289916416,0.5557300083292057,0.27493614309760206,0.1237452703853795,0.29590876554025214,0.17227523127532013,0.3169254440181932,0.3569046794694005,0.8500007867197918
000660,0.07588671355254209,0.07494906369051195,0.08877585005083649,0.022706817049401626,0.02761128384047124,0.06571508555576325,-0.0038201491660982433,0.04552989453558337,0.029144002227782573,0.0883904159256024,0.08120302942159345,0.01636517361978254,0.012382401666956679,0.030700248060697054,0.06922398840592986,0.06538742602901913,0.010163797719985157,0.07093408938591494,0.0003679242443169636,-0.024398738524398715,-0.05600722759111316,-0.055555252806142215,0.01949553652412377,0.057551909349121216,-0.0367686368593554,-0.06159311592196211,-0.06846589038297135,-0.02120953918333073,-0.020959056829871765,-0.011362676726836038,0.039286560820729385,0.007835491449394012,0.015994834155560973,0.03962496856051932,0.040815158193356675,-0.0004048028610203496,-0.0013857405002845576,0.08595024349723318,0.007049323122431348,0.036518372929414775,0.05070799970896554,0.027172880215502956,0.060057422097868886,-0.056730958578835866,-0.084603816313198,0.006668998793596144,-0.06277621598572801,-0.06307615931521579,-0.009268602002179063,0.027797877982850175,0.02073485586969012,-0.029458565100815858,0.02221433742314252,0.03959367683876876,0.08466680084210466,0.050414046747185456,0.09871595993029245,0.014241542935854855,0.03686100383812955,0.014163844739922115,0.05567907279155733,0.005441586608483122,0.020710387855346152,0.13786413671363365,0.01733456170286282,0.07419867060065989,0.08206136300266027,-0.0021200007419816145,0.13916064429352232,-0.03580356733946817,0.0035798210446157017,0.02402566989388238,-0.014000167077870477,0.035412749445343464,0.09219140282999096,0.02754546454502064,0.05034110308961355,0.05047274711995854,-0.0046469548286798765,0.01540508919102268,0.03814799640682756,0.02674180244049334,0.048470553527417755,0.03842216598196102,0.016240264214858358,-0.0025917212814328262,-0.015447434589294585,0.008792463432562379,0.026662827618623534,0.005476501075550902,-0.043275796262963025,0.039471092276766546,-0.07088379246534607,0.019544504513923738,0.054912798438743284,-0.048264724444927125,-0.06564463119863445,-0.04418263809457444,-0.006103952324116728,0.07793787284334021,0.06026714374340053,0.07805176910659165,0.023236065927047102,-0.03673958342122069,-0.04282088606818284,-0.029174533165588757,0.018935095552089058,0.07668128087169755,0.09878168772069797,0.32103318463469416,0.323572534691899,0.20281920670255255,0.4206317074166572,0.29951480387991797,0.28427965737373423,0.3529851977775813,0.32698630279054763,0.2878323354626746,0.2360350856196463,0.10371039879155926,0.1409914439934312,0.44382484938751043,0.2973108940956553,0.253670068922971,0.2784802908972919,0.2864369513438265,0.2875596018056165,0.2149473533464059,0.24267199218561852,0.33089862633430106,0.2745852138316071,0.18334289795576178,0.30443003889644676,0.6483517289916416,1.0,0.744496845165714,0.25760162210360604,0.09991748313912344,0.349525411317827,0.1502235774381634,0.2615095868627404,0.2719472904028582,0.7490919551962024
402340,0.07330053852651412,0.07164959522609485,0.1075693308656931,0.03299412579924249,0.04479687727002444,0.09492650632025325,0.023524716040075368,0.03184524802105498,0.044805743687281865,0.08731543271662413,0.05029517248498264,0.04358931521731477,0.030776100217270237,0.05840879912696756,0.0847622303866659,0.09395482094893527,0.040099431597663215,0.09787549306391076,-0.013699809285945304,-0.015547211834397437,-0.03686819352373611,-0.03141380122657464,0.0505608060464677,0.0671638968924208,-0.038934357841435445,-0.02005907136177621,-0.06277207973604201,-0.004273995409275276,-0.0035985454738728362,-0.0038323625394616574,0.02108509201856304,-0.017895107009613793,0.032535715822355205,0.04858945728706231,0.07104377665896876,-0.016588552951821198,0.027178526464601713,0.0889773253059313,0.054611461778477866,0.05010889127719587,0.057733375486059904,0.049959315331145324,0.07009369153030581,0.0023493835576620502,-0.03194682745894983,0.038254739400249316,-0.05375239012820171,-0.018072049370480393,0.019436977438746623,0.07059730921865055,0.05634605202294006,0.001601138595341809,0.04059028057478039,0.04502559274085486,0.11411758175576665,0.055854572022125334,0.11304131900587183,0.02880348588721942,0.03727552464560006,0.011736914658602597,0.07192964048635858,0.04319229914421825,0.03843342967347516,0.122014067162815,0.014887359086261553,0.0902373967296725,0.07612580876559645,0.05460027147843897,0.10258230733749235,-0.025120269754965317,0.005144376593666691,0.046224536827836164,0.029494354424757348,0.026882458350528885,0.09168561895778005,0.04458751001953601,0.07472735116486402,0.04936939826117524,0.029473179571599697,0.03638023753041324,0.08231998518851923,0.028355851961442285,0.07960650003300561,0.06911920973487734,0.044668741814981636,0.04174941591026419,0.029477628281098855,0.03437937108217791,0.060613655490699005,0.0534054161715001,-0.0018009598881865727,0.06502862104950492,-0.04286009644620538,0.04240889347130241,0.05325924275835279,-0.021708062512541284,-0.04018998999895029,-0.023228106633464123,0.006000680341481551,0.04824356034408582,0.044851135848411716,0.07464038225622878,-0.0009927076238130446,-0.020179966712826857,-0.018070625912130888,0.0029222001493167168,0.04502322812431216,0.0960909126055264,0.10143169952338443,0.2910666210964756,0.3067608389347503,0.27685398405858713,0.4798237377596003,0.31638677999898795,0.3046750008132979,0.3392202279522702,0.331735002393342,0.307883358282808,0.25018902323769004,0.12468386396620974,0.14452675073811475,0.5541389860976331,0.299152333145668,0.3533472682171014,0.35455430926622766,0.38226724821982405,0.37279477870737504,0.21374058440195576,0.257020812816366,0.3046375582161698,0.33160155666078484,0.22906917489766906,0.3148097575063529,0.5557300083292057,0.744496845165714,1.0,0.28292223478357537,0.11843232149355763,0.3205309518448569,0.19666866715368414,0.25337736265627464,0.300173563099925,0.696454887126721
373220,-0.01595643105875259,-0.012621513285406864,-0.0018304362775475739,0.025709305642152215,-0.002065113344702673,-0.0008680655077636053,-0.0058145520914422615,0.02945899326494005,0.020751965797617854,0.033772945413470104,-0.0031005697600427554,-0.01182579239178474,-0.011275180000596898,0.04999247888802497,-0.0028550764123363784,0.06270911196456103,0.00863820907574577,0.018780070250255194,-0.013745997867162144,0.01801277622343394,-0.01808127670183367,-0.013697910418518365,0.006645364259099347,0.055389013520180636,0.006547104084495286,-0.012685706612220949,-0.02048797662477022,0.07227630723347027,0.0610352906840707,0.05718257798807735,0.06969210631062257,0.021253961506139073,0.06272527675046988,0.05815423141387762,0.019878760053246246,0.05732522061747447,-0.05159641068599253,-0.005895569380536354,-0.05055078339711141,0.004903013493841658,0.024265430043133328,0.06306624477653434,0.03976117144363372,-0.012543485048444873,-0.005618315688034127,-0.03004219136690715,-0.03974620636568525,-0.07292640869183528,-0.0002589047655667025,0.007391636331556183,-0.012465184348221678,-0.03743800708385844,0.05736537464060657,0.01573791288382872,0.024921896379401103,-0.1068559700859296,-0.03812055697448275,-0.05219843694865263,-0.036175251291468154,-0.03311375521132574,0.007491816574089279,0.0003596913848987801,0.019773310758909306,0.01859227714444562,0.02333077447663024,0.03175766881684881,-0.006684822317042032,0.029264509350425513,0.032746190661933385,-0.02686551210301888,0.011144666098155344,0.011079119478358634,-0.007084429975374874,0.02218084153401151,0.047404937216535506,0.009213518068423205,-0.00949653099912254,0.021669512252554195,0.022628034512245872,0.009894650718548881,0.08343814683459687,-0.011537790717349165,0.021099719035362927,0.01516727149535551,-0.002428789609035578,-0.020783014094079698,0.002335858758029858,0.02283671005940993,0.029458538451724522,-0.019060497142487247,-0.004747271913542471,-0.007397585977819803,-0.04610850779090234,0.016218618281759793,-0.004484833395891396,-0.014420971057831083,-0.01915346433964918,-0.013073183170404179,0.0332128805536572,-0.0009708461897762967,0.03834606403339284,0.08190218461463786,0.09108721587443287,-0.023560655124598928,-0.04708732097715683,-0.018482724811927136,-0.009385575349909242,0.004033822618308517,0.010357262595355717,0.19218791223217468,0.26473872960732037,0.09511834397649419,0.21588021375627084,0.18223751328001944,0.19291903537979002,0.2569007696400125,0.26042552382994677,0.24112353625063782,0.16935183487347033,0.06231368376057016,0.07020208625017155,0.2559664342172088,0.6360248173433041,0.17112792078477126,0.1619523047396918,0.1318372882979976,0.15530337926975332,0.1762433223892218,0.21144128731497383,0.21865227295975995,0.18647383557068348,0.12159206965221565,0.1199909061093817,0.27493614309760206,0.25760162210360604,0.28292223478357537,1.0,0.0637029371565707,0.16809286110421312,0.16752160901333513,0.5529905701689485,0.26967412676644886,0.4230979808563291
012450,0.0045580245652188465,0.005900283851331758,-0.0021738664939715056,0.03300995616757545,-0.016389801605500073,0.03853138654460581,-0.021443515505357856,0.05061869678554493,0.027308040309031813,0.04481888418876394,0.002845170144851047,0.00014319952924187227,0.022819072491440495,0.04567689011963273,0.022615816738692122,0.0353005497776736,0.0033708423891259318,0.05134581303863693,0.010863897868438223,-0.013036531383405962,-0.04679158786004846,-0.03176698408656522,-0.0245561377146075,-0.007567056790322673,0.049212587697983014,0.011777413080546187,0.002461154469303717,0.09596882339363955,0.09167752289922083,0.07576264583552607,0.07157464581570344,0.07918294217154183,0.06509291178896451,0.06933792529657158,0.11294497631039657,0.08870379358993978,0.061099625711970834,0.03690258129180702,-0.005678224843100079,0.008469921619358788,0.021155085632123344,-0.020865291986349573,0.015961177894570553,0.052214018856130306,-0.024988687075070036,-0.006620110961644762,-0.0063025480507415445,-0.08322203801237052,-0.0007464059608724864,-0.03209529632439656,-0.007760186298687935,0.013736043086273086,-0.052501478568385065,0.014455386635451341,0.035679395441477746,-0.07875411774069929,0.021656094941124537,0.0475664217640016,0.03609608900649734,0.014127531421755095,-0.013817610514653704,0.029752202789636303,0.040772659369569426,-0.001589630532037543,-0.0032279857424036542,0.024448095724141923,0.007224796843180932,0.0034358252943693913,-0.012924110543964232,-0.011820351607268438,0.00797856038459839,-0.006573156069644636,0.04804371190118354,0.002262322814296719,0.025117911723119772,0.06748046155527006,0.012877076292680131,0.08846132793689866,0.004191377950525651,0.02390236860269787,0.07460973892617333,0.0709289212627931,0.030201326588684706,0.043106372732322575,0.030032798260845175,0.012202129506979298,0.03413701640961006,0.0466894755052449,0.045545338603546655,0.006194329569521488,0.030245455142715635,-0.00890798626552319,0.06504391511394231,0.04496273600007145,-0.04522619628248339,0.07176451537912167,0.06746556690398743,0.05461803290918629,-0.00464785386389337,0.03160568822273064,0.02181345432329611,0.03202378279189325,0.12112703894232658,-0.016264252851819705,-0.01654501912820754,-0.004917950052197986,0.02211121692063099,0.024860573933016727,0.0134206843912761,0.06890319224440648,0.058821861919577154,0.06927913452248123,0.16162747571055003,0.22828478751810377,0.12260840408220985,0.10580048285277292,0.09662009265732972,0.1203935276764176,0.07250937621012654,0.021211006308817126,0.11032426409698255,0.16965592822435446,0.08913591111474872,0.233469090521332,0.11153264467400197,0.09452846510146948,0.10147840392966283,0.10402268490794085,0.0897319971723803,0.10784557630822483,0.22650990561439927,0.3008952262035076,0.28106732528893497,0.1237452703853795,0.09991748313912344,0.11843232149355763,0.0637029371565707,1.0,0.24908544066700916,0.0941948780356498,0.09156130068792914,0.13977023783867396,0.23534024512452076
010120,0.04144333528040691,0.03811618255199088,0.0009980747872001686,-0.020379343405226003,0.015151732966849038,0.04515970989391099,-0.01817688017621273,0.025837301985525463,0.012456070556464386,0.0388166521650456,0.008015034754779793,-0.0014636114257670682,-0.013226328829949565,0.03518320660375699,0.040392313052982014,0.05274550250717345,-0.014539592877433217,0.06465790752026798,0.03404149797947322,0.010789725234637917,0.02286567261054681,-0.02282996002025663,-0.03576188896672529,0.06277330805745751,0.027371324956845373,-0.0013810318552369511,0.03147999680882788,0.026179485519313792,0.03161681973221974,0.028363787045266087,0.018503543215376953,0.028177520246698624,0.051012171522363585,0.05567384419563654,0.04281193041313842,0.03837430023997289,-0.006592258587659509,0.04377187151977672,-0.013200425552088479,0.012555306351583494,0.006208764483531566,0.05331874497857586,0.025722966068170313,-0.002370864163757984,-0.013750483735955629,0.061412128655342735,-0.01774160268008402,-0.07346435493502768,0.02778739865678089,-0.01308396540295253,0.02005522726817916,-0.015101227350597173,-0.021789926744236566,-0.047350819245112176,0.07639232376774743,0.0278396557455881,0.08501269721875043,-0.020750491978451028,0.03955281132549311,-0.017841180473603127,-0.0019751237517243725,0.021271983000625865,0.005939553713636421,0.025783481589552893,0.008215651585905327,0.037900861871968054,0.04006865142701146,0.0028898126596853856,0.09313608564891193,-0.07488034506933038,-0.003411884010879362,-0.02995847813385128,0.033745592635267524,0.04778581028085943,0.05889354302551507,0.05842570405590106,0.01474604599288786,0.05113994614782042,0.026562088551675397,0.0009043968856614246,0.07300748058544787,0.04875710674614454,0.011591475016343195,0.06810151188488717,0.011206990710651196,-0.006262163710066447,-0.01555110828156251,0.016358079882406527,0.020765027411489504,-0.028715364888652086,0.04937806422647715,0.03279064890895567,0.007114279944316062,0.03368618978890058,0.04001388208002282,0.003428940539729153,0.013852598955306153,0.04467047068087264,0.060372272939957075,0.05416512874896776,0.061021524133922644,0.04526090561055914,0.044005522801726184,-0.028090166084044667,-0.0373823762580624,-0.019361234559914745,0.0026097119326034886,0.03456047802528681,0.030150580342289814,0.1263521552230106,0.1269857016855977,0.15360330772626937,0.27624254329525877,0.3007482395046589,0.2873375988676214,0.23156524901688755,0.22543571815019295,0.19577955917091794,0.1739694642912799,0.06810604548099143,0.1903329082711554,0.2852313220546699,0.2170647495338172,0.3012130433555888,0.18232858512817038,0.17952346760317997,0.1891281450843101,0.13923053514531658,0.12828488569606322,0.29017939478794624,0.3470566762010243,0.2719065643915589,0.597164391123726,0.29590876554025214,0.349525411317827,0.3205309518448569,0.16809286110421312,0.24908544066700916,1.0,0.18824594017131668,0.2161613768845858,0.192312400141119,0.43206062495613884
010130,0.028520314024330518,0.027284950573735412,0.02969576850305994,0.01295570436362236,0.020602041336182122,0.04540498062268361,0.009415598060458658,0.0314294023022306,0.023165080249372645,0.016169938822040462,0.04459820015386051,0.006909019149585706,0.025042846284825067,-0.010996020948057152,0.010226975746758673,0.043757535859274777,0.0030579549784767075,0.027420763415086088,0.020500097127712967,-0.011165752404264758,-0.016948340517904576,-0.00939677546919932,0.01977289500688707,0.02431366725302916,-0.023937584485208854,0.016997857290016443,-0.018373034229630096,0.039524351831584995,0.02831395429570263,0.026791145296142585,0.02243239817045186,0.012555896871933682,0.0250347957709206,0.0321331953093857,0.045028339596377316,0.026375299752298235,-0.003543253746850473,-0.013199121645462946,0.003113961872302493,0.03145937983686601,0.00019673119533802121,0.015987790496861866,0.03145724928585053,0.01989865803164315,0.02609639031063406,-0.004500665593849518,-0.02695173774679509,-0.055460995727912125,0.007046433136295643,-0.04166238429059412,-0.0034492650721667938,-0.029998634172511442,-0.041159908032297035,-0.028994430474960125,0.03475867884916624,0.042395253424900504,0.025348051344289593,-0.03010281102349438,-0.03300390367484552,-0.054937233242039904,-0.008891729729367862,-0.02913782430911405,-0.020897533066104618,-0.0046371626989730715,0.03416738994331489,0.029260607373821065,-0.010619935871936732,0.02454190765987607,-0.0007061125032609332,-0.022705073973704627,0.025381995033416576,-0.005569180314690282,-0.006142313248343368,-0.0208600885800474,0.027273624182209463,-0.00541450640532624,0.0018468557573335228,0.0050853832440706185,-0.022507565281613563,-0.01709885611557607,0.026270612964149526,0.01181303184226708,0.010476084613390512,0.021136853086133573,0.004843421935517209,0.0018146987688148102,-0.011601165618675385,0.003430287432086617,0.04125675178715521,-0.02006461294953647,0.003215230245962762,0.029452496719189338,-0.007499863216788823,0.01758071850995303,0.04255823612090603,-0.011592688524227629,-0.0053024696974504305,0.01052336730044978,-0.004851801165647858,0.042023464085155296,0.07510151210424106,0.030913765040233628,0.019828825575592426,-0.02987278606217911,-0.0413093548353198,-0.04139793125120765,-0.02465043437648174,0.01852335761978218,0.019760681526070793,0.10935820893742944,0.1605365104233891,0.12578883165930302,0.2457351221785275,0.23982959165698423,0.18379897396209682,0.17669237607926436,0.18420294769836973,0.2080806611413104,0.1866638202631429,0.09037400477382505,0.09873091330259974,0.2138936548414323,0.21418751437168237,0.19757751593646133,0.18035998114844912,0.23667141023498434,0.17496419783301254,0.14676905431315176,0.1101043303634315,0.2818838918876818,0.19816471325341445,0.12398371214687463,0.1862544797331099,0.17227523127532013,0.1502235774381634,0.19666866715368414,0.16752160901333513,0.0941948780356498,0.18824594017131668,1.0,0.2640938869380796,0.2133583939359298,0.29452079124462494
005490,0.03450966042200692,0.03494646691534257,0.03517330897714047,0.044759790739553454,0.027319267194515592,0.01990974089467056,0.014374423586743689,0.06760658662782704,0.03241653531186146,0.020067572474453062,-0.0024431219897542936,0.048790940937642274,0.05638192474205788,0.08830860758675,0.017909582262813133,0.07170466149054044,0.0335721891146843,0.029706114189406725,0.0009763731394242043,0.005081473856373657,0.033902219804160756,0.025470720372974185,0.004168999501443898,0.06442159929879562,0.038762228996650244,0.01308869157148624,0.014579784539596834,0.066426612076714,0.06758069148087159,0.058319838417632865,0.06284435409072579,0.0642159609774192,0.05519526332152016,0.05554221196998021,0.03356778608154479,0.061020868967938104,0.02558284938457965,0.03152103547444699,0.011557452307720154,0.02109061007508127,0.04477943971913786,0.028695672393655704,0.0697124936097703,0.04096871461634317,0.00890812873762618,0.009782001018060963,-0.015084306489447554,-0.01817176230377871,0.030933985392385312,0.02398579272940102,-0.02641495986610467,-0.015350505889940668,0.06161603189028998,0.028354845416852247,0.07850865004570627,-0.057330446357247086,0.029243483215167978,0.018815158780376286,0.050704457361381856,0.013929595017732903,0.07085833435820169,0.031897453565098266,0.04367761064628963,0.04283768929641185,0.04581644257194384,0.044147946041074,0.0027592922528540996,0.029106789187273364,0.06348782322125322,-0.05200570837582903,0.03706412681232974,0.008167385183253752,0.03958539046227778,0.04487296023158578,0.09109395754667698,0.04974535873265278,0.05015127708232231,0.05930240937909366,0.07460458066846497,0.047304117131406656,0.09667567179553987,0.020515207363873286,0.04755642444128328,0.03395236483020096,0.002526260378342956,-0.00233391597686574,0.010896916625959704,0.026899250240752966,0.06400666597795719,0.02603828972424427,0.03282465232713867,0.04721815041914885,0.001327455203320816,0.017428036248666585,0.029011228735134578,-0.007636099858739708,0.0003328741731624953,0.0012476351578510096,0.06202802564871449,0.027838596488807016,0.05786995229327437,0.09197904764450704,0.09282791178800519,-0.0006131217264114437,-0.012634956777596228,0.0037734157936020617,0.015275826482111178,0.04735444243316535,0.0414026929586597,0.24312271675484948,0.2840277334201581,0.1660732745986531,0.3237952934781152,0.3418531422504496,0.351050080381976,0.36338305709524976,0.34917238701314574,0.3586260279715284,0.2535730791041138,0.09279771268643693,0.13082351118894095,0.3441930873201341,0.579930772914978,0.29395791220137474,0.3104383553611639,0.22530387463451534,0.2889386606127756,0.17615471667229063,0.22852786951317067,0.3296863524310821,0.22716198792629716,0.2138407799806109,0.1850463708096162,0.3169254440181932,0.2615095868627404,0.25337736265627464,0.5529905701689485,0.09156130068792914,0.2161613768845858,0.2640938869380796,1.0,0.562515121539119,0.5093371106621153
004020,0.040469298435423295,0.03664723572762731,0.03041160609820489,0.004787728491026213,0.006204770117400608,0.015757308804029695,0.008822424558589292,0.10012927229154306,0.012893442266883527,0.010595114705063044,0.009513842191683879,0.03219108881995586,0.03835799514039341,0.025781779102566987,0.02301349997618975,0.06173918613704052,0.02774038819704531,0.032558459533154734,0.005215792950361923,-0.024519444355171165,0.044830519215315605,0.03653051343808898,-0.019620744666382747,0.046819650173335156,0.042917331549913645,0.04256461899330997,0.047509269890450935,0.05997606330284664,0.04695580520892544,0.04700933481637157,0.037270501610686506,0.04806282619843727,0.04029654148915446,0.03086589167955349,0.02542290255623297,0.03917209494451188,0.01589567512541736,0.004528049455966738,0.02316958255607203,-0.013770823268821486,0.04591037265722853,-0.0046165823218625715,0.032295784393458725,0.020439514880804567,-0.006416990373261279,-0.009257667114821705,-0.002147110241451789,0.02234806286516576,0.000780008849624968,-0.012454758124856323,0.006248947653511254,0.0006407326791865938,0.00513216769875114,-0.01414645574927435,0.05130225317267239,-0.04398980000103709,0.006671558562393066,0.0034797479342792317,0.06411478080385173,0.020447439444276343,0.064975364445846,0.013806804379094727,0.033363441809354466,-0.0011769412272877834,-0.004345528761775015,-0.00672936494514317,-0.010823348555847752,0.02816644260877104,0.009118426328224127,-0.05483242361961706,0.013751133287169598,-0.003511331179568203,0.03414078585175294,0.033905014387366025,0.05982067877064009,0.036687254655826056,0.0542957547417996,0.06197282274944443,0.056330923736397705,0.05731766026719933,0.08655218829708722,0.022778593786801613,0.02286252516678782,-0.013392495831293672,-0.01687582472559551,-0.028304486636271404,-0.011162494187581693,0.023309954610756474,0.005089875221219797,-0.013124075310088905,0.002952300870783206,0.005562293596735708,-0.019283674013077116,0.009860194986387101,-0.0007804147034154995,-0.007720786038263661,-0.024981640253000027,-0.030141949305103038,0.04636748440651003,0.06964538869020603,0.09936973957557271,0.07438864900934096,0.07680240392952889,-0.04396306350006674,-0.04304100604313672,-0.03927870653048716,-0.01044710936363987,0.01593008569859083,0.011485112409780071,0.23075284002042754,0.30290681794244284,0.16568449670568822,0.38924207940627675,0.4582070536374232,0.44110521846204115,0.4070574374746221,0.3723175369244504,0.3620129609864569,0.25878116466262563,0.12637897243953716,0.19557264635665367,0.3780925112704528,0.427415883245857,0.37346285352417713,0.3309851524746936,0.2790169575439862,0.34375042103841336,0.18218794498672236,0.24108316304641272,0.30109136989124086,0.2659648695858036,0.24159002104083285,0.18528637772354264,0.3569046794694005,0.2719472904028582,0.300173563099925,0.26967412676644886,0.13977023783867396,0.192312400141119,0.2133583939359298,0.562515121539119,1.0,0.5150395384197376
069500,0.0882340323671716,0.08575666680732676,0.0703684296812351,0.044908357800425465,0.027046234715181063,0.08119793783108308,0.02735216888460906,0.06422671856371186,0.0419988833335396,0.07870346847430927,0.05050780740166834,0.038451884684564515,0.020770305587754327,0.04122726775108489,0.07105815496987272,0.09430541114804006,0.01747577040852817,0.083315380796704,-0.001499536081961962,-0.01697691525845874,-0.02595324401402336,-0.007370756078246749,-0.001316541032216686,0.09046499555271309,-0.029567900467403013,-0.020448089388088855,-0.04588454938144931,0.02850502221579346,0.02405267981636841,0.02672455973909963,0.05334225388203819,0.038932651978253165,0.05297778205119118,0.05904379989077815,0.06125202056968188,0.050285779425961644,0.02471814157989853,0.08037157472878743,0.023884267623941465,0.03403433923775365,0.07811546147148846,0.03718914679522512,0.0877260736123405,-0.016106423477841875,-0.041146221457454744,0.004275122271346003,-0.053255070624271705,-0.06590508338403642,0.015774965751524726,0.03016338685210729,0.00391499084909498,-0.004253052334979463,0.026063107617468703,0.03479273176722043,0.11823323875268381,-0.008437140620301709,0.0887907072755772,0.038777765061561234,0.0809769345319292,0.023036609510875872,0.07542468278471456,0.028998607650386497,0.04284265264370997,0.09569894074867694,0.04017706551853837,0.06358556525609314,0.07164245511400108,0.039134049216706865,0.14501520856971925,-0.061246184660221664,0.03800203113580538,0.02198812937393391,0.020662049228717002,0.08007381338894473,0.12583354696455548,0.05604508331489181,0.059482204240785104,0.07737528189106915,0.04077239293525634,0.05408065096294785,0.10026813731052402,0.045145247422787346,0.07966680141301315,0.07388341080678437,0.021133654331027218,0.006375823702426023,0.01124786697383032,0.04903809515753258,0.0561448877144647,0.009147837118642067,0.013102355737782496,0.043660046816392344,-0.02137680405659018,0.040338065018158134,0.04760599918062999,-0.008228996098598416,-0.010223114063669885,-0.01492152466627947,0.03817491435773775,0.12018164829783544,0.11441353979480093,0.10213352933984317,0.04743666596477683,-0.03814225488098796,-0.037630626228085176,-0.023240597266744593,0.023103426229599905,0.08265845208954241,0.08990339329708905,0.5028652930170832,0.5234952783510166,0.3739283447153183,0.6565959441841642,0.5517099530689424,0.5193999773294757,0.5901004512555109,0.5574689272312108,0.5276858140442022,0.41719558288851494,0.2007784803472476,0.22218555889432995,0.6378589127551719,0.5388738807841706,0.461502837283651,0.49779184700397955,0.4927935578449105,0.5096567519517593,0.36579379514665067,0.43285892356623984,0.40635735001296047,0.4695304120134056,0.3546635220682782,0.377395677618409,0.8500007867197918,0.7490919551962024,0.696454887126721,0.4230979808563291,0.23534024512452076,0.43206062495613884,0.29452079124462494,0.5093371106621153,0.5150395384197376,1.0
