date,ticker,market_cap,pe_ratio,pb_ratio,roe,dividend_yield,eps,revenue_growth,debt_to_equity,bond_yield,duration
2021-06-30,000270,60006477792600.0,25.02301165891062,1.0398766209371284,0.04155681318906438,,3580.704082359875,,0.9775863937425495,,
2021-09-30,000270,60006477792600.0,26.83910655230461,0.9014836131595917,0.033588436016033604,,3025.436030881123,-0.031992654539867,0.9091341336518765,,
2021-12-31,000270,60006477792600.0,6.476116364235079,0.8830154963717995,0.1363495414085408,0.0364963503649635,12692.792312064792,2.9352955894975667,0.9147838101570106,,
2022-03-31,000270,60006477792600.0,26.877280428166962,0.7964218999518411,0.029631788903657214,,2753.254749779266,-0.7372371270678122,0.9569512564645618,,
2022-06-30,000270,60006477792600.0,15.41261998937242,0.7642229930421598,0.0495842363964803,,5015.370524498836,0.19168179784799846,0.917393664462726,,
2022-09-30,000270,60006477792600.0,58.76161422122626,0.6846246130349327,0.0116508816530712,,1223.5878975228663,0.05877056776051765,0.9259388620877044,,
2022-12-31,000270,60006477792600.0,4.111665652035131,0.5652811184737254,0.13748226784780784,0.05902192242833052,14422.378913676643,2.7371705588479713,0.8735432794396555,,
2023-03-31,000270,60006477792600.0,14.33041129029772,0.7588579041901309,0.05295437017246735,,5652.3150912521505,-0.726306310575642,0.9387858255300353,,
2023-06-30,000270,60006477792600.0,11.78279017201527,0.7730092657481147,0.06560494199277615,,7510.954426583276,0.10778737274520844,0.8258402440179501,,
2023-09-30,000270,60006477792600.0,13.745261976891205,0.6732241190302273,0.04897863133944369,,5922.040637483026,-0.02662765971958619,0.8004553083895862,,
2023-12-31,000270,60006477792600.0,4.272594042502253,0.8055298621258946,0.18853414438927937,0.056,23404.985122676153,2.9071007405171154,0.7317629416149474,,
2024-03-31,000270,60006477792600.0,14.712957104266227,0.8740435375291702,0.05940638114656973,,7489.996689247872,-0.7373683402662822,0.7685990026764733,,
2024-06-30,000270,60006477792600.0,16.40139823966164,0.9539856047017737,0.058164894892610966,,7883.474208151869,0.05169433878062329,0.6927589080882282,,
2024-09-30,000270,60006477792600.0,16.52027417795772,0.7167421318579867,0.04338560753515244,,6047.11513403889,-0.03801630642471335,0.674566172715585,,
2024-12-31,000270,60006477792600.0,3.8635864596199823,0.6763318046953792,0.17505284578564922,0.06454816285998013,26063.866061355006,3.0516308578655926,0.6610917034860964,,
2025-03-31,000270,60006477792600.0,14.468102297763563,0.6179685603792199,0.0427124820975826,,6379.551243169428,-0.7392476927047045,0.7188929419640162,,
2025-06-30,000270,60006477792600.0,16.02198687480475,0.6385708450292014,0.03985590863473874,,6047.939045086808,0.04754615952666743,0.6457794351621012,,
2025-09-30,000270,60006477792600.0,26.550185566355207,0.6427341013890939,0.024208271531012435,,3792.81718194876,-0.02261009378821917,0.6675430449211788,,
2025-12-31,000270,60006477792600.0,6.046978957542778,0.7465204254639538,0.12345345183197173,0.05582922824302135,20142.289373782456,2.9789713371700666,0.6175568631086046,,
2026-03-31,000270,60006477792600.0,,,,,,,,,
2021-06-30,000660,917960646120000.0,48.128108575139365,1.743851119783834,0.0362335269640042,,2649.179528859779,,0.41619368732986584,,
2021-09-30,000660,917960646120000.0,23.319449019348863,1.3167091792076921,0.05646399184282519,,4416.913963727777,0.14374155115000276,0.4182037585775739,,
2021-12-31,000660,917960646120000.0,10.225062145549463,1.5810330787954594,0.15462332221458588,0.011755725190839695,12811.658074569137,2.642237349860114,0.5498445773345744,,
2022-03-31,000660,917960646120000.0,44.66554812870396,1.3970105260422814,0.03127713829945151,,2641.857201885948,-0.7172958788209404,0.5688989159530696,,
2022-06-30,000660,917960646120000.0,23.742484215989133,1.0231083506199818,0.04309188294336023,,3832.7918499243215,0.1361792739559117,0.5600265487680077,,
2022-09-30,000660,917960646120000.0,56.56655969539855,0.9076017917418774,0.01604484693128168,,1469.065830545106,-0.2047728473844872,0.5940151552345084,,
2022-12-31,000660,917960646120000.0,25.11235159932252,0.8894469587146483,0.03541870442506244,0.016,2986.578126837924,3.062828312019713,0.6411853764816866,,
2023-03-31,000660,917960646120000.0,-25.721026536782542,1.0900357419113271,-0.04237916944537628,,-3444.652563664087,-0.8859719362618543,0.7109837125409373,,
2023-06-30,000660,917960646120000.0,-28.938965981690675,1.5048445637276535,-0.052000633494636614,,-3980.7918525107502,0.4358831794353543,0.789431029576716,,
2023-09-30,000660,917960646120000.0,-39.406640683898985,1.5587401206026668,-0.03955526514188627,,-2910.676931841715,0.24093267759230752,0.8476655376020522,,
2023-12-31,000660,917960646120000.0,-11.623165507866524,1.9850424904202837,-0.17078329385199004,0.008480565371024734,-12173.964132596513,2.614063643847,0.875198677655354,,
2024-03-31,000660,917960646120000.0,71.65025616975774,2.4745588964408056,0.03453663711373125,,2554.073213170743,-0.6206523653578302,0.8591667287905134,,
2024-06-30,000660,917960646120000.0,43.08550808664251,2.9669457334878278,0.06886180215216374,,5489.084625030113,0.32130242667542425,0.7654072153076332,,
2024-09-30,000660,917960646120000.0,22.778195411025568,2.0068668304584394,0.08810473324357534,,7665.2253108464665,0.07001113908093022,0.6594875280085364,,
2024-12-31,000660,917960646120000.0,6.593256243777112,1.765877082344282,0.26783079817517536,0.012673950546290972,26375.434773088244,2.7667273712975233,0.6215121079006432,,
2025-03-31,000660,917960646120000.0,17.653227341071492,1.7575884255096483,0.09956187565887704,,10802.557306692746,-0.7335193803087217,0.5224382180802793,,
2025-06-30,000660,917960646120000.0,31.326887541135765,2.515072548659757,0.08028478875717165,,9321.066435871448,0.2603761146872175,0.48134151786008855,,
2025-09-30,000660,917960646120000.0,20.704594907155503,2.6081054482338852,0.12596747050252716,,16783.714028614202,0.09972030346233206,0.48425710349647144,,
2025-12-31,000660,917960646120000.0,11.37723270497774,4.049402765842091,0.35592159102717535,0.004608294930875576,57219.53807934121,2.973453192980355,0.4594547175634156,,
2026-03-31,000660,917960646120000.0,,,,,,,,,
2021-06-30,000720,19181030521250.0,75.89003700945777,0.7194100649704966,0.009479637819663211,,747.4498924401736,,1.0511615162464947,,
2021-09-30,000720,19181030521250.0,39.36424091928954,0.6357774374725851,0.016151141813610763,,1305.7536179952758,-0.007205148724818251,1.0316246704323455,,
2021-12-31,000720,19181030521250.0,9.111000184827713,0.5356637046692305,0.058793073625578,0.013498312710911136,4878.71793417602,3.15113737572232,1.0825811824027916,,
2022-03-31,000720,19181030521250.0,29.72539870184203,0.5711540049395692,0.019214342948549786,,1611.416569394298,-0.7705407988493448,1.1084852539771217,,
2022-06-30,000720,19181030521250.0,20.888179669259216,0.47680263995294,0.02282643329876382,,1979.5884875910992,0.34596867828479605,1.0828808853584235,,
2022-09-30,000720,19181030521250.0,18.148317500697964,0.4111869007818265,0.022657025962104355,,2066.307248512585,-0.026634175997338805,1.0484775709454168,,
2022-12-31,000720,19181030521250.0,8.422060668385898,0.39960051893824383,0.04744688202475606,0.017191977077363897,4143.878959576367,2.9108252787227915,1.1071265947131463,,
2023-03-31,000720,19181030521250.0,27.51126102780482,0.4103612060323993,0.014916117644249723,,1324.91200469368,-0.7160385274655467,1.1493319837836065,,
2023-06-30,000720,19181030521250.0,20.38702231113041,0.41988078405707163,0.02059549342955471,,1868.835939773269,0.18774047305947308,1.2004609664778543,,
2023-09-30,000720,19181030521250.0,22.71693936731238,0.3908783390139041,0.017206470145196703,,1595.7255250749345,0.09704539448602255,1.186568239868964,,
2023-12-31,000720,19181030521250.0,6.0612278811197,0.3792970732945128,0.06257759660810587,0.017191977077363897,5757.909236296998,2.773142941491602,1.2681326553498322,,
2024-03-31,000720,19181030521250.0,17.99669813846707,0.35305434814409264,0.01961772906494753,,1833.6696957462489,-0.711808872693415,1.2907143458368664,,
2024-06-30,000720,19181030521250.0,24.924518719209146,0.3363714679473423,0.013495605340940976,,1285.8824020260538,0.008891247051873682,1.3026967935549312,,
2024-09-30,000720,19181030521250.0,86.41516907005159,0.32220586330704837,0.003728579909921317,,352.947293029948,-0.042259601755479145,1.3221425733244307,,
2024-12-31,000720,19181030521250.0,-3.7668572304590473,0.2984922780710227,-0.07924172853098735,0.023622047244094488,-6743.021687844706,2.956720350213506,1.792867054080739,,
2025-03-31,000720,19181030521250.0,24.499283453225264,0.41723611722536885,0.01703054369006212,,1467.3898552435942,-0.7717931484369825,1.7340708516865184,,
2025-06-30,000720,19181030521250.0,56.24834942970575,0.9135095507871933,0.016240646348722063,,1395.5965072024453,0.03556276447476447,1.6788659607997676,,
2025-09-30,000720,19181030521250.0,91.13722173473536,0.6235073741451028,0.006841413006421106,,596.9021105156905,0.013696779574961921,1.7093341052916127,,
2025-12-31,000720,19181030521250.0,14.247966236296813,0.7876681818450051,0.055282850112208556,0.011412268188302425,4920.000429353887,2.9689561154589637,1.7481537625588792,,
2026-03-31,000720,19181030521250.0,,,,,,,,,
2021-06-30,004020,5671445862500.0,21.544759237514025,0.4363679565595887,0.020254018703526697,,2492.4854999770355,,1.040210063948433,,
2021-09-30,004020,5671445862500.0,11.237955720887323,0.37472831408506757,0.03334488259182071,,4213.399765581329,0.04239017713040336,1.0214201251285906,,
2021-12-31,004020,5671445862500.0,3.852584507675178,0.3175578766155756,0.08242723189664806,0.024390243902439025,10642.206528713172,2.899183419851366,1.02855851608961,,
2022-03-31,004020,5671445862500.0,12.039069061369917,0.31789067009538374,0.02640492121732303,,3451.2635311082813,-0.6945421635562874,1.0306289610972206,,
2022-06-30,004020,5671445862500.0,8.012605028165765,0.23869612550426123,0.02979007759214399,,4006.1877363432563,0.05749753114798755,1.0007151839896773,,
2022-09-30,004020,5671445862500.0,15.064908618949493,0.20667084865642452,0.013718692484895807,,1865.261895094022,-0.051627591273273606,0.942136690920688,,
2022-12-31,004020,5671445862500.0,4.168624508250551,0.22625019054964388,0.05427454310213093,0.032679738562091505,7340.550807451334,2.905834294782441,0.9238765792675485,,
2023-03-31,004020,5671445862500.0,22.53753541347602,0.25438174464780466,0.011287025842927815,,1539.6537093959082,-0.7663163866173034,0.9032173791470877,,
2023-06-30,004020,5671445862500.0,16.265813936896848,0.24301196422805743,0.014940043281622503,,2074.903852394536,0.11727349057895849,0.8240935354902588,,
2023-09-30,004020,5671445862500.0,41.63909550197424,0.27180043502381807,0.006527529758924066,,913.804671818482,-0.11979301091994216,0.7815849558421725,,
2023-12-31,004020,5671445862500.0,11.653456804413649,0.26478706099227356,0.022721761056512232,0.0273972602739726,3132.1178438809616,3.1244550186550395,0.8064649844831628,,
2024-03-31,004020,5671445862500.0,139.5793208246989,0.23090691858987994,0.0016543060764701786,,227.8274447254146,-0.7704866911552875,0.8067491037256572,,
2024-06-30,004020,5671445862500.0,3037.191167589661,0.2108802080280436,6.943264233031464e-05,,9.564758488038905,0.015736584675309643,0.7857549037122418,,
2024-09-30,004020,5671445862500.0,-243.58121666025144,0.20424764419126973,-0.0008385196814094067,,-114.54085164093375,-0.0690374164241307,0.758437087089316,,
2024-12-31,004020,5671445862500.0,337.7675428038001,0.1539889552401352,0.0004559021685798365,0.035629453681710214,62.32096732937826,3.129606448189159,0.7970709375518644,,
2025-03-31,004020,5671445862500.0,-65.00473875299245,0.1831498760411604,-0.0028174849950109095,,-384.5873467009225,-0.7604653732588479,0.7997493401591801,,
2025-06-30,004020,5671445862500.0,111.18169921288123,0.21427998883389723,0.001927295502325542,,264.4320082184334,0.06867840688136904,0.7343019427428723,,
2025-09-30,004020,5671445862500.0,269.52171800860486,0.24595223045568618,0.0009125506926600765,,125.96387501105235,-0.035516601486431675,0.7111099483921093,,
2025-12-31,004020,5671445862500.0,3161.5861243060863,0.22134285168225165,7.001006551128908e-05,0.01610305958132045,9.821019823337863,2.964369538800589,0.7359878676627817,,
2026-03-31,004020,5671445862500.0,,,,,,,,,
2021-06-30,005380,108316858214000.0,50.233120375090024,0.5985816260274175,0.011916074923433316,,4767.770710074484,,1.781464710382035,,
2021-09-30,005380,108316858214000.0,,0.4864840035910959,,,,-0.0481053493717253,1.8077503050487123,,
2021-12-31,005380,108316858214000.0,64.82332989734896,0.5065029985408247,0.007813591176863298,0.023923444976076555,3224.147854344449,3.0741930120046197,1.8317397658696934,,
2022-03-31,005380,108316858214000.0,37.83882214594433,0.43276718806132286,0.011437121017988877,,4770.233050696228,-0.7423823932371553,1.8381934364672505,,
2022-06-30,005380,108316858214000.0,68.33543300554237,0.40629685488970557,0.005945624941847557,,2641.3822531183855,0.18817153338732048,1.8264708279014623,,
2022-09-30,005380,108316858214000.0,42.733395154100386,0.38037778860225824,0.008901183424124914,,4130.2592355118395,0.04737641464297564,1.882228582735639,,
2022-12-31,005380,108316858214000.0,8.166655758373174,0.33260468390691456,0.0407271585515159,0.046357615894039736,18489.82061539468,2.780025572966364,1.8135553667083826,,
2023-03-31,005380,108316858214000.0,23.45016740531291,0.39331385036130456,0.01677232590980117,,7867.747671524057,-0.7349375824117074,1.8147880251362412,,
2023-06-30,005380,108316858214000.0,13.230091504368108,0.4243459121230389,0.03207429910692113,,15608.35765435341,0.11834718580656033,1.784781109468713,,
2023-09-30,005380,108316858214000.0,21.56236753313102,0.37764722508160364,0.01751418180315037,,8862.663142457382,-0.029515763368232598,1.7578759689829135,,
2023-12-31,005380,108316858214000.0,3.319993278587916,0.4001982216266759,0.12054187705973042,0.05601965601965602,61295.30481656701,2.967146694837845,1.774431869971979,,
2024-03-31,005380,108316858214000.0,13.818221307853344,0.444685515126209,0.03218109662735535,,16861.79391754122,-0.7500452206329482,1.8209334692437744,,
2024-06-30,005380,108316858214000.0,14.150727426930288,0.5378766102942745,0.038010527237676846,,20846.984829810564,0.10728476987331001,1.795102795395203,,
2024-09-30,005380,108316858214000.0,15.238612224074998,0.4380857435687134,0.028748401568785616,,16011.956759061837,-0.04647316746089972,1.7448260454698317,,
2024-12-31,005380,108316858214000.0,3.208321090939812,0.35290345964386194,0.10999630325045992,0.05660377358490566,66078.17421974399,3.0819464637014082,1.8251572906110818,,
2025-03-31,005380,108316858214000.0,11.673732932435028,0.3247853658426729,0.027821894480750797,,16892.625618673115,-0.7465761068181752,1.8267164777444438,,
2025-06-30,005380,108316858214000.0,12.535097890655509,0.3352388047720778,0.026744011709871604,,16234.416497991799,0.08734770483024352,1.795051304246043,,
2025-09-30,005380,108316858214000.0,16.892994294315052,0.34341868031590983,0.02032905915510073,,12727.169396626938,-0.03241533891429307,1.827611786956804,,
2025-12-31,005380,108316858214000.0,5.727480356631279,0.4650596561972333,0.08119794870335734,0.03372681281618887,51767.96453901622,2.9864875763268297,1.8895412711418804,,
2026-03-31,005380,108316858214000.0,,,,,,,,,
2021-06-30,005490,33241820576500.0,15.295690523107071,0.5435412732732328,0.035535582551968446,,22751.506345808928,,0.6413162932316829,,
2021-09-30,005490,33241820576500.0,9.975643298260692,0.4897523336071828,0.049094812130318834,,33080.573365883814,0.12816293054072403,0.6840965015506727,,
2021-12-31,005490,33241820576500.0,3.0300317121308793,0.39784321364642283,0.1313000164498735,0.061930783242258654,90593.11125392711,2.6988312194035684,0.6690394792486553,,
2022-03-31,005490,33241820576500.0,12.204859499190704,0.40714743789474955,0.03335945308684195,,24006.831051142264,,0.7253967401834882,,
2022-06-30,005490,33241820576500.0,10.177541603954996,0.3116421477779387,0.030620572227072446,,22647.90545394849,,0.7339792652284691,,
2022-09-30,005490,33241820576500.0,28.328006210057588,0.27843771395331895,0.00982906145560157,,7448.459253905645,,0.7481417809677549,,
2022-12-31,005490,33241820576500.0,6.168442093645074,0.37699307404164,0.06111641615798425,0.0433996383363472,44824.932422541366,,0.6891721848195987,,
2023-03-31,005490,33241820576500.0,34.7856431907134,0.4912395679198766,0.01412190555818215,,10579.077062983377,,0.7293673123326779,,
2023-06-30,005490,33241820576500.0,39.71725739015336,0.5146837616784664,0.012958693411848372,,9769.053189865834,,0.7214267793454254,,
2023-09-30,005490,33241820576500.0,77.19413422070762,0.7044003048999506,0.009125049616930513,,6930.5784098875765,,0.7068388157176247,,
2023-12-31,005490,33241820576500.0,21.494558814853075,0.6649870871088223,0.03093746156116988,0.02002002002002002,23238.43928607819,,0.691900774087388,,
2024-03-31,005490,33241820576500.0,55.14811283383335,0.5549937333882221,0.010063694020871981,,7652.120413830427,-0.765945725868072,0.7098028051996035,,
2024-06-30,005490,33241820576500.0,52.78712777575474,0.47104088288278506,0.008923404298180726,,6876.676479577788,0.025356309126098275,0.720036524798343,,
2024-09-30,005490,33241820576500.0,61.5533367193098,0.4996516655526482,0.008117377419052302,,6254.73809414498,-0.010173738864926004,0.6714696354957573,,
2024-12-31,005490,33241820576500.0,21.249624938170758,0.32767462789992685,0.015420254656416266,0.03944773175542406,11929.62232216331,2.9673970830234686,0.6827270933992602,,
2025-03-31,005490,33241820576500.0,64.26285257462398,0.35868595349301835,0.005581544222247237,,4333.763423847352,-0.7601152647193667,0.6558733123333075,,
2025-06-30,005490,33241820576500.0,247.25630778113538,0.34216028992081793,0.001383828356054273,,1055.5847991996636,0.006813840358231909,0.6694996779666101,,
2025-09-30,005490,33241820576500.0,56.66103065153543,0.3532699139347622,0.006234795058836246,,4871.07270775564,-0.0167779091775712,0.6533406254434841,,
2025-12-31,005490,33241820576500.0,48.02983675126517,0.3883827058489288,0.008086279948446802,0.03278688524590164,6350.219376749514,3.0029384579546696,0.6863791559793884,,
2026-03-31,005490,33241820576500.0,,,,,,,,,
2021-06-30,005930,1297873850976000.0,49.98252662184774,1.7056838925167677,0.03412560364187753,,1614.5642378295743,,0.36289265691387645,,
2021-09-30,005930,1297873850976000.0,35.968460846478976,1.4899685911796245,0.04142430774391839,,2060.138194855613,0.16188700187061467,0.3829770081771936,,
2021-12-31,005930,1297873850976000.0,11.707953937206211,1.532419455848811,0.1308870417553489,0.018441890166028096,6687.761193796104,2.779506241397327,0.39921697128885214,,
2022-03-31,005930,1297873850976000.0,36.674019871762674,1.3172584660210909,0.03591802781988783,,1897.8012294089644,-0.7218162982960818,0.39340187910708585,,
2022-06-30,005930,1297873850976000.0,30.64586300031027,1.0372843703388677,0.03384745178585331,,1859.9574108721595,-0.007429671771042517,0.36636640602095233,,
2022-09-30,005930,1297873850976000.0,33.7473165142579,0.9186834094260067,0.02722241364103342,,1573.4584400974752,-0.0054651203019568766,0.36349381238366624,,
2022-12-31,005930,1297873850976000.0,5.929271922580052,0.9302002099858815,0.15688270366610474,0.026112115732368896,9326.608852160192,2.936243124662029,0.26405921794911996,,
2023-03-31,005930,1297873850976000.0,242.5397625887516,1.0614333797925015,0.004376327281198255,,263.8742584592938,-0.7890841936455568,0.26206924415908445,,
2023-06-30,005930,1297873850976000.0,249.96617265147046,1.2001774353422747,0.004801359410401864,,288.83908264126984,-0.05866838550520006,0.24799713281926278,,
2023-09-30,005930,1297873850976000.0,69.84035015344185,1.1216466088230048,0.01606015156508674,,979.3765330460494,0.12330727901375362,0.2489025423907787,,
2023-12-31,005930,1297873850976000.0,30.246336213406533,1.2880300910550282,0.04258466486542974,0.018394904458598725,2595.355663778057,2.841507764182211,0.2535983733846436,,
2024-03-31,005930,1297873850976000.0,72.79370986085108,1.3220729691912194,0.01816191222728488,,1131.965937132643,-0.7222644146267564,0.2661451913819149,,
2024-06-30,005930,1297873850976000.0,49.41699959304063,1.2680467321657858,0.025660131991185563,,1649.2300356389424,0.02993371354846913,0.2665551961052534,,
2024-09-30,005930,1297873850976000.0,36.33189860344627,0.9500458864518008,0.02614908449517923,,1692.7273928416832,0.0679160837249921,0.27188977791817515,,
2024-12-31,005930,1297873850976000.0,9.214644741527884,0.7893168065961157,0.08565895145570622,0.027180451127819548,5773.4184542397115,2.8037386845055705,0.27931897811908624,,
2025-03-31,005930,1297873850976000.0,41.94471161730865,0.8482394069016592,0.02022279744442515,,1378.0044675798558,-0.736961925494005,0.26994251645408934,,
2025-06-30,005930,1297873850976000.0,69.74401483986301,0.8930797924698235,0.01280511015203807,,857.421244493952,-0.05779829324562165,0.2635716777317797,,
2025-09-30,005930,1297873850976000.0,40.95055365463,1.2107600958061635,0.029566391361091432,,2048.8123483652585,0.15416384317331913,0.2664031293681372,,
2025-12-31,005930,1297873850976000.0,15.826635126355896,1.6397851470382443,0.10360920902937422,0.013911592994161802,7575.83649605544,2.876355635680972,0.2993712690499687,,
2026-03-31,005930,1297873850976000.0,,,,,,,,,
2021-06-30,010120,37950000000000.0,57.9568478600317,1.5151482014006947,0.02614269507996438,,192.9021403475942,,0.9252856042803012,,
2021-09-30,010120,37950000000000.0,287.6377910917218,1.786695873327492,0.006211617279308585,,46.37777236909091,0.061173058971155755,0.9043019960202114,,
2021-12-31,010120,37950000000000.0,25.563778646839165,1.4801318546574942,0.05789957248125777,0.08960573476702509,436.55518044394734,2.9087522169841664,0.8981233819245243,,
2022-03-31,010120,37950000000000.0,52.712251373363536,1.1913296793130945,0.022600622213512493,,171.307424075668,-0.7265399487959345,1.0003772854260842,,
2022-06-30,010120,37950000000000.0,82.0181587010877,1.4937781828901642,0.018212773933808806,,140.4567010823083,0.20441348369480872,1.0232168728046254,,
2022-09-30,010120,37950000000000.0,132.44845451160487,1.193748118193542,0.009012925991438794,,70.51799912985507,-0.045371149450834494,1.0566528619082378,,
2022-12-31,010120,37950000000000.0,24.167359382882083,1.4227829583398235,0.05887209006986469,0.0975177304964539,466.74524184837946,3.0253818045329486,1.1447261784558107,,
2023-03-31,010120,37950000000000.0,43.73327592444577,1.3974608139819262,0.03195417641240047,,258.38448552361,-0.7110553490431751,1.2504480029418443,,
2023-06-30,010120,37950000000000.0,42.44545471404304,1.8860262142567956,0.044434114959140854,,373.65602764417395,0.2315784991154441,1.2180861305911288,,
2023-09-30,010120,37950000000000.0,89.9177764191324,2.166053620539253,0.02408927029559383,,207.74535074051647,-0.14911197808870152,1.1895459254050929,,
2023-12-31,010120,37950000000000.0,13.77603529709543,1.6594176818831985,0.12045684016453367,0.1912568306010929,1062.7150471287432,3.137144195259492,1.1651974127209528,,
2024-03-31,010120,37950000000000.0,47.951533005414646,2.2377512271527844,0.046666938195700634,,407.9118804771331,-0.7544867904064562,1.280200426973219,,
2024-06-30,010120,37950000000000.0,133.30821636904065,4.723097281271205,0.03542990379674821,,330.8123175087484,0.09030807591372375,1.1443430933787893,,
2024-09-30,010120,37950000000000.0,181.71351544267722,3.4594958463515497,0.01903818677396548,,179.73346627759685,-0.09821477250062045,1.1647522432678634,,
2024-12-31,010120,37950000000000.0,25.94396350766162,3.325030486737592,0.12816200908375713,0.09017412935323384,1239.5947130631253,3.4572767523334,1.373004735410499,,
2025-03-31,010120,37950000000000.0,101.72609838659545,3.6378234723223524,0.035760965278520025,,344.6509849100817,-0.773259829299338,1.4727249978966555,,
2025-06-30,010120,37950000000000.0,173.74926837005177,6.00715014591013,0.034573671603129186,,344.1741111256812,0.15595408730071558,1.3594482831929648,,
2025-09-30,010120,37950000000000.0,168.74835064098173,5.4498867841941445,0.03229594104767861,,337.1884808584401,0.019490122972569152,1.2593920371609906,,
2025-12-31,010120,37950000000000.0,63.246955000555865,8.396012911315752,0.1327496780080869,0.03260869565217391,1454.6154830567168,3.0827265687753496,1.3148008102054662,,
2026-03-31,010120,37950000000000.0,,,,,,,,,
2021-06-30,010130,34419525881000.0,44.93095129152389,1.2060414935899397,0.026842109034478787,,9603.624842045163,,0.21371281684310273,,
2021-09-30,010130,34419525881000.0,50.90872087616463,1.3552458859078804,0.02662109482586517,,9880.428958793653,0.016518367281218783,0.2305420917396355,,
2021-12-31,010130,34419525881000.0,12.770575481475996,1.3392780912516584,0.10487218005126793,0.029354207436399216,40013.858478125505,3.131708517603869,0.2883044446794322,,
2022-03-31,010130,34419525881000.0,80.17965596283543,1.5648790623766546,0.01951715860569421,,7296.115117669711,-0.7332391459261708,0.3338403693265238,,
2022-06-30,010130,34419525881000.0,30.57427604680164,1.2438140776863005,0.0406817180489353,,15944.776558364238,0.07133413918399849,0.3306727627725739,,
2022-09-30,010130,34419525881000.0,171.55269196160572,1.3785496211094077,0.008035721301405946,,3468.3221417077134,-0.037458424519632195,0.35254953706584524,,
2022-12-31,010130,34419525881000.0,14.321864057137802,1.2384061727396605,0.08646962209660533,0.03546099290780142,39380.3486578209,3.0880033949236845,0.31047112353794626,,
2023-03-31,010130,34419525881000.0,81.02250011567736,1.236895038415227,0.015266068519846814,,6825.2645772528795,-0.7747375389924789,0.2933328382441245,,
2023-06-30,010130,34419525881000.0,79.5390703035876,1.0746505483413828,0.013510976985770862,,6129.063341315059,-0.022891578704314,0.23316079473855922,,
2023-09-30,010130,34419525881000.0,131.88478021124666,1.0726988113415215,0.008133605785469138,,3836.68228577637,-0.07135482938179753,0.2501187373090928,,
2023-12-31,010130,34419525881000.0,18.92608916143927,1.0469580589734406,0.05531824615444339,0.030120481927710843,26312.88459818968,3.2317958148770636,0.24933289021741872,,
2024-03-31,010130,34419525881000.0,81.51949946645308,0.9494779068858809,0.011647248978468154,,5544.685663655321,-0.7552311337252602,0.24010459333682493,,
2024-06-30,010130,34419525881000.0,59.48542830340478,1.069717689441205,0.017982852606946386,,8657.582448145924,0.28745124820662166,0.36497462537794095,,
2024-09-30,010130,34419525881000.0,91.24923849662936,1.4787903095485695,0.016206056444001932,,7539.788948763818,0.0485536321234017,0.4464588338972568,,
2024-12-31,010130,34419525881000.0,104.69292381652508,2.6848061876724785,0.025644581217137617,0.01739562624254473,9609.054397630736,2.7587243663256658,0.9475298318752788,,
2025-03-31,010130,34419525881000.0,97.06419021691947,2.0603935599018848,0.021227123569436974,,8015.314383824995,-0.6820035935354997,0.8791720886594043,,
2025-06-30,010130,34419525881000.0,50.34800517293232,2.113614606976298,0.041980106256773855,,16266.78151769763,-0.0019318655438993798,0.8890473642426494,,
2025-09-30,010130,34419525881000.0,263.9161383856404,2.3233798580691105,0.008803477772451086,,3489.7449077335823,0.08742061215091979,0.9629821478507306,,
2025-12-31,010130,34419525881000.0,34.63313086366878,2.3851597300568934,0.06886930723779867,0.015197568389057751,37998.29721373889,2.9876583305503095,0.8236160947061363,,
2026-03-31,010130,34419525881000.0,,,,,,,,,
2021-06-30,012330,39287208439000.0,37.52931704243651,0.734485361176865,0.01957097594785274,,7780.583901109076,,0.4475090555195149,,
2021-09-30,012330,39287208439000.0,40.657039557345044,0.6252583165995895,0.015378845174344014,,6222.784608878227,-0.02870060878488233,0.4319036317540428,,
2021-12-31,012330,39287208439000.0,9.271097282756791,0.6194652446603954,0.06681682068125115,0.015717092337917484,27450.9038399739,3.1744387575839172,0.4560581165950939,,
2022-03-31,012330,39287208439000.0,35.51664756303306,0.5186937669812584,0.014604243434313675,,6053.4992673063925,-0.728834106146575,0.47371565563963475,,
2022-06-30,012330,39287208439000.0,22.249716821132157,0.4637091163656015,0.020841124410409733,,8943.934055421118,0.0884173534096024,0.47080897995617826,,
2022-09-30,012330,39287208439000.0,29.356049396896736,0.42955068363336674,0.014632441778040305,,6506.325064986123,0.08023040526640608,0.47279775801011376,,
2022-12-31,012330,39287208439000.0,6.937553962430567,0.4563996356008663,0.06578682314724181,0.0199501246882793,28900.67610079605,2.9040403197104108,0.4654897720121694,,
2023-03-31,012330,39287208439000.0,22.082828669730333,0.4825723044601751,0.02185283016399312,,9781.355605773384,-0.7174336067497634,0.48797766081644234,,
2023-06-30,012330,39287208439000.0,21.469070405049948,0.5071371314351762,0.023621755477400065,,10829.532700461565,0.06940559109193212,0.48165024248182164,,
2023-09-30,012330,39287208439000.0,20.73699188568061,0.5117595756771176,0.024678583012346152,,11597.631967347734,-0.09274499163019008,0.4542263618427049,,
2023-12-31,012330,39287208439000.0,5.958166471970401,0.5016970827589909,0.08420326708210903,0.0189873417721519,39777.33772880345,3.1639736465516686,0.44103835025293997,,
2024-03-31,012330,39287208439000.0,25.448162308811202,0.5289490026253676,0.02078535165748387,,10020.369915343887,-0.765937497832438,0.46504717365749865,,
2024-06-30,012330,39287208439000.0,21.69513395579894,0.506133805474892,0.023329369917976756,,11592.461264005056,0.0566782251119457,0.4639217271611308,,
2024-09-30,012330,39287208439000.0,20.31889863508194,0.43232766614215873,0.02127712106382164,,10704.320342662259,-0.044591286965192885,0.4371795410117523,,
2024-12-31,012330,39287208439000.0,5.013006629679528,0.4413355223714184,0.08803808871077277,0.02536997885835095,47177.27652698496,3.0878288718142683,0.44404722626834436,,
2025-03-31,012330,39287208439000.0,21.72923721598944,0.48052464771961556,0.022114197702532416,,11988.455803147628,-0.742264002503975,0.4680981047940437,,
2025-06-30,012330,39287208439000.0,26.43356494146066,0.5288727373948492,0.0200076205599238,,10857.408020279729,0.08027415066966359,0.4491815606431376,,
2025-09-30,012330,39287208439000.0,27.608216193090076,0.5363499602629027,0.01942718633147849,,10811.998787328755,-0.056745439529936825,0.457964255939703,,
2025-12-31,012330,39287208439000.0,8.759443718587322,0.6522907047949792,0.0744671380684637,0.01742627345844504,42582.61277579799,3.0658863411569452,0.43053309611860086,,
2026-03-31,012330,39287208439000.0,,,,,,,,,
2021-06-30,012450,74766931450000.0,29.40730921463789,0.6714962024453476,0.022834329980490058,,1628.0306249906423,,1.910619810792347,,
2021-09-30,012450,74766931450000.0,36.15473297818191,0.6994635981959132,0.019346390930836482,,1414.3653067734936,-0.08538844626566605,1.8348971175452895,,
2021-12-31,012450,74766931450000.0,8.555515473979122,0.656668235295947,0.07675378968025338,0.014316392269148175,5715.02677409795,3.1589921837627735,1.8095297463555684,,
2022-03-31,012450,74766931450000.0,62.914046711352874,0.7083561971512168,0.011259110392328226,,845.1848637866227,-0.7851772398787976,1.8165758064732018,,
2022-06-30,012450,74766931450000.0,447.59188614911136,0.6521514991850367,0.001457022612263749,,110.83310831839682,0.21264160715367747,1.9709665085442982,,
2022-09-30,012450,74766931450000.0,37.87162848103192,0.7867407043702405,0.020773881027172654,,1654.1670509726398,-0.16363160273686855,1.8536564124479882,,
2022-12-31,012450,74766931450000.0,26.03885884014825,1.0088819625524064,0.03874524489517384,0.013338312970175532,2879.2352406935647,3.6788442212727324,2.862930197537075,,
2023-03-31,012450,74766931450000.0,11.227850798894345,1.2316456707025139,0.109695585803812,,8999.941467867638,-0.7053300245325094,2.658625070691266,,
2023-06-30,012450,74766931450000.0,22.685720074879637,1.4813529514063235,0.0652989169625987,,5720.647154758149,-0.06700531879386047,2.9564130223082032,,
2023-09-30,012450,74766931450000.0,837.1836340163715,1.208718161097716,0.0014437909581424986,,127.27315211457699,0.10209188869419535,3.096910525753495,,
2023-12-31,012450,74766931450000.0,6.854662245408065,1.4295736962420535,0.20855494334527194,0.014193009154490904,18501.71393710298,3.7232974092658866,3.172066585053127,,
2024-03-31,012450,74766931450000.0,4203.959569601215,2.375956859700465,0.0005651711964313318,,49.55209405588091,-0.8025068054878536,3.433530382216362,,
2024-06-30,012450,74766931450000.0,83.91620996518641,2.7803529365042965,0.033132489392189636,,3028.6758673376585,0.5072825977275515,3.595571965790609,,
2024-09-30,012450,74766931450000.0,48.51195536274704,3.674530393477299,0.07574484198794054,,6028.555184246016,-0.0555456763001041,3.9744910803051283,,
2024-12-31,012450,74766931450000.0,6.683797840441804,1.4937986267020984,0.2234954830117,0.01088626650824557,48102.292689742426,3.271825475876819,2.8134165607211794,,
2025-03-31,012450,74766931450000.0,155.72192397889478,3.2189090085100616,0.0206708787450271,,3964.82386181973,-0.5120852905594426,3.3273231549313675,,
2025-06-30,012450,74766931450000.0,156.32232708895063,3.7752979544483103,0.024150727696754973,,5424.688947455795,0.15074857944153658,2.7798144879647815,,
2025-09-30,012450,74766931450000.0,82.0663302268886,3.763787562811601,0.04586274970997078,,13489.08860600297,0.027813095274716718,2.217846200051833,,
2025-12-31,012450,74766931450000.0,22.56430431586102,2.959594346954701,0.13116266761543044,0.007438894792773645,41703.036212756066,3.116697343469948,2.2137881884267134,,
2026-03-31,012450,74766931450000.0,,,,,,,,,
2021-06-30,0126Z0,14282870126000.0,,,,,,,,,
2021-09-30,0126Z0,14282870126000.0,,,,,,,,,
2021-12-31,0126Z0,14282870126000.0,,,,,,,,,
2022-03-31,0126Z0,14282870126000.0,,,,,,,,,
2022-06-30,0126Z0,14282870126000.0,,,,,,,,,
2022-09-30,0126Z0,14282870126000.0,,,,,,,,,
2022-12-31,0126Z0,14282870126000.0,,,,,,,,,
2023-03-31,0126Z0,14282870126000.0,,,,,,,,,
2023-06-30,0126Z0,14282870126000.0,,,,,,,,,
2023-09-30,0126Z0,14282870126000.0,,,,,,,,,
2023-12-31,0126Z0,14282870126000.0,,,,,,,,,
2024-03-31,0126Z0,14282870126000.0,,,,,,,,,
2024-06-30,0126Z0,14282870126000.0,,,,,,,,,
2024-09-30,0126Z0,14282870126000.0,,,,,,,,,
2024-12-31,0126Z0,14282870126000.0,,,,,,,,,
2025-03-31,0126Z0,14282870126000.0,,,,,,,,,
2025-06-30,0126Z0,14282870126000.0,,,,,,,,,
2025-09-30,0126Z0,14282870126000.0,,,,,,,,,
2025-12-31,0126Z0,14282870126000.0,-601.687301092652,3.2618124224136147,-0.005421108965554415,,-1234.8606969944803,,0.33278414951385227,,
2026-03-31,0126Z0,14282870126000.0,,,,,,,,,
2021-06-30,015760,29498249338150.0,-23.469710394441545,0.22692668199020624,-0.00966891700734196,,-1058.8115312187813,,1.969936883065828,,
2021-09-30,015760,29498249338150.0,-14.609613791314572,0.21779728009445154,-0.01490780544958226,,-1611.9522621467581,0.21771747214920725,2.0082604894234772,,
2021-12-31,015760,29498249338150.0,-2.689685171337776,0.21535095324109996,-0.08006548704508427,0.05502262443438914,-8216.575023540046,2.679626604408555,2.2323211367052247,,
2022-03-31,015760,29498249338150.0,-2.4325323955818785,0.24127463191449053,-0.09918660584036168,,-9311.284010498024,-0.7282027371802795,2.620046824176883,,
2022-06-30,015760,29498249338150.0,-2.967719995856356,0.25893893792196204,-0.08725180889150679,,-7598.4257381037205,-0.05685319608092045,2.9914769166892112,,
2022-09-30,015760,29498249338150.0,-2.1739731502254327,0.2537044238200862,-0.11670080828448962,,-9245.74436345532,0.27337155023156506,3.5259676673511122,,
2022-12-31,015760,29498249338150.0,-0.5679307553884726,0.33033231416271797,-0.5816418833256636,,-38384.961182615465,2.6038038921642377,4.590561019437596,,
2023-03-31,015760,29498249338150.0,-2.3338324714529826,0.3100542016277081,-0.132851952923029,,-7716.92065317244,-0.696959449934669,5.3545998002473185,,
2023-06-30,015760,29498249338150.0,-6.884409984912328,0.3738024949407582,-0.05429695438824428,,-2992.2680440511763,-0.09129966617612967,5.740901775753397,,
2023-09-30,015760,29498249338150.0,13.762829391637737,0.31696781552506187,0.02303071603268226,,1309.323794346307,0.24703683196250018,5.639983242247556,,
2023-12-31,015760,29498249338150.0,-2.5504760566001887,0.3227825854588758,-0.1265577791344367,,-7410.381270229957,2.6052126986322093,5.4327538759819936,,
2024-03-31,015760,29498249338150.0,23.49472097912476,0.36735191457732885,0.015635508712945508,,936.3805605330307,-0.7359682009392463,5.269831988629122,,
2024-06-30,015760,29498249338150.0,108.85364529373777,0.3255324720021974,0.0029905518655232847,,179.782679277217,-0.12102636430582693,5.302963202030077,,
2024-09-30,015760,29498249338150.0,6.957965405443761,0.3296280697455603,0.04737420359803261,,2953.4495793730343,0.27496974534216007,5.144720390662782,,
2024-12-31,015760,29498249338150.0,3.523029434691419,0.3084967578383814,0.08756576223877122,0.010623441396508728,5691.12474694841,2.578041552280038,4.966897746099741,,
2025-03-31,015760,29498249338150.0,5.834158232014914,0.3196061139354128,0.05478187276127956,,3710.9038080585015,-0.7406395039187615,4.796951816749283,,
2025-06-30,015760,29498249338150.0,21.261794339531523,0.5727727215956138,0.026939058503198467,,1848.3858592748445,-0.09386754878966234,4.7228051381834835,,
2025-09-30,015760,29498249338150.0,6.053555106746488,0.4804700270874363,0.07936989399038728,,5955.178298422271,0.25613715959325634,4.300198842629095,,
2025-12-31,015760,29498249338150.0,3.4660669215438538,0.609031157629187,0.17571246355448694,0.03266949152542373,13617.740530807812,2.533584400971639,4.168536918639731,,
2026-03-31,015760,29498249338150.0,,,,,,,,,
2021-06-30,017670,20899072156900.0,14.458102031996638,0.4356560926091671,0.030132315544947344,,3818.7584980250217,,0.8956330526846514,,
2021-09-30,017670,20899072156900.0,15.81520298664669,0.42849219584307713,0.027093689294084154,,3534.7001266566067,0.030970439194798468,0.90103830510067,,
2021-12-31,017670,20899072156900.0,4.987360285572028,0.9780490230296243,0.19610554823140203,0.05690846286701209,11609.347768096752,2.3716353269333283,1.5059530748662884,,
2022-03-31,017670,20899072156900.0,53.806549026030446,0.9663014738244684,0.01795880782759349,,1057.492090274606,-0.7446227248451138,1.4919312305905383,,
2022-06-30,017670,20899072156900.0,41.972257993064396,0.8920172561412534,0.021252543913378514,,1238.9135702108906,0.00295730298830452,1.5232021365579287,,
2022-09-30,017670,20899072156900.0,43.09737439029053,0.8607694960506721,0.019972666739637764,,1178.7260991807614,0.012492257900438173,1.4826796646300358,,
2022-12-31,017670,20899072156900.0,10.42013883333525,0.81253569342189,0.07797743450619801,0.070042194092827,4548.883729683315,2.98415659267858,1.575710173657422,,
2023-03-31,017670,20899072156900.0,33.269508771093015,0.8171045064105388,0.024560161438887822,,1451.7797762606756,-0.7473427436147979,1.4795283003166018,,
2023-06-30,017670,20899072156900.0,27.921330442760468,0.7834509573537419,0.028059227297919737,,1668.9749113328014,-0.015059602349100356,1.4452451036121081,,
2023-09-30,017670,20899072156900.0,35.15156351812272,0.875800727001515,0.02491498640024896,,1479.3083093783555,0.022345202458768764,1.4151595394271534,,
2023-12-31,017670,20899072156900.0,9.109678627372409,0.8536782122676284,0.0937111227724905,0.07065868263473053,5499.645163053444,2.999561850811223,1.4630556297680506,,
2024-03-31,017670,20899072156900.0,30.223781003710698,0.8784398224042282,0.029064524464903266,,1737.0427609157953,-0.7458836241179052,1.4328719819879288,,
2024-06-30,017670,20899072156900.0,30.644278763666453,0.8525579425870166,0.027821113009775137,,1680.574713380471,-0.011677439670174681,1.3399240050631511,,
2024-09-30,017670,20899072156900.0,41.57257731013993,0.9272560949751925,0.02230451309423692,,1344.6363833296784,0.02481910672561861,1.3462958439996038,,
2024-12-31,017670,20899072156900.0,8.291993326455161,0.9724499830785533,0.11727577975442934,0.0641304347826087,6657.0241710020855,2.958548519698737,1.5799965572150778,,
2025-03-31,017670,20899072156900.0,31.983107710897592,0.9683830722950205,0.030277954257867935,,1735.2910324311451,-0.7517521841092463,1.5055202888461987,,
2025-06-30,017670,20899072156900.0,141.91899912551438,0.9868798046979722,0.00695382444055406,,399.52367441553076,-0.02581147387676406,1.4478603083783532,,
2025-09-30,017670,20899072156900.0,-67.85932682544878,0.9581088216638083,-0.014119044005967002,,-800.1847725320534,-0.0831334298278771,1.4469035503936678,,
2025-12-31,017670,20899072156900.0,29.720171804657003,0.8604638877439402,0.02895218417307769,0.03102803738317757,1800.1241833876888,3.2983755414694182,1.3239756386810888,,
2026-03-31,017670,20899072156900.0,,,,,,,,,
2021-06-30,028260,50677806562500.0,68.83881642787784,0.6762492514543256,0.009823661802245384,,1982.8928950719326,,0.6244555662240232,,
2021-09-30,028260,50677806562500.0,55.43256740416788,0.6382286236468483,0.011513603889089594,,2227.932166654692,-0.02861422757600331,0.6532933502656165,,
2021-12-31,028260,50677806562500.0,10.953795155942533,0.6043456553547158,0.05517226191936344,0.03529411764705882,10863.81462368697,3.14970702980726,0.6664160242589864,,
2022-03-31,028260,50677806562500.0,29.565541621216592,0.625719803499585,0.02116382008204311,,3855.8400674855966,-0.6970067175080399,0.7334967422328074,,
2022-06-30,028260,50677806562500.0,32.72726589042932,0.6720058889903029,0.02053351756422838,,3758.3341184626674,0.03629639507686368,0.8601091512313797,,
2022-09-30,028260,50677806562500.0,29.19677980917505,0.5691488373143604,0.01949354829656612,,3544.9114825832694,0.0403934866502274,0.8992402019973335,,
2022-12-31,028260,50677806562500.0,7.508734214784267,0.5978392222050838,0.07961917483082205,0.02026431718061674,15115.730128857806,2.83467810673977,0.8452405359372969,,
2023-03-31,028260,50677806562500.0,24.22770459244883,0.5315863899819501,0.021941261003637635,,4465.96166744262,-0.7627850591690423,0.8051763624601495,,
2023-06-30,028260,50677806562500.0,25.617168896222378,0.4818023919595615,0.01880779230177189,,4126.1390135733145,0.03394675328403113,0.7010940563589024,,
2023-09-30,028260,50677806562500.0,25.83634263858275,0.4903628140863721,0.018979575435498674,,4164.676150381879,0.036371463087959584,0.6913087311473436,,
2023-12-31,028260,50677806562500.0,8.018533084936704,0.5464867666233707,0.06815296025278973,0.019691119691119693,16150.086135240063,2.8186998515110533,0.6574390995160607,,
2024-03-31,028260,50677806562500.0,32.4590405018204,0.6373678147406987,0.019636064556651123,,4883.077181258974,-0.7423173743366984,0.655895025318145,,
2024-06-30,028260,50677806562500.0,32.57032434365241,0.5657748591089662,0.017370869664650096,,4359.796927465176,0.01936213433113603,0.6161024521145702,,
2024-09-30,028260,50677806562500.0,41.427562828908265,0.6039646797290875,0.014578812715181966,,3326.2878767235325,-0.06314977345609088,0.6232841721048663,,
2024-12-31,028260,50677806562500.0,6.972653463276138,0.5187610616210003,0.07439937526699594,0.02264808362369338,16464.320305696165,3.083780966714708,0.6637910933808611,,
2025-03-31,028260,50677806562500.0,20.999726937122293,0.5134324162305735,0.024449480594100143,,5566.739050942128,-0.7687403305745443,0.6293163003019375,,
2025-06-30,028260,50677806562500.0,51.610306288298105,0.6613329460758048,0.01281397057365948,,3127.2823512887217,0.02930075777110935,0.5762109969661416,,
2025-09-30,028260,50677806562500.0,35.13486101798026,0.6439259742924025,0.018327266869303208,,5254.040990955705,0.01285910910214221,0.5395664849663517,,
2025-12-31,028260,50677806562500.0,10.321719255312743,0.7013132247772526,0.06794538849874998,0.011691022964509395,23203.498765646604,3.013637857940435,0.5049971623578309,,
2026-03-31,028260,50677806562500.0,,,,,,,,,
2021-06-30,032830,49200000000000.0,,,,,,,,,
2021-09-30,032830,49200000000000.0,,,,,,,,,
2021-12-31,032830,49200000000000.0,,,,0.046801872074883,,,,,
2022-03-31,032830,49200000000000.0,,,,,,,,,
2022-06-30,032830,49200000000000.0,,,,,,,,,
2022-09-30,032830,49200000000000.0,,,,,,,,,
2022-12-31,032830,49200000000000.0,,,,0.04225352112676056,,,,,
2023-03-31,032830,49200000000000.0,,,,,,,,,
2023-06-30,032830,49200000000000.0,,,,,,,,,
2023-09-30,032830,49200000000000.0,27.58201778852586,0.3128977206748394,0.011344265059716009,,2548.762042682927,,5.651772956892966,,
2023-12-31,032830,49200000000000.0,6.7542811799733515,0.30981134937946514,0.045868885396430525,0.053545586107091175,10230.548323170731,,6.0968247806633675,,
2024-03-31,032830,49200000000000.0,27.662207914645755,0.42278831503865505,0.01528396852280218,,3336.682317073171,,6.276197085245456,,
2024-06-30,032830,49200000000000.0,22.302107118108395,0.42377731010396286,0.019001671360455132,,3968.2349085365854,,6.703403290714465,,
2024-09-30,032830,49200000000000.0,25.954801291406227,0.5251080216044256,0.020231633280825452,,3590.8577743902442,,7.861810540700808,,
2024-12-31,032830,49200000000000.0,8.337595054138099,0.5756347555711724,0.06904086272281532,0.04746835443037975,11370.185213414634,,8.536914351734689,,
2025-03-31,032830,49200000000000.0,24.324151214937284,0.5233167211856734,0.021514284982092548,,3408.1353658536586,,9.12554137326222,,
2025-06-30,032830,49200000000000.0,31.913072100576823,0.7524421431220792,0.02357786617191514,,3992.094512195122,,8.481434992942804,,
2025-09-30,032830,49200000000000.0,40.909789799002844,0.7606842604076496,0.018594186480669496,,3827.9346036585366,,7.1934200340534336,,
2025-12-31,032830,49200000000000.0,12.779432186615091,0.48320839109587915,0.03781141321771569,0.03362944162436548,12332.31631097561,,4.408868373252985,,
2026-03-31,032830,49200000000000.0,,,,,,,,,
2021-06-30,033780,20389507481000.0,40.8431134789392,1.1114095576167882,0.027211675676730367,,2066.4438337572124,,0.2541778686790882,,
2021-09-30,033780,20389507481000.0,26.926082495210338,1.0272835904357212,0.038151988527052025,,3015.6633448049492,0.16487432117536605,0.26784550886189884,,
2021-12-31,033780,20389507481000.0,9.693469736446618,1.0228966213082484,0.10552430132032542,0.060759493670886074,8149.816541229478,2.333455786575699,0.26370348483750267,,
2022-03-31,033780,20389507481000.0,36.53495228613897,1.0795872892303113,0.029549437502342027,,2208.8437222516054,-0.7317381071863531,0.3252433583911141,,
2022-06-30,033780,20389507481000.0,28.925504389221494,1.0540576367976044,0.03644042373865666,,2841.7827704546503,0.010645902505963954,0.2828380785821759,,
2022-09-30,033780,20389507481000.0,22.29544247706164,1.0550684365752911,0.04732215732703146,,3884.201898621084,0.14610059243964013,0.29061072904614543,,
2022-12-31,033780,20389507481000.0,10.852362745297134,1.1657938510998684,0.10742304495904034,0.0546448087431694,8431.34367579553,2.6017596918630286,0.31448528970556194,,
2023-03-31,033780,20389507481000.0,36.480502855788835,1.095850944283027,0.03003935961669821,,2299.858648650357,-0.7614812418979736,0.3585007327524475,,
2023-06-30,033780,20389507481000.0,48.89317597870943,1.0626411127572848,0.021733935083701916,,1693.4878608838035,-0.04275741990125094,0.30573123392097273,,
2023-09-30,033780,20389507481000.0,30.874721542433143,1.119233218632799,0.03625079556084623,,2795.166909647826,0.26460776991765594,0.4062964153802555,,
2023-12-31,033780,20389507481000.0,11.233871966285784,1.1147668467499043,0.09923264659731348,0.05983889528193326,7735.534129354284,2.47000581317489,0.3741303193621042,,
2024-03-31,033780,20389507481000.0,39.03410848711512,1.2192988004288088,0.03123675287297238,,2395.3409882760275,-0.7795757451291302,0.445323515348403,,
2024-06-30,033780,20389507481000.0,33.62544229538708,1.1082937219242175,0.032959974539167894,,2623.0138246270667,0.10176968894054685,0.42748747640051704,,
2024-09-30,033780,20389507481000.0,53.77214208000227,1.4047340801016295,0.026123825939678283,,2025.2122342081598,0.14930248761390502,0.45965914616804215,,
2024-12-31,033780,20389507481000.0,10.961614967001779,1.3645689196831003,0.12448612031994563,0.05042016806722689,9770.458123406792,2.61096515592353,0.4879830185826415,,
2025-03-31,033780,20389507481000.0,46.73708330517041,1.312081429066586,0.028073669477817708,,2163.1645119971695,-0.7476458809177916,0.5311303513429058,,
2025-06-30,033780,20389507481000.0,106.0980135981884,1.6483190885285544,0.015535814786985786,,1203.604060709582,0.038089125670306916,0.5200581361677132,,
2025-09-30,033780,20389507481000.0,38.045358026681434,1.7375716228104223,0.04567105457627322,,3511.5979170522073,0.1802393302422697,0.6120378556052878,,
2025-12-31,033780,20389507481000.0,15.370875030231936,1.814830202819288,0.1180694136963459,0.0422237860661506,9244.756705165653,2.6015772107443444,0.5198018587709798,,
2026-03-31,033780,20389507481000.0,,,,,,,,,
2021-06-30,034020,82248051146400.0,80.8604886525962,1.8110960104586735,0.022397787110089697,,284.6878665166327,,2.2415701576556706,,
2021-09-30,034020,82248051146400.0,125.01393957225324,1.7052489872231151,0.013640470759163198,,158.6623065225149,0.19308982081763335,1.9873424810911473,,
2021-12-31,034020,82248051146400.0,22.416101597182998,1.6436713287518188,0.07332547640479899,,910.0601151166999,2.260495658758386,1.6931919431222255,,
2022-03-31,034020,82248051146400.0,1318.3816332795832,1.407863956444145,0.0010678728532814638,,15.5114418191104,-0.7278100816306798,1.3424312593519176,,
2022-06-30,034020,82248051146400.0,-110.54745928472012,1.3088395449074097,-0.011839616698348827,,-175.49023854120787,0.2485509123985676,1.3074720432467017,,
2022-09-30,034020,82248051146400.0,69.97209505790505,0.9162435333605535,0.013094413317227688,,203.6526130624999,0.03277174751090211,1.2806194438016927,,
2022-12-31,034020,82248051146400.0,-24.116875733630685,1.084151218704994,-0.04495404921762559,,-638.5570075532167,2.893887875447054,1.2866188523168276,,
2023-03-31,034020,82248051146400.0,70.66751336783558,1.1492905265341844,0.01626335032551585,,240.56315539945933,-0.7379530153791994,1.2862290009267638,,
2023-06-30,034020,82248051146400.0,48.90482389350521,2.0564779983188517,0.04205061657715041,,370.31111776286536,0.12331473408062697,2.2850216885966224,,
2023-09-30,034020,82248051146400.0,96.87481673863265,1.0446359022374558,0.010783358744882829,,169.60032083805626,-0.08467752798941312,1.2344993867283003,,
2023-12-31,034020,82248051146400.0,21.80271457857897,1.0407575556363817,0.04773522819304892,,729.2669884153622,3.2334471968854936,1.27282328409186,,
2024-03-31,034020,82248051146400.0,46.81098271616887,1.0860013862985227,0.023199713470732363,,367.8623904225809,-0.7670328107188835,1.2801476530061981,,
2024-06-30,034020,82248051146400.0,64.6107498749764,1.2235572764538032,0.018937363810533393,,311.0937427424083,0.01284098407666563,1.2400680152671053,,
2024-09-30,034020,82248051146400.0,-480.0776057370316,1.1178452564686034,-0.0023284678208483583,,-37.30646834172561,-0.18188669156492202,1.2220626143800402,,
2024-12-31,034020,82248051146400.0,31.554716182843325,1.068021706328211,0.03384665861481927,,556.1767660436808,3.7806583626648704,1.2566355706652517,,
2025-03-31,034020,82248051146400.0,-786.5583416862869,1.4171022761528695,-0.001801649287851645,,-29.81342738000338,-0.7690777244332628,1.2904451615919403,,
2025-06-30,034020,82248051146400.0,245.38738613232547,4.1742899716896495,0.01701102097170821,,278.7429340932594,0.21886909528796816,1.2621733127456027,,
2025-09-30,034020,82248051146400.0,-1851.7915490883586,3.7497164078356304,-0.002024912798463534,,-33.85910257062538,-0.1507261621253218,1.2777237681176519,,
2025-12-31,034020,82248051146400.0,260.458248373624,4.449558603913263,0.01708357724010502,,289.1058373854343,3.395963250737691,1.2909797100097673,,
2026-03-31,034020,82248051146400.0,,,,,,,,,
2021-06-30,034730,30016119042000.0,14.320214273643211,0.38199868206877857,0.026675486467535526,,19727.358446021986,,1.6104628242007668,,
2021-09-30,034730,30016119042000.0,21.269756738671948,0.3426059116900307,0.016107655385974216,,12600.05007545439,0.09031256052541078,1.584425197959608,,
2021-12-31,034730,30016119042000.0,3.453483335781988,0.30120395197966804,0.08721743315187158,0.03187250996015936,72680.24067160148,2.846353827331699,1.5223897683813699,,
2022-03-31,034730,30016119042000.0,6.344243540546522,0.27859299817863675,0.043912721256384415,,38144.81560383998,-0.6871187084271616,1.5378626662931292,,
2022-06-30,034730,30016119042000.0,7.147095025706089,0.23704356133744345,0.033166420830402346,,30082.152150867663,0.08332050992752646,1.621181275514875,,
2022-09-30,034730,30016119042000.0,19.294144776122042,0.19516424016653963,0.010115205541946077,,9951.205520009078,0.09770163140857198,1.5739910852688341,,
2022-12-31,034730,30016119042000.0,3.749296778948106,0.20708287803681533,0.055232458310465894,0.026455026455026454,50409.453063629015,2.67793544461474,1.7086636608136692,,
2023-03-31,034730,30016119042000.0,-2054.8317816916565,0.1838812837922609,-8.948726870521691e-05,,-83.94847769873795,-0.7569514146616763,1.6797765763707384,,
2023-06-30,034730,30016119042000.0,-58.21506823554953,0.15494327442649106,-0.002661566483089229,,-2554.321492819192,-0.023831968517719057,1.6402216395213514,,
2023-09-30,034730,30016119042000.0,8.337344395989732,0.145034005814658,0.017395707664951382,,17535.55965258222,0.060796688454256446,1.6184814938326477,,
2023-12-31,034730,30016119042000.0,-34.46197732513431,0.1798288445895187,-0.005218181269545532,0.028089887640449437,-5165.112794331115,2.8754341957672214,1.657585884779026,,
2024-03-31,034730,30016119042000.0,19.37548204748269,0.17554432700202102,0.009060126946613345,,9217.835177587447,-0.7483438965692512,1.6996750530876377,,
2024-06-30,034730,30016119042000.0,27.425768543462727,0.1499211313453034,0.005466433187012328,,5771.943993078465,-0.05539992611457848,1.5877452913114092,,
2024-09-30,034730,30016119042000.0,10.500861282974299,0.1474199089259335,0.014038839763073015,,14589.279476379019,-0.01794495198757065,1.5619175889347907,,
2024-12-31,034730,30016119042000.0,19.565281031341094,0.12886578387688327,0.006586451974313921,0.053231939163498096,6721.089249336807,3.0698900709230275,1.6775981019021433,,
2025-03-31,034730,30016119042000.0,2.8397782281221327,0.12773314404224223,0.04497997159683439,,45637.36657904477,-0.749540275497787,1.7275691718048287,,
2025-06-30,034730,30016119042000.0,16.471864745472672,0.20637983307049867,0.012529233105026717,,12415.109227764104,-0.0348374106342143,1.64723919443736,,
2025-09-30,034730,30016119042000.0,6.165187370189158,0.19232245162072903,0.031194907806156143,,34062.22510209886,0.029838899344412306,1.5062734788476997,,
2025-12-31,034730,30016119042000.0,5.676461671595085,0.23551059919992778,0.04148897901987406,0.031189083820662766,45186.59947683986,2.9528974981320086,1.491729974798502,,
2026-03-31,034730,30016119042000.0,,,,,,,,,
2021-06-30,035420,33880169808000.0,122.27870817439383,2.841253764228317,0.023235883062946026,,3414.331131177488,,0.36241983710359443,,
2021-09-30,035420,33880169808000.0,190.33965633764763,2.537719341947346,0.013332583397364295,,2038.461177589385,0.03829530622402538,0.36169184514388253,,
2021-12-31,035420,33880169808000.0,3.6366630100380615,2.493970648103109,0.6857854690465276,0.0013500660501981506,104078.93141466484,2.9470713818793177,0.40219249356605635,,
2022-03-31,035420,33880169808000.0,356.06403111576043,2.2777372121561457,0.006396987657019553,,956.2886735091184,-0.7293443353245357,0.42359902560298557,,
2022-06-30,035420,33880169808000.0,239.76395823588965,1.6495654203559276,0.006879955738522707,,1000.9844755894384,0.10869120559092102,0.4398600694344326,,
2022-09-30,035420,33880169808000.0,132.29996285149662,1.2584012167319276,0.009511727664991499,,1462.585444692822,0.005646176803808365,0.4144429016819817,,
2022-12-31,035420,33880169808000.0,41.74445198551958,1.1983435510537588,0.028706654275146383,0.005149295774647887,4252.062047947632,2.9955037926745933,0.44556830369370887,,
2023-03-31,035420,33880169808000.0,732.5663443697681,1.325670053288216,0.0018096245663984179,,275.74294335591134,-0.7225765569317604,0.48289936832337327,,
2023-06-30,035420,33880169808000.0,100.93854564633412,1.2303670011981849,0.01218926816628717,,1811.0029110236037,0.05589351416024454,0.47754966121217995,,
2023-09-30,035420,33880169808000.0,89.55806263268059,1.3400978538661845,0.014963452920621465,,2249.9370137833994,0.015527194902247143,0.4926947313383423,,
2023-12-31,035420,33880169808000.0,36.00275717190303,1.4631304994656018,0.04063940137916565,0.005379464285714286,6221.745710487202,2.9548003468635002,0.4744545222711542,,
2024-03-31,035420,33880169808000.0,53.3802080757276,1.2088642534841632,0.022646300886823314,,3510.6644720107834,-0.7387913848885714,0.4586496145297143,,
2024-06-30,035420,33880169808000.0,79.5749034615029,1.055046067404219,0.0132585277708145,,2097.3949416192963,0.03342385277273131,0.4494970673322062,,
2024-09-30,035420,33880169808000.0,50.59476836445999,1.0253845905295202,0.02026661300518565,,3348.172261205451,0.04024968706066496,0.4261686119818868,,
2024-12-31,035420,33880169808000.0,16.29914326915296,1.166240602252805,0.07155226400518734,0.005681246857717446,12203.095384554928,2.954149600185305,0.4135772988115132,,
2025-03-31,035420,33880169808000.0,71.37503713492397,1.0788175444360288,0.015114773844484083,,2676.005612984028,-0.74046785139166,0.4025886047211477,,
2025-06-30,035420,33880169808000.0,83.55871248815164,1.487649228957636,0.017803639915688983,,3141.5036467588184,0.046039353657758485,0.40862656065556696,,
2025-09-30,035420,33880169808000.0,57.85648344064688,1.4764330517912587,0.025518886803859834,,4640.793633360824,0.076488167236417,0.4159476340725488,,
2025-12-31,035420,33880169808000.0,21.109182894818648,1.3260190921268618,0.06281716818382105,0.010845360824742268,11487.891369756562,2.835180986316868,0.4190058840693555,,
2026-03-31,035420,33880169808000.0,,,,,,,,,
2021-06-30,035720,21640598605750.0,230.451899196588,7.778546094011149,0.033753447557295355,,707.30595221067,,0.6186406484889397,,
2021-09-30,035720,21640598605750.0,60.84146453092692,4.833093005481078,0.07943748630548367,,1939.4667914349475,,0.6717976330759783,,
2021-12-31,035720,21640598605750.0,30.630632169895243,3.70340745460738,0.12090535494227267,0.0004711111111111111,3672.79393308012,,0.6792451972056287,,
2022-03-31,035720,21640598605750.0,35.97905443863692,3.193465511539807,0.0887590171939158,,2960.0555562581035,,0.640989166008252,,
2022-06-30,035720,21640598605750.0,308.5036269592268,2.106544702578258,0.006828265597203721,,226.57756308725115,,0.6717290280692502,,
2022-09-30,035720,21640598605750.0,185.94336923029132,1.6694708621558816,0.008978383413544785,,307.08274372118916,,0.6656104678902663,,
2022-12-31,035720,21640598605750.0,22.228386180878566,1.754817777299795,0.07894490238834048,0.0011299435028248588,2388.8373887294615,,0.6990375001768085,,
2023-03-31,035720,21640598605750.0,427.56964459817755,1.7834498961255514,0.004171133097630461,,142.90069646412974,,0.6720644702941458,,
2023-06-30,035720,21640598605750.0,391.43957516105615,1.4197704041934882,0.0036270487050506575,,125.43443002613625,,0.686555228327336,,
2023-09-30,035720,21640598605750.0,396.63662730828975,1.2534970193853325,0.0031603158485185474,,110.80671066174489,,0.7103687276536439,,
2023-12-31,035720,21640598605750.0,-13.350560830369938,1.7500722654543728,-0.1310860485705812,0.001123388581952118,-4067.2448663338564,,0.8169202047120305,,
2024-03-31,035720,21640598605750.0,354.4244164876742,1.7164560312470423,0.004842939570182619,,151.5132634827023,-0.7368863742681232,0.8362133548865064,,
2024-06-30,035720,21640598605750.0,208.33998711925975,1.293462772343248,0.0062084230215625055,,195.11376842281737,0.008322504289123962,0.8312061254791786,,
2024-09-30,035720,21640598605750.0,205.6562782480505,1.1390403611293074,0.005538563523723131,,175.77873288360297,-0.04164809468167137,0.8126980547980767,,
2024-12-31,035720,21640598605750.0,-105.40736644655226,1.2237308836479535,-0.011609538544618294,0.0017801047120418849,-362.4035139837181,3.096856674122285,0.8484704831861212,,
2025-03-31,035720,21640598605750.0,87.17609025641154,1.2182734807240743,0.013974857981595177,,448.51747635154254,-0.7632363241548299,0.8068844460102974,,
2025-06-30,035720,21640598605750.0,155.97865488645195,1.8368971113004005,0.011776592846230208,,384.66801783666045,0.08830787064191267,0.8206575798106539,,
2025-09-30,035720,21640598605750.0,138.0299326350549,1.8167065098229174,0.01316168511525837,,431.79040127172846,0.028726959704703126,0.8351676868461679,,
2025-12-31,035720,21640598605750.0,51.8267629650378,1.7631728246117846,0.034020508396428624,0.0012479201331114808,1159.6325250053394,2.881541697091592,0.8248713863047583,,
2026-03-31,035720,21640598605750.0,,,,,,,,,
2021-06-30,047040,13765405873000.0,24.183941806200284,1.122709182998675,0.046423746467618224,,328.73052969230093,,2.445097456486608,,
2021-09-30,047040,13765405873000.0,31.920923601289182,0.9161267687808148,0.028699882880074794,,211.46004684298637,-0.048595335229515535,2.226583680662096,,
2021-12-31,047040,13765405873000.0,5.03196859136399,0.7586592760899278,0.15076788781868808,,1146.668524502049,3.135573422670401,2.2514764507169143,,
2022-03-31,047040,13765405873000.0,17.05051380771972,0.8719149059872384,0.05113716312715889,,410.54481283905403,-0.7409985288445365,2.1364113067636623,,
2022-06-30,047040,13765405873000.0,51.00497059420874,0.7085071159155754,0.013890942542686642,,114.49864458235942,0.08508787094872616,2.106818103492613,,
2022-09-30,047040,13765405873000.0,9.993413185810846,0.466102936279901,0.046641015198060416,,412.2715556132298,0.03262163518026967,2.0025888991919096,,
2022-12-31,047040,13765405873000.0,3.479700330305763,0.4746053942298149,0.13639260544832926,,1201.2528675515864,3.133770429716806,1.9910063958722282,,
2023-03-31,047040,13765405873000.0,17.34586502230613,0.4401747777919622,0.02537635207156945,,232.33202811261197,-0.7496819181158674,1.8453556069630799,,
2023-06-30,047040,13765405873000.0,8.424792654301774,0.43187361819540404,0.05126222518662054,,482.5044564063396,0.25431341488497544,1.883116393077416,,
2023-09-30,047040,13765405873000.0,16.178723649013246,0.433702503834589,0.026806966559506124,,259.9092543531063,-0.08598432296594276,1.7661553703266846,,
2023-12-31,047040,13765405873000.0,3.3614419395270736,0.43155056318866586,0.12838257240563297,,1233.1017683985838,2.895445038224734,1.7679395893564493,,
2024-03-31,047040,13765405873000.0,17.127397360322487,0.38088549941849653,0.022238375825906858,,216.32008191641788,-0.7864543543050864,1.9546034323275328,,
2024-06-30,047040,13765405873000.0,16.297718055323926,0.37375833726787294,0.022933169907536747,,228.2528135148834,0.1343325769904691,1.9103376244100918,,
2024-09-30,047040,13765405873000.0,40.1594333307623,0.38899746537149277,0.009686328543722728,,95.36987159293912,-0.09699058515836763,1.9601490262680612,,
2024-12-31,047040,13765405873000.0,5.407070076699368,0.3029713235056043,0.056032438863922916,,574.2481521333235,3.1226001007858617,1.9206709895457637,,
2025-03-31,047040,13765405873000.0,22.984522751079453,0.30367124143453766,0.013211988115797442,,137.04874511053583,-0.8022899904425025,1.9324887040595033,,
2025-06-30,047040,13765405873000.0,-41.195498115120344,0.4217065062418439,-0.010236713367644928,,-101.46739792583739,0.0946958935755051,1.9981733077363104,,
2025-09-30,047040,13765405873000.0,-28.58044975218502,0.35906768432537917,-0.01256340216612329,,-125.26045009933068,-0.12435964158653735,2.286734040611605,,
2025-12-31,047040,13765405873000.0,-1.763470545470817,0.4649388894446769,-0.26364993202681813,,-2166.183047293327,3.0463083449533985,2.8446097641022576,,
2026-03-31,047040,13765405873000.0,,,,,,,,,
2021-06-30,051910,27036867369000.0,37.43026285169028,2.727918636603905,0.07288002885292902,,22708.89743328681,,1.1746256896879768,,
2021-09-30,051910,27036867369000.0,78.72208084389423,2.3600209613748144,0.029979148621016926,,9857.463010140787,-0.07384588982922873,1.1968724607114127,,
2021-12-31,051910,27036867369000.0,10.728013190289978,1.8275552001638393,0.17035355640855998,0.01951219512195122,57326.55143979894,3.020179727851238,1.2031593467433073,,
2022-03-31,051910,27036867369000.0,47.70130265301453,1.0338617689887646,0.02167365903001034,,11152.735259031333,-0.7278596493959097,0.8150312331824034,,
2022-06-30,051910,27036867369000.0,49.54559743630467,0.9737757779304749,0.019654133330057257,,10414.648862865455,0.054431093676115525,0.815336733284205,,
2022-09-30,051910,27036867369000.0,51.785993409333884,0.9548927493963374,0.018439208877360804,,10350.28903980418,0.15831422303642567,0.7990141833511515,,
2022-12-31,051910,27036867369000.0,18.84883670216936,1.1041012789896492,0.05857662711155937,0.016666666666666666,31832.203200685824,2.658211370943152,0.8135480024386673,,
2023-03-31,051910,27036867369000.0,73.399266881338,1.2787128611172285,0.017421330150129137,,9700.369366782168,-0.7206922340215985,0.8460541592061945,,
2023-06-30,051910,27036867369000.0,68.57976015235093,1.1614968831091508,0.016936438397114086,,9725.901614678294,0.0038143024572377727,0.8304839025680956,,
2023-09-30,051910,27036867369000.0,,0.827855169246644,,,,-0.071979746822908,0.873555785023771,,
2023-12-31,051910,27036867369000.0,16.760694262089,0.840702356861451,0.05015916069557065,0.0070140280561122245,29772.03642027453,3.0941457859478887,0.8922845260482359,,
2024-03-31,051910,27036867369000.0,88.61170968970572,0.7012361319205525,0.007913583141281124,,4954.198508721471,-0.7898737162506605,0.9017567580680861,,
2024-06-30,051910,27036867369000.0,398.53641645264173,0.5383524299724401,0.0013508236832264807,,866.9220320574041,0.05945510512486744,0.9019402493722679,,
2024-09-30,051910,27036867369000.0,24.279204167822108,0.5390157328830516,0.022200716677419925,,14683.347836931129,0.030141128966691143,0.9465235200004489,,
2024-12-31,051910,27036867369000.0,33.48064431202559,0.35926104323195324,0.010730410080636164,0.004,7467.000863845529,2.8606604149293493,0.9555548823437748,,
2025-03-31,051910,27036867369000.0,64.90011178563199,0.3512643907894748,0.005412384988637879,,3775.032018577196,-0.7511859284623321,0.9766758780662854,,
2025-06-30,051910,27036867369000.0,-130.37934925309378,0.32716715375287303,-0.002509347957534077,,-1622.1894127530422,-0.06189327677272602,1.1071481373162928,,
2025-09-30,051910,27036867369000.0,42.86785335458465,0.41476816027061153,0.009675505718465203,,6485.045978404895,-0.019403276190823188,1.130182496991898,,
2025-12-31,051910,27036867369000.0,-23.506716499922497,0.4875762066560057,-0.02074199544873114,0.006006006006006006,-14166.163955782506,3.10248924408972,1.1454302460570194,,
2026-03-31,051910,27036867369000.0,,,,,,,,,
2021-06-30,055550,47370505227800.0,,,,,,,,,
2021-09-30,055550,47370505227800.0,,,,,,,,,
2021-12-31,055550,47370505227800.0,,,,0.05326086956521739,,,,,
2022-03-31,055550,47370505227800.0,,,,,,,,,
2022-06-30,055550,47370505227800.0,,,,,,,,,
2022-09-30,055550,47370505227800.0,,,,,,,,,
2022-12-31,055550,47370505227800.0,,,,0.058664772727272725,,,,,
2023-03-31,055550,47370505227800.0,,,,,,,,,
2023-06-30,055550,47370505227800.0,,,,,,,,,
2023-09-30,055550,47370505227800.0,14.03265170562494,0.3031614601537553,0.02160400375591408,,2536.940326519318,,11.230672355344327,,
2023-12-31,055550,47370505227800.0,4.307572166870736,0.3424834771229106,0.07950731034918677,0.052303860523038606,9320.795669725767,,11.282891076138903,,
2024-03-31,055550,47370505227800.0,16.396612645328123,0.3893170239098856,0.023743747097716154,,2805.4575048527936,,11.503338040406133,,
2024-06-30,055550,47370505227800.0,15.942784329601734,0.40159446576197155,0.02518973207310544,,3020.1750838840353,,11.632831252512922,,
2024-09-30,055550,47370505227800.0,20.116900277882333,0.45372245752281076,0.022554292721809584,,2758.874341143892,,11.683921338966899,,
2024-12-31,055550,47370505227800.0,5.022309681192228,0.3891897192543351,0.07749217869057146,0.0453305351521511,9487.666636416681,,11.576526087190615,,
2025-03-31,055550,47370505227800.0,14.900195951222411,0.3808795637790247,0.025562050662010078,,3157.676593920231,,11.573760405351617,,
2025-06-30,055550,47370505227800.0,18.702658434123798,0.49004145488611667,0.026201700502213907,,3282.955747508765,,11.504039513412417,,
2025-09-30,055550,47370505227800.0,23.4229136650269,0.5615031207849496,0.02397238570807432,,3022.6811665071596,,11.92458092235619,,
2025-12-31,055550,47370505227800.0,7.266203672163281,0.6119550844023162,0.08421936846426518,0.033680104031209364,10583.243116980435,,12.019433954538506,,
2026-03-31,055550,47370505227800.0,,,,,,,,,
2021-06-30,068270,45497343505000.0,402.06714037552894,13.775236314305724,0.034261034864574394,,580.8209041452254,,0.39049072082348485,,
2021-09-30,068270,45497343505000.0,358.4456721902289,12.768308793990323,0.03562132223823899,,629.668643007688,-0.07136186733438954,0.4041180177362332,,
2021-12-31,068270,45497343505000.0,65.68232031673271,9.66137183943783,0.1470924259808248,0.004274478513621338,2671.342899487995,3.7675943978760316,0.4008883057092792,,
2022-03-31,068270,45497343505000.0,279.56596685164817,8.733538212949817,0.031239633032958816,,543.6176717484595,-0.7119702414967701,0.45276903432399873,,
2022-06-30,068270,45497343505000.0,191.70347391364032,8.736713974492735,0.045574103568037067,,825.1285006512602,0.08257831564973059,0.40861946718582587,,
2022-09-30,068270,45497343505000.0,207.85680478331116,8.180947419354261,0.03935857393691212,,748.2170245142096,0.0831652281756535,0.39189572495556924,,
2022-12-31,068270,45497343505000.0,60.69353661511785,7.704419692305662,0.12693970597169993,0.0025397556416438655,2432.74668497769,2.5375388114881683,0.37842085669477066,,
2023-03-31,068270,45497343505000.0,183.88273548022556,7.183105919436879,0.03906351458540999,,749.4341414929605,-0.7383658004229043,0.43193558507915425,,
2023-06-30,068270,45497343505000.0,207.92903577585605,7.141458577646391,0.03434565331868687,,676.4807977642386,-0.12314257997394205,0.43141330054406657,,
2023-09-30,068270,45497343505000.0,129.09230445961265,6.374942415962267,0.049382822954847076,,991.9801225646526,0.2830520258133936,0.4631728599373462,,
2023-12-31,068270,45497343505000.0,76.60156978993203,2.4140407607137027,0.03151424660530895,0.0026973080865296435,2419.9242980052313,2.2373326906937834,0.1630137522295591,,
2024-03-31,068270,45497343505000.0,1888.9251443812057,2.3065593348568507,0.0012210962100419592,,93.1190950171938,-0.6613813041204626,0.18494297432346885,,
2024-06-30,068270,45497343505000.0,455.83934647336275,2.1043820381078584,0.004616499331153787,,351.7620873242674,0.18692612569188452,0.18437220596017545,,
2024-09-30,068270,45497343505000.0,476.7369788876888,2.353946318124469,0.004937620579835531,,377.0590660271562,0.00822188097365128,0.19234014713678668,,
2024-12-31,068270,45497343505000.0,96.15798869399593,2.291173704688658,0.023827179996244223,0.004152777931584368,1878.1798834700119,3.0335289329218122,0.19767620820299503,,
2025-03-31,068270,45497343505000.0,335.11980751343475,2.1008812419242,0.006269045263282377,,485.7426996268317,-0.7633286990131867,0.21284679882502877,,
2025-06-30,068270,45497343505000.0,562.3244950567774,2.136783243511981,0.0037999113719850166,,283.8218882566823,0.1419931685493529,0.2336114668412525,,
2025-09-30,068270,45497343505000.0,116.51124929178776,2.296241610769336,0.019708325373961857,,1488.2683093178541,0.0702181027234016,0.25167360014365914,,
2025-12-31,068270,45497343505000.0,39.135603944631995,2.326331749422462,0.059442847814836164,0.004143646408839779,4624.944596640797,3.0453063207115076,0.28712645491021516,,
2026-03-31,068270,45497343505000.0,,,,,,,,,
2021-06-30,105560,58537521435000.0,,,,,,,,,
2021-09-30,105560,58537521435000.0,,,,,,,,,
2021-12-31,105560,58537521435000.0,,,,0.053454545454545456,,,,,
2022-03-31,105560,58537521435000.0,,,,,,,,,
2022-06-30,105560,58537521435000.0,,,,,,,,,
2022-09-30,105560,58537521435000.0,,,,,,,,,
2022-12-31,105560,58537521435000.0,,,,0.060824742268041236,,,,,
2023-03-31,105560,58537521435000.0,,,,,,,,,
2023-06-30,105560,58537521435000.0,,,,,,,,,
2023-09-30,105560,58537521435000.0,15.32540378539576,0.3494614702158239,0.02280275776804268,,3608.387796783388,,11.173747627810233,,
2023-12-31,105560,58537521435000.0,4.408952080125394,0.34174991350000034,0.07751273030172756,0.056561922365988906,12270.489453462456,,11.157260259360312,,
2024-03-31,105560,58537521435000.0,24.31049040617618,0.43655495544482825,0.01795747219208378,,2858.8481284747445,,11.367392156217953,,
2024-06-30,105560,58537521435000.0,17.066100102111474,0.4880158862227111,0.02859563012655317,,4599.762073954302,,11.407222307047093,,
2024-09-30,105560,58537521435000.0,18.851010011056257,0.5022022889634383,0.026640603801541297,,4291.547240840228,,11.440896343609722,,
2024-12-31,105560,58537521435000.0,6.131073508294537,0.5154335824922264,0.08406905932458852,0.03828709288299156,13521.286262160647,,11.669785819088302,,
2025-03-31,105560,58537521435000.0,17.291478538316973,0.4885748216619294,0.02825523685434269,,4568.724405199955,,11.810013472406743,,
2025-06-30,105560,58537521435000.0,23.600656402143137,0.67664254395162,0.02867049680407089,,4699.021845423305,,11.806761117314975,,
2025-09-30,105560,58537521435000.0,25.9509799258176,0.6999189113456267,0.02697080855314081,,4450.698984399184,,11.971305594964717,,
2025-12-31,105560,58537521435000.0,7.940174374445426,0.7623919769480644,0.09601703199387394,0.03502004811547715,15704.94476813169,,12.117264134307176,,
2026-03-31,105560,58537521435000.0,,,,,,,,,
2021-06-30,207940,70223372667000.0,452.8323621775845,11.509922173734806,0.02541762280060061,,2701.330784128643,,0.3827601054146221,,
2021-09-30,207940,70223372667000.0,433.99182721497385,11.640211967779933,0.026821269982151213,,2929.2026261367773,0.0935806571271419,0.5457494406200659,,
2021-12-31,207940,70223372667000.0,150.1212749678393,11.83829764105603,0.07885822741375043,,8749.126333235432,2.47879178170925,0.5968438557695287,,
2022-03-31,207940,70223372667000.0,372.6218788351499,12.66925774983751,0.034000305589791904,,3266.3997181401855,-0.6739148165528497,0.8506633974798227,,
2022-06-30,207940,70223372667000.0,344.01676453059287,6.1680574924654445,0.01792952590808094,,3379.713199693804,0.2740432423115536,0.8466579398679527,,
2022-09-30,207940,70223372667000.0,413.65935610520233,6.2051331607135065,0.01500058700264333,,2871.195785785499,0.34020592502623925,0.8688314420742858,,
2022-12-31,207940,70223372667000.0,68.11155472300756,6.050086720079777,0.08882614329806371,,17740.04432748391,2.437747444638288,0.845633871183873,,
2023-03-31,207940,70223372667000.0,368.0422183433186,5.716590692714745,0.015532431899924514,,3151.089582114659,-0.7597963572911616,0.7949778094565458,,
2023-06-30,207940,70223372667000.0,266.4283984869283,5.290373260045406,0.01985664174723839,,4109.8359117063965,0.2014954770621314,0.6863666620893658,,
2023-09-30,207940,70223372667000.0,187.57871484043088,4.723191191299663,0.025179782233381753,,5343.127555024557,0.193710284483452,0.6643239546184254,,
2023-12-31,207940,70223372667000.0,58.666944810630476,5.118576563231289,0.08724805049510265,,19065.67665336005,2.573195077951989,0.6322882451997421,,
2024-03-31,207940,70223372667000.0,306.74822488611176,5.496264158965725,0.017917835257258152,,3987.0450772912463,-0.7437053543384056,0.6506293886203849,,
2024-06-30,207940,70223372667000.0,151.3662808918801,4.660319001705932,0.03078835639117516,,7068.668092362417,0.2217764644444343,0.5823332692448311,,
2024-09-30,207940,70223372667000.0,244.58619448354204,6.107256524600651,0.02496975161454422,,5878.8845504391475,0.02607933055187092,0.5131251631291844,,
2024-12-31,207940,70223372667000.0,57.9992179845523,5.761883604803107,0.09934416023225943,,24081.100548148726,2.8306933877697342,0.5898038832987375,,
2025-03-31,207940,70223372667000.0,178.7627454466294,5.951625680359676,0.03329343407369276,,8348.204746304642,-0.7144972580597282,0.5458164240390722,,
2025-06-30,207940,70223372667000.0,202.46987711169237,5.660569650949191,0.027957589206351625,,7210.801037798865,-0.006445122691604249,0.5318417554883654,,
2025-09-30,207940,70223372667000.0,114.90705621982099,5.419756160442975,0.04716643467112065,,12769.703169428962,0.2870872513301343,0.5055977390084087,,
2025-12-31,207940,70223372667000.0,42.733448072629976,10.23357721110502,0.23947464276020936,,39664.480084058974,1.7447985419730052,0.48444205157900194,,
2026-03-31,207940,70223372667000.0,,,,,,,,,
2021-06-30,267250,22355043055000.0,274.28524950969313,0.5363535962502889,0.0019554591331800157,,258.12543739249804,,1.659658285456651,,
2021-09-30,267250,22355043055000.0,92.14494551337918,0.451198346850773,0.004896615265622576,,702.1546286617072,0.14963443132780688,1.9553379233642536,,
2021-12-31,267250,22355043055000.0,24.39959070630279,0.38179796357344764,0.015647720003550036,0.10335195530726257,2200.8565900299495,2.869265266591752,2.0128838999125165,,
2022-03-31,267250,22355043055000.0,8.265870967575212,0.21979841551220905,0.02659107750101824,,6508.691003167473,-0.5988229326714212,2.050876002621566,,
2022-06-30,267250,22355043055000.0,5.243489799861987,0.2230943331086966,0.042546918488249694,,11328.333279405533,0.394569389740756,2.022294861860526,,
2022-09-30,267250,22355043055000.0,6.639770098120381,0.19687396993589473,0.029650720887403437,,8147.872471565679,0.09732688339075046,2.045122600775044,,
2022-12-31,267250,22355043055000.0,2.159320743339674,0.20744731835498675,0.09607063656237663,0.08056042031523643,26443.500890788153,2.5199188429317276,1.8185955989595952,,
2023-03-31,267250,22355043055000.0,40.47708246858753,0.2128859604093142,0.005259419588220707,,1435.3801325747436,-0.7489884308214113,1.9143729909165461,,
2023-06-30,267250,22355043055000.0,27.182856431374077,0.21876595785116013,0.008047938538153904,,2203.594760220425,0.022738942844141054,1.925140588578271,,
2023-09-30,267250,22355043055000.0,9.413300709634587,0.2371456477995404,0.02519261363411242,,7043.225542783461,-0.12150367706766269,1.9895639751520673,,
2023-12-31,267250,22355043055000.0,6.808065424828913,0.23028730135963432,0.03382565927168971,0.05845181674565561,9297.795489618216,3.4691558192294125,1.9262783048698289,,
2024-03-31,267250,22355043055000.0,11.955150620990574,0.25981541549254317,0.02173250875119593,,6014.1442194596575,-0.7307342716509361,1.9840054131314557,,
2024-06-30,267250,22355043055000.0,11.572791480956637,0.2488856779208103,0.021506105793952898,,6437.513379774612,0.0630004877165542,1.7721564530775717,,
2024-09-30,267250,22355043055000.0,63.576345554161264,0.2536059472511923,0.003988998503148363,,1203.2777180441892,-0.05443881325093895,1.6694601444050419,,
2024-12-31,267250,22355043055000.0,3.4679858863971416,0.25369752830727044,0.07315414093880136,0.045454545454545456,22837.46318306968,3.0824707671503213,1.7995597596349575,,
2025-03-31,267250,22355043055000.0,7.882077620997292,0.22685911358696342,0.028781639117918218,,9198.082470904013,-0.7478522602770467,1.9057440286223344,,
2025-06-30,267250,22355043055000.0,22.429605344928248,0.38872710627178453,0.017330982881501433,,5773.619196972735,0.007260453328447136,1.6749165024553503,,
2025-09-30,267250,22355043055000.0,13.308374262035374,0.4540469626696251,0.034117387573392714,,11676.858265348576,0.05887768279596396,1.6633538191785902,,
2025-12-31,267250,22355043055000.0,4.334577923488239,0.5251893190173064,0.12116273563139957,0.021220159151193633,43487.50981694319,2.9101217624017255,1.5938900331070882,,
2026-03-31,267250,22355043055000.0,,,,,,,,,
2021-06-30,267260,47077558310000.0,63.46646385711548,1.2534890788590862,0.019750416246304737,,324.5808691402373,,2.1916873109040464,,
2021-09-30,267260,47077558310000.0,304.4171512227499,1.6820423507537592,0.005525451979290633,,91.32205556860369,-0.06974189798177932,2.001256490486338,,
2021-12-31,267260,47077558310000.0,-25.51417511112333,1.3300215945499287,-0.05212873192087185,,-779.9585882486267,3.583094828054321,2.4275680136302187,,
2022-03-31,267260,47077558310000.0,130.07057074398512,1.4073830529364169,0.010820149745529571,,164.91047803749194,-0.8051980262909851,2.3591368673925404,,
2022-06-30,267260,47077558310000.0,132.7087847147273,1.6126087912634752,0.012151484882707368,,191.01975844698393,0.5351347928048221,2.367964843570857,,
2022-09-30,267260,47077558310000.0,13.67428831968791,1.7374573820513435,0.12706016879502202,,2329.1888583439577,-0.009211907102128271,2.050027652308125,,
2022-12-31,267260,47077558310000.0,11.329561840885209,2.2084475561107504,0.19492788751468598,0.011764705882352941,3751.2483357149285,2.9328955876647784,1.929645520990855,,
2023-03-31,267260,47077558310000.0,56.78250139189228,1.9279372737768392,0.03395301768181915,,667.4591479939904,-0.7298210738359329,2.0409040649286236,,
2023-06-30,267260,47077558310000.0,75.18673281494922,3.1778255631540433,0.042265775412470154,,865.8442462212736,0.1299538889005443,2.302916751797601,,
2023-09-30,267260,47077558310000.0,52.998023305285756,3.0503430977812624,0.05755578996239726,,1256.650641786439,0.08083717520030163,2.1072781080274736,,
2023-12-31,267260,47077558310000.0,13.683473464265328,3.3587045466560914,0.2454570146554833,0.012165450121654502,6007.246640603864,2.8921763850309152,1.75314719515622,,
2024-03-31,267260,47077558310000.0,82.94338016750659,6.897919261118681,0.08316419281669171,,2162.921255894038,-0.7036487414761601,1.7818655878370022,,
2024-06-30,267260,47077558310000.0,83.05392691085281,10.359489479898091,0.12473208510679581,,3732.5146628255543,0.14473690947177398,1.5679950414633017,,
2024-09-30,267260,47077558310000.0,122.0419300607666,10.188081813437933,0.08348017610312394,,2699.8917489746086,-0.1397742111463529,1.400016947306223,,
2024-12-31,267260,47077558310000.0,33.102778833990335,10.944313898346964,0.3306161683051579,0.01400523560209424,11539.816699852334,3.21217618801032,1.517745924426652,,
2025-03-31,267260,47077558310000.0,82.20473322217728,8.356471070622908,0.1016543785628209,,3552.1068988911206,-0.6945932450427115,1.8076204267699083,,
2025-06-30,267260,47077558310000.0,154.30670646812447,13.326878167255948,0.08636616302875283,,3285.6640622080304,-0.10688106139014264,1.4995304860091496,,
2025-09-30,267260,47077558310000.0,131.51165582590585,14.089320439586619,0.10713362516124014,,4425.463251488882,0.09844501997213119,1.4878492741663814,,
2025-12-31,267260,47077558310000.0,45.68002982078649,16.443903367087984,0.3599801364316374,0.00917312661498708,16943.94690714048,3.0982191118637794,1.3462705751192166,,
2026-03-31,267260,47077558310000.0,,,,,,,,,
2021-06-30,278470,16922046060000.0,,,0.03033369626210076,,43.58371981467116,,0.8967004370173844,,
2021-09-30,278470,16922046060000.0,,,0.03457598119339314,,53.48995192594341,0.07500347004101672,0.9584993283992755,,
2021-12-31,278470,16922046060000.0,,,0.17270667268219,,292.34590856278527,3.2793107851515213,0.9155569720176162,,
2022-03-31,278470,16922046060000.0,,,-0.013575060425826489,,-22.701840390452173,-0.705406653072237,1.0968192574200415,,
2022-06-30,278470,16922046060000.0,,,0.056094357840853495,,105.7068116863405,0.2829317967523972,1.1243951939144432,,
2022-09-30,278470,16922046060000.0,,,0.1329886292442185,,293.7201706181859,-0.026973426225995665,1.0552636265643214,,
2022-12-31,278470,16922046060000.0,,,0.2987759368003755,,768.2480868487838,3.1730883663550373,0.8364881856610302,,
2023-03-31,278470,16922046060000.0,,,0.15720810926240597,,520.5319401243847,-0.6927847490855855,0.5993433541341147,,
2023-06-30,278470,16922046060000.0,,,0.1262749646799616,,481.30223084926416,0.0449616047751014,0.6751574307899952,,
2023-09-30,278470,16922046060000.0,,,0.10895610737002677,,471.34499138669764,-0.04490827288472096,0.4705159965875752,,
2023-12-31,278470,16922046060000.0,,,0.4140468105146539,,2091.412940709606,3.2956761556308387,0.4588024294105194,,
2024-03-31,278470,16922046060000.0,80.91634481240112,6.553628950647197,0.08099264698425673,,617.9221282909095,-0.715682762803632,0.463849625154548,,
2024-06-30,278470,16922046060000.0,127.1698292964635,9.926879058371911,0.0780600171698742,,618.0711292516125,0.04408774356664514,0.5053396609983779,,
2024-09-30,278470,16922046060000.0,129.8311124987372,7.38192466757782,0.05685790197360913,,410.53333807424946,0.1197690398069511,0.7186847243892942,,
2024-12-31,278470,16922046060000.0,18.12005369656172,6.025964166792685,0.33255774335459676,,2759.373721364165,3.150959720782099,0.7468361974338527,,
2025-03-31,278470,16922046060000.0,54.49532022075986,7.876654469386075,0.14453818121405373,,1280.8439278316207,-0.6319179463004968,0.6820626945896421,,
2025-06-30,278470,16922046060000.0,90.6722723224318,14.731498773653266,0.16246972085653555,,1700.6301491117679,0.23193450516849964,0.5958975071182757,,
2025-09-30,278470,16922046060000.0,130.60622392241623,27.953642936433905,0.2140299451046005,,1914.1507387006843,0.17760654629901942,0.769751247250847,,
2025-12-31,278470,16922046060000.0,31.095272960729446,20.203901561116325,0.6497418944233759,0.022034632034632035,7428.781869570092,2.957439139171391,0.7311302720169959,,
2026-03-31,278470,16922046060000.0,,,,,,,,,
2021-06-30,329180,71163710550000.0,,,-0.06979972143834096,,-3166.0007889653243,,1.734360460101746,,
2021-09-30,329180,71163710550000.0,249.63210693450597,2.082709228958383,0.008343114411580105,,462.68086833198436,-0.023744924669090506,1.4412651010124276,,
2021-12-31,329180,71163710550000.0,-12.980502068180495,1.8893529866363472,-0.14555315169725033,,-7334.076871600113,3.3732359893037325,1.6954959315466578,,
2022-03-31,329180,71163710550000.0,-75.41845657516313,2.4338635400743494,-0.03227145781813667,,-1584.4927810330428,-0.7591661638593915,1.7623897776513733,,
2022-06-30,329180,71163710550000.0,-245.26613509646614,2.9477228834793077,-0.012018466725216398,,-583.0401328897541,0.08213076098317922,2.012530032099256,,
2022-09-30,329180,71163710550000.0,253.40325108585793,2.347756702522499,0.0092649036366429,,453.8221175427452,0.017327227964490412,2.286090250272724,,
2022-12-31,329180,71163710550000.0,-36.579364663160405,2.4354651713805233,-0.06658030268725018,,-3171.1868445004798,3.1049325586398164,2.0805510840616184,,
2023-03-31,329180,71163710550000.0,-540.1964496901994,2.1092052439128137,-0.0039045151909503197,,-185.11784010677897,-0.7089275396157374,2.226616323886467,,
2023-06-30,329180,71163710550000.0,607.4797697625148,2.764536153818047,0.004550828342643905,,216.7973429822793,0.16389120290798173,2.259917724377074,,
2023-09-30,329180,71163710550000.0,,2.5502617575625464,,,,-0.06881333327723531,2.402656623600505,,
2023-12-31,329180,71163710550000.0,580.0734674421363,2.7502106833368463,0.00474114200648418,,222.38562396041334,3.192681046823403,2.2902188194260837,,
2024-03-31,329180,71163710550000.0,457.67408349519724,2.505029470874288,0.005473391571014257,,257.8253920319224,-0.7502705202917868,2.33235021208909,,
2024-06-30,329180,71163710550000.0,112.16540689752266,3.2115776632290296,0.02863251471251928,,1388.1285175762944,0.2999712231466789,2.288245131791655,,
2024-09-30,329180,71163710550000.0,283.86139501221106,3.753273429414895,0.013222204552519152,,650.3173846237842,-0.07075388553903074,2.086945575625688,,
2024-12-31,329180,71163710550000.0,51.35594068664541,5.595317567353982,0.10895171021195972,0.007269565217391304,5598.183893743017,3.0137845359632496,2.3992675622543937,,
2025-03-31,329180,71163710550000.0,108.97687838136943,5.334858727601366,0.048954042424777404,,2560.176104729547,-0.7361317088830751,2.6004675995129456,,
2025-06-30,329180,71163710550000.0,225.55447841370372,7.694341939161594,0.034113008942562056,,1899.7627669092922,0.08492027711443242,2.192999994998645,,
2025-09-30,329180,71163710550000.0,132.7216291330771,8.843809498486085,0.06663427473165347,,3880.3019776348633,0.06529182907256668,2.2163370056907636,,
2025-12-31,329180,71163710550000.0,39.92208356496318,6.049174821500599,0.15152452681125933,0.01112180746561886,12749.835543321033,2.97941112474293,1.8006966950627112,,
2026-03-31,329180,71163710550000.0,,,,,,,,,
2021-06-30,373220,108927000000000.0,,,0.06942964294317842,,2803.598901098901,,1.4428635614962035,,
2021-09-30,373220,108927000000000.0,,,-0.022319673291927352,,-915.5447409733124,-0.21508449788501927,1.5603828076187642,,
2021-12-31,373220,108927000000000.0,,,0.10636334093729471,,4135.990580847723,3.4325976917197982,1.718270771562824,,
2022-03-31,373220,108927000000000.0,438.49229112795757,5.1118414656291264,0.01165776815022143,,1007.9994767137624,-0.7567571776369425,0.7992109907780882,,
2022-06-30,373220,108927000000000.0,927.5351890639494,4.190926936761551,0.004518348183631667,,399.9848246991104,0.16770028565190997,0.8306540927765216,,
2022-09-30,373220,108927000000000.0,510.8264625971853,4.530811055295381,0.008869569975407037,,834.9215070643642,0.508345329047417,0.8847782803599672,,
2022-12-31,373220,108927000000000.0,125.55447889506574,4.754383733230651,0.037867097813405824,,3468.6138147566717,2.347029748474044,0.8597595232964235,,
2023-03-31,373220,108927000000000.0,233.6302704630909,5.9551379967097935,0.025489582257067118,,2499.6760858189427,-0.6582971754441813,0.846609941710858,,
2023-06-30,373220,108927000000000.0,267.2897288450296,5.375456484019666,0.020110972865464177,,2068.9160125588696,0.0030147075887975434,0.8329876663716366,,
2023-09-30,373220,108927000000000.0,254.74557586647808,4.342814959478455,0.01704765605725255,,1870.493720565149,-0.06268260270973218,0.8310593179834932,,
2023-12-31,373220,108927000000000.0,58.67700792347269,3.943300032159071,0.06720349540150333,,7285.647566718995,3.1035201133526162,0.8642019907761332,,
2024-03-31,373220,108927000000000.0,418.7901746630405,3.325438289204704,0.007940583352702483,,943.193092621664,-0.8183840971840072,0.8451846124217413,,
2024-06-30,373220,108927000000000.0,-3092.033797512265,2.6565345680985093,-0.0008591544407554204,,-105.59392987964416,0.0054092914108897884,0.8638370134083464,,
2024-09-30,373220,108927000000000.0,166.02207515882836,3.270076085018234,0.019696634208974016,,2496.6559392987965,0.11619483448682591,0.9870834782285252,,
2024-12-31,373220,108927000000000.0,231.06357385749084,2.5265522288133395,0.010934446250587287,,1506.0790162218734,2.724944724676036,0.9474821906985226,,
2025-03-31,373220,108927000000000.0,331.9171771933783,2.4049299616695294,0.007245572470834774,,1007.7815279958137,-0.7554607149179037,0.9922575062251073,,
2025-06-30,373220,108927000000000.0,736.9636138766527,2.3594409078648817,0.003201570421439812,,403.0049712192569,-0.1116660109066328,1.2255164226198751,,
2025-09-30,373220,108927000000000.0,145.73169072440055,2.627218212116512,0.018027775558337254,,2384.5190999476713,0.024160852178312892,1.253417400359899,,
2025-12-31,373220,108927000000000.0,1025.3019143872789,2.825468455085422,0.0027557428845472543,,359.4063317634746,3.1530327079217377,1.290044846004028,,
2026-03-31,373220,108927000000000.0,,,,,,,,,
2021-06-30,402340,104247124940000.0,,,,,,,,,
2021-09-30,402340,104247124940000.0,,,,,,,,,
2021-12-31,402340,104247124940000.0,,,,,,,,,
2022-03-31,402340,104247124940000.0,,,,,,,,,
2022-06-30,402340,104247124940000.0,,,,,,,,,
2022-09-30,402340,104247124940000.0,,,,,,,,,
2022-12-31,402340,104247124940000.0,,,,,,,,,
2023-03-31,402340,104247124940000.0,,,,,,,,,
2023-06-30,402340,104247124940000.0,,,,,,,,,
2023-09-30,402340,104247124940000.0,13.737922764050692,0.37007839032904083,0.026938453264379936,,3089.986799975531,,0.11203453867706106,,
2023-12-31,402340,104247124940000.0,-5.7922381285858995,0.4815112978136155,-0.08313043889498554,,-9081.118357411458,55.27399021110397,0.13615456550895497,,
2024-03-31,402340,104247124940000.0,34.31965497605486,0.7054429483339217,0.020555071105059643,,2301.8879430786533,-0.7811217882827559,0.12730458589905533,,
2024-06-30,402340,104247124940000.0,19.86614914159099,0.8558025666083146,0.04307843258946647,,5033.688174153687,-0.0596293635279904,0.12342722546820464,,
2024-09-30,402340,104247124940000.0,10.360550935592137,0.6499458531076368,0.06273275013540487,,7798.813065280493,-0.023612468681039597,0.11819305421456255,,
2024-12-31,402340,104247124940000.0,3.145217184630875,0.5862353445537293,0.18638946379231688,,25212.885261946292,3.1674375193988222,0.1192538427191867,,
2025-03-31,402340,104247124940000.0,8.387714819699841,0.6406595232257591,0.07638069927235384,,11135.333282986172,-0.7887308947656338,0.10853133419862111,,
2025-06-30,402340,104247124940000.0,18.309645442987446,1.1858394575451034,0.06476583401014341,,9994.732042727162,0.00939901888741038,0.09838636574901112,,
2025-09-30,402340,104247124940000.0,11.752601294247807,1.1732768965576033,0.09983125158273275,,17145.140463381682,0.0031849953516284056,0.09604246535562137,,
2025-12-31,402340,104247124940000.0,6.041921606113175,1.9040686665128679,0.3151428950329882,,60907.77470989695,2.4605517677603466,0.09010357406702023,,
2026-03-31,402340,104247124940000.0,,,,,,,,,
2025-01-31,A,,135.10615718257318,7.1285478652826075,0.05276256844201095,,1.11,,0.5579890492782479,,
2025-04-30,A,,142.29865519205728,4.986018720060677,0.03503911342894394,,0.75,-0.007733491969066032,0.5695893089960886,,
2025-07-31,A,,96.70771582651946,5.101066329310917,0.05274725274725275,,1.18,0.04196642685851319,0.5351648351648352,,
2025-10-31,A,,95.27206919551675,6.133819615910736,0.06438213914849429,,1.53,0.07077100115074798,0.4975522919448153,,
2026-01-31,A,,124.8086804541472,5.51051643580123,0.044151708164447016,,1.07,-0.0338527673293928,0.4855240301100174,,
2026-04-27,A,32654698591.78383,25.507727,4.728679,0.19945998,0.88,4.53,0.07,51.39,,
2024-12-31,AAPL,,103.77477645874023,56.47469410027311,0.5442044399173133,,2.4,,1.4499985020521886,,
2025-03-31,AAPL,,134.0400372129498,49.72621297887443,0.3709802982214504,,1.65,-0.23283185840707965,1.4699383196598599,,
2025-06-30,AAPL,,130.2850613928145,46.378552767419336,0.355977517849005,,1.57,-0.013873887100326136,1.5448579674920249,,
2025-09-30,AAPL,,137.37599965688347,51.17341226555221,0.3725062048200941,,1.85,0.08964651835467267,1.3380304612588665,,
2025-12-31,AAPL,,95.6358573806118,45.65123810127696,0.4773443701099898,,2.84,0.4029629340464154,1.0262954983558226,,
2026-04-27,AAPL,3979469772557.373,34.35488,45.19173,1.5202099,0.38,7.89,0.157,102.63,,
2024-12-31,ABBV,,-8446.234130859375,55.88485740718985,-0.006616541353383459,,-0.02,,20.193684210526317,,
2025-03-31,ABBV,,279.23831939697266,252.88766108768087,0.9056338028169014,,0.72,-0.11647463912064628,49.21760563380282,,
2025-06-30,ABBV,,345.69928095890924,-1771.944948303043,-5.1256830601092895,,0.52,0.1558869819380949,-385.14207650273227,,
2025-09-30,ABBV,,2261.7156982421875,-159.22752455452192,-0.07040121120363362,,0.1,0.02288789470271672,-26.019303557910675,,
2025-12-31,ABBV,,220.39344638001685,-122.39587113948336,-0.5553516819571865,,1.02,0.053372210953346856,-20.64097859327217,,
2026-04-27,ABBV,351470783808.9057,84.19916,-107.41081,62.25,3.48,2.36,0.1,,,
2024-09-30,AEE,,49.279327392578125,,,,1.7,,,,
2024-12-31,AEE,,111.70870297914975,1.9088411356021129,0.017087667161961365,,0.77,,1.5454845633151726,,
2025-03-31,AEE,,91.19541489075279,2.1569256815964937,0.023651689990997628,,1.07,0.080370942812983,1.6059415664129635,,
2025-06-30,AEE,,93.10652477906483,2.07928328035105,0.022332304693844406,,1.01,0.05913209346685742,1.622624654864382,,
2025-09-30,AEE,,43.801961046584104,2.193525435822678,0.050078247261345854,,2.35,0.21521837010355696,1.5730829420970267,,
2025-12-31,AEE,,,,0.01880456682337139,,,-0.33975546498703224,1.4797403178867248,,
2026-04-27,AEE,30741706455.13076,20.808989,2.2918901,0.11337,2.7,5.34,-0.088,147.125,,
2024-09-30,AES,,26.031214754346394,,,,0.71,,,,
2024-12-31,AES,,15.16888292529915,2.331112633964743,0.15367727771679474,,0.79,,7.963227222832053,,
2025-03-31,AES,,167.82687050955633,2.2260772904958452,0.0132641291810842,,0.07,-0.012153950033760972,8.816608996539792,,
2025-06-30,AES,,-67.52647399902344,1.904130314605885,-0.028198278420896408,,-0.15,-0.024265208475734792,8.985158800831107,,
2025-09-30,AES,,14.430033223012858,2.385715712679228,0.16532988357050452,,0.89,0.17373029772329246,7.981630012936611,,
2025-12-31,AES,,,,0.07875953728771844,,,-0.07460459564309162,7.358355894659119,,
2026-04-27,AES,10332407654.060858,11.061069,2.5398772,0.01954,4.86,1.31,0.047,259.393,,
2024-12-31,AMZN,,117.95161257507979,8.250879665530986,0.06995139350281498,,1.86,,0.45774032241144175,,
2025-03-31,AMZN,,119.66037390367043,6.700373769802442,0.055994925899165326,,1.59,-0.17106692510863084,0.435630519147211,,
2025-06-30,AMZN,,130.5892853509812,7.106655019444904,0.054419893640925775,,1.68,0.0773124682816525,0.4012852969814995,,
2025-09-30,AMZN,,112.60000375600961,6.454156387258037,0.05731932657163495,,1.95,0.07434019868576404,0.3663626697977172,,
2025-12-31,AMZN,,118.36923452524039,6.102394555748833,0.0515538905039349,,1.95,0.18436578989726313,0.37217228418863196,,
2026-04-27,AMZN,2839014827396.0195,36.76741,6.8916097,0.22286,,7.18,0.136,43.435,,
2026-04-27,AOS,8899878652.49302,16.722078,4.8005366,0.29197,2.21,3.85,0.0,10.974,,
2024-09-30,APA,,,,,,,,,,
2024-12-31,APA,,22.478413581848145,1.507075456055728,0.06704545454545455,,0.96,,1.1670454545454545,,
2025-03-31,APA,,20.681403080622356,1.3201705056982997,0.06383370125091979,,0.96,-0.028023598820058997,1.0101177336276674,,
2025-06-30,APA,,10.51423306950552,1.0736803625591582,0.10211685012701101,,1.67,-0.17374810318664644,0.7898391193903471,,
2025-09-30,APA,,41.45062095240543,1.4245393621530784,0.03436714165968147,,0.57,-0.028925619834710745,0.7696563285834032,,
2025-12-31,APA,,30.46644186671776,1.3950660234390702,0.04579025110782865,,0.79,-0.05862884160756501,0.7533234859675036,,
2026-04-27,APA,13333797458.446129,9.4561405,2.185726,0.2532,2.65,3.99,-0.28,68.685,,
2024-09-30,ARE,,112.8543217976888,,,,0.96,,,,
2024-12-31,ARE,,,,-0.0034795043803910798,,,,0.7128107251355327,,
2025-03-31,ARE,,-1239.3282209123884,0.6343303112130374,-0.0005118339924076336,,-0.07,-0.02630072230687495,0.7708284055211652,,
2025-06-30,ARE,,-108.3717942237854,0.6751580822931089,-0.006230016648971615,,-0.64,-0.007933528442156963,0.7951867325250571,,
2025-09-30,ARE,,-58.58669004578522,0.8195227453000548,-0.01398820695723895,,-1.38,-0.0019395642626468406,0.8387086790058862,,
2025-12-31,ARE,,-7.58720938614973,0.5301091039183785,-0.0698687853383986,,-6.35,-0.009481564831915243,0.8248894801380989,,
2026-04-27,ARE,8206223950.970963,-5.664692105840168,0.5225271,-0.05856,8.61,-8.44,-0.052,66.615,,
2024-09-30,AVB,,,,,,,,,,
2024-12-31,AVB,,106.04909261067709,2.505265065601297,0.023623635091330007,,1.98,,0.6909360550944587,,
2025-03-31,AVB,,124.43538803652109,2.4706562862997448,0.019854932951827345,,1.66,0.0071987133869602146,0.7112673473766946,,
2025-06-30,AVB,,105.0807222406915,2.36292067471585,0.02248671901306015,,1.88,0.01919209524320266,0.7390041563582136,,
2025-09-30,AVB,,70.60992112800255,2.2553340835174436,0.031940753473282395,,2.68,0.008683298364235491,0.7449761537085832,,
2025-12-31,AVB,,153.2584687583467,2.1743164297978295,0.014187251428345048,,1.17,0.0013823754949165098,0.8176275950923838,,
2026-04-27,AVB,23979995540.934082,23.294596,2.077143,0.088879995,4.13,7.4,0.037,80.256,,
2026-04-27,AVY,12729768630.5,18.828215,5.6746097,0.30212998,2.27,8.79,0.039,176.335,,
2024-12-31,BALL,,-492.05460981889206,2.686070882668807,-0.005458887751620608,,-0.11,,0.9677584442169908,,
2025-03-31,BALL,,81.45480080256387,2.650501607645688,0.03253953826576986,,0.63,0.07534722222222222,1.2210507180512633,,
2025-06-30,BALL,,73.00718709042198,2.9730164547002422,0.040722243565117174,,0.76,0.0778172424927349,1.3497887053399924,,
2025-09-30,BALL,,42.429487584000924,2.5008934106618246,0.05894234300403966,,1.18,0.012282804074295986,1.3235402130003673,,
2025-12-31,BALL,,70.41624959309895,2.5979062753403044,0.036893562073418186,,0.75,-0.009470257472625037,1.2934882862940418,,
2026-04-27,BALL,16320505435.336533,18.581818,3.0017624,0.16122,1.3,3.3,0.162,136.027,,
2024-09-30,BDX,,126.53892780172414,,,,1.45,,,,
2024-12-31,BDX,,166.80011749267578,2.0052545469084575,0.012021901285510237,,1.04,,0.7442469449293763,,
2025-03-31,BDX,,164.43347396137557,2.0064779517492837,0.01220236916128521,,1.07,0.020123839009287926,0.7634404342141754,,
2025-06-30,BDX,,66.552734375,1.4996768944078043,0.022533663094256664,,2.0,0.044954476479514414,0.7592745259686727,,
2025-09-30,BDX,,,,0.019417093343836157,,,0.06934107823561445,0.7554549035053171,,
2025-12-31,BDX,,113.13623456812616,1.709439190136231,0.015109564116762914,,1.34,-0.1084705482940078,0.7728423384225932,,
2026-04-27,BDX,43278755957.375336,24.859478,1.7135005,0.0696,2.76,6.12,0.016,77.284,,
2026-04-27,BLDR,9680684193.313263,23.146528,2.2877762,0.10064,,3.89,-0.121,117.187,,
2024-09-30,BRK-B,,37.78402438070437,1.576724372076625,0.04172992151894307,,12.181339,,0.1979226444157954,,
2024-12-31,BRK-B,,,,0.030327949637185693,,,-0.106079694121171,0.19212834633058604,,
2025-03-31,BRK-B,,249.64680499623768,1.755806205924605,0.0070331611331900116,,2.133334,-0.179150076871526,0.19241035890054717,,
2025-06-30,BRK-B,,84.71742847251245,1.5688201305784661,0.018518269013411897,,5.734003,0.18716532596950414,0.19015283185800963,,
2026-04-27,BRK-B,1012262722903.7952,15.129594,0.00094115664,0.09809,,31.02,-0.007,18.809,,
2026-04-27,BXP,9160363213.623909,33.17816,1.7782774,0.04916,5.34,1.74,-0.319,225.995,,
2024-08-31,CAG,,,,,,,,,,
2024-11-30,CAG,,,,,,,,,,
2025-02-28,CAG,,79.17767842610678,1.3086399676080798,0.01652789010263011,,0.3,,0.9277830301511545,,
2025-05-31,CAG,,40.75067987981832,1.1678634734440303,0.02865874819483471,,0.53,-0.02083773319253784,0.9031535817837831,,
2025-08-31,CAG,,54.06496384564568,0.9975197461370504,0.018450391439915656,,0.34,-0.05363433747932993,0.9286659637946119,,
2025-11-30,CAG,,-12.593269348144531,1.032888408986591,-0.08201908340337173,,-1.39,0.13161893185444049,0.9422924803480497,,
2026-02-28,CAG,,45.833333333333336,1.1216790583162872,0.02447299763599172,,0.42,-0.06421402436977611,0.8981271664972257,,
2026-04-27,CAG,6779454537.021858,-146.70000076293942,0.8304032,-0.00511,9.88,-0.1,-0.019,89.813,,
2024-12-31,CARR,,23.862297653306463,4.323039650137404,0.18116611036148,,2.82,,0.9086002414601235,,
2025-03-31,CARR,,132.98005449010972,3.9532276823670687,0.029727974601342088,,0.47,0.013597513597513598,0.8385164874810592,,
2025-06-30,CARR,,106.4486447502585,4.277923911832094,0.040187678498572015,,0.68,0.17152165580682255,0.8083095335237318,,
2025-09-30,CARR,,118.43462371826172,3.4936948756920545,0.029498931697567028,,0.5,-0.08735481760183215,0.8505065821214418,,
2025-12-31,CARR,,876.9051869710287,3.3668483707233063,0.0038394668212112433,,0.06,-0.1329987452948557,0.8874963778614894,,
2026-04-27,CARR,50936370845.06607,36.076923,3.693137,0.10925,1.57,1.69,-0.06,87.719,,
2025-01-31,CASY,,180.04287916191657,4.588745859723083,0.025486961112171073,,2.33,,0.9129820010792096,,
2025-04-30,CASY,,175.15068489335792,4.907425998971501,0.028018308931874472,,2.63,0.02283129587233226,0.8430257048967272,,
2025-07-31,CASY,,89.86221921712523,5.315569852512088,0.05915244358331058,,5.77,0.14384743578248418,0.7940325950276295,,
2025-10-31,CASY,,92.71455457801197,5.021711438637195,0.054163140420545534,,5.53,-0.013361196346220123,0.7658751950372854,,
2026-01-31,CASY,,173.78223495702005,5.865956828056803,0.033754640280161986,,3.49,-0.13092343595902783,0.7514551114121373,,
2026-04-27,CASY,29636865827.67279,45.882385,7.677162,0.17882,0.29,17.43,0.003,75.146,,
2026-04-27,CAT,386556052328.6814,44.238018,18.132788,0.43526,0.73,18.78,0.18,206.67,,
2024-08-31,CCL,,,,,,,,,,
2024-11-30,CCL,,,,,,,,,,
2025-02-28,CCL,,-396.9982147216797,3.3720854566362863,-0.008493956223456387,,-0.06,,3.091691168463465,,
2025-05-31,CCL,,55.031331380208336,3.1067847951456544,0.05645483613109512,,0.42,0.0891566265060241,2.862509992006395,,
2025-08-31,CCL,,23.86711665562221,3.7057260266777607,0.15526492287055668,,1.33,0.2884007585335019,2.335680751173709,,
2025-11-30,CCL,,82.77864763813633,2.843747094048643,0.034353630739172906,,0.31,-0.2235986753342328,2.278817974601107,,
2026-02-28,CCL,,166.05262756347656,3.2876661738452113,0.019798940986877445,,0.19,-0.026066350710900472,2.041823344332745,,
2026-04-27,CCL,37634242412.76776,11.969163,2.8876607,0.27853,0.55,2.27,0.061,203.901,,
2024-09-30,CEG,,,,,,,,,,
2024-12-31,CEG,,81.98004578312384,5.305103980496849,0.06471213732340877,,2.71,,0.6389184262494304,,
2025-03-31,CEG,,527.9292457982114,4.80824722168794,0.009107749305341155,,0.38,0.26124117428465254,0.6451065143562829,,
2025-06-30,CEG,,120.43855931428489,7.515093802222595,0.06239773910456641,,2.67,-0.1012080141426046,0.6181020377807527,,
2025-09-30,CEG,,110.52288222393202,7.16280700127225,0.06480836236933799,,2.97,0.07687264382888051,0.6297560975609756,,
2025-12-31,CEG,,255.6501526763474,7.6076920821231715,0.029758214507129573,,1.38,-0.07549467275494673,0.6194117241854378,,
2026-04-27,CEG,113590248069.90576,42.36622,6.745632,0.16364,0.54,7.4,0.129,63.94,,
2024-07-31,CIEN,,,,,,,,,,
2024-10-31,CIEN,,,,,,,,,,
2025-01-31,CIEN,,281.0967722246724,4.485265097073508,0.01595630238503261,,0.31,,0.5650604518756674,,
2025-04-30,CIEN,,1119.3333943684897,3.6159692945707285,0.0032304667338284867,,0.06,0.05000466304814131,0.5721945742998344,,
2025-07-31,CIEN,,265.2571323939732,4.7876263871307785,0.0180490015251313,,0.35,0.08305251545904618,0.5694537475500493,,
2025-10-31,CIEN,,1460.9230628380408,10.431865181090908,0.007140598602657143,,0.13,0.10874252184502843,0.5955887229177346,,
2026-01-31,CIEN,,244.4757257850424,13.157534061948192,0.053819388488152306,,1.03,0.055516929194428334,0.5689331382294104,,
2026-04-27,CIEN,73640299055.54498,333.84616,26.381643,0.08201,,1.56,0.331,56.931,,
2026-04-27,COP,148407548875.911,19.144653,2.3132896,0.12357,2.76,6.36,-0.068,37.828,,
2024-08-31,COST,,,,,,,,,,
2026-04-27,COST,448599276652.36084,52.63665,27.124578,0.29650998,0.58,19.21,0.215,60.257,,
2026-04-27,CPB,6147780832.77449,11.206522,1.5342263,0.13891,7.57,1.84,-0.045,185.001,,
2026-04-27,CPER,713575872.0,,,,0.0,,,,,
2026-04-27,CRL,8378264958.579712,-63.137933139143314,2.6407464,-0.04232,,-2.9,-0.008,81.947,,
2024-09-30,CTRA,,,,,,,,,,
2024-12-31,CTRA,,61.2361478805542,1.386003347090733,0.02263374485596708,,0.4,,0.2897424173144338,,
2025-03-31,CTRA,,41.09215455896714,1.4906883965429587,0.03627671541057368,,0.68,0.3648745519713262,0.31791338582677164,,
2025-06-30,CTRA,,36.95120455613777,1.2972015339507008,0.03510579829623523,,0.67,0.03203781512605042,0.30152514427040394,,
2025-09-30,CTRA,,55.43148858206613,1.2127285856383538,0.02187797255061829,,0.42,-0.07531806615776081,0.27972550618290526,,
2025-12-31,CTRA,,51.23448839374617,1.2706760836297741,0.024801186143685133,,0.51,0.07815079801871216,0.2707238172260412,,
2026-04-27,CTRA,25461092388.125885,14.968749,1.7173734,0.12275,2.62,2.24,0.234,26.984,,
2024-12-31,CVX,,74.50116198995839,1.5842465347856145,0.021264722488478053,,1.84,,0.16111687390853346,,
2025-03-31,CVX,,80.04290771484375,1.8771285746961563,0.02345152903969339,,2.0,-0.0461993627674101,0.1988756666934684,,
2025-06-30,CVX,,95.65011912378772,1.6266471558509694,0.01700622195510084,,1.45,-0.03743953493416629,0.20125395275138816,,
2025-09-30,CVX,,83.56429718352936,1.5577822081009591,0.018641719736835174,,1.82,0.08549859154929577,0.2188334571198306,,
2025-12-31,CVX,,108.58526435687388,1.6132002267017467,0.014856529900777689,,1.39,-0.0494508916523075,0.21860016090104586,,
2026-04-27,CVX,368919590306.554,27.935144,1.9670757,0.07231,3.84,6.63,-0.082,24.323,,
2026-04-27,DOW,27863863883.103584,-9.577500343322754,1.7321564,-0.15262,3.62,-4.0,-0.061,117.133,,
2026-04-27,EA,50718919555.481766,75.62313,8.240963,0.10027,0.37,2.68,0.01,36.443,,
2024-12-31,EBAY,,43.43856539045062,5.718260158998832,0.1316401706087631,,1.4,,1.5244280728964714,,
2025-03-31,EBAY,,63.008923800486436,6.402724984170642,0.10161616161616162,,1.06,0.0023264831329972858,1.4501010101010101,,
2025-06-30,EBAY,,93.31634135185918,7.231083094858745,0.07748999789429353,,0.79,0.05609284332688588,1.5081069698883975,,
2025-09-30,EBAY,,66.9098409016927,8.96101280988976,0.13392667938122482,,1.35,0.03296703296703297,1.5115490570036025,,
2025-12-31,EBAY,,75.4867752738621,8.636406791895816,0.11440953412784399,,1.15,0.051418439716312055,1.5557963163596966,,
2026-04-27,EBAY,43877121093.75,22.99061,9.529092,0.40847,1.27,4.26,0.15,155.623,,
2024-09-30,EL,,,,,,,,,,
2024-12-31,EL,,-44.78662072158441,6.338236081970449,-0.1415207483809067,,-1.64,,2.2506596306068603,,
2025-03-31,EL,,147.64747619628906,5.402980141590325,0.03659378596087457,,0.44,-0.11338661338661339,2.1592635212888376,,
2025-06-30,EL,,-52.9405505451935,7.478794462529276,-0.14126778783958602,,-1.51,-0.03915492957746479,2.449417852522639,,
2025-09-30,EL,,673.2019864595853,8.133802921234064,0.012082262210796915,,0.13,0.020521841102316037,2.422107969151671,,
2025-12-31,EL,,237.2555819424716,9.53495516613257,0.04018853882411312,,0.44,0.21488078138465957,2.329446787397668,,
2026-04-27,EL,28149598375.869667,-148.74509923598345,6.981877,-0.04341,1.8,-0.51,0.056,232.945,,
2024-09-30,EPAM,,,,,,,,,,
2024-12-31,EPAM,,129.9000040690104,3.6973712799626988,0.028463211425293265,,1.8,,0.04498333108766616,,
2025-03-31,EPAM,,131.90624713897705,2.660913737769513,0.020172765092512725,,1.28,0.042729168318846225,0.043414188743639906,,
2025-06-30,EPAM,,113.34615854116586,2.720285554680124,0.02399980369596868,,1.56,0.03975671664264665,0.04435680438848568,,
2025-09-30,EPAM,,78.94764046394388,2.2630919207743716,0.028665732217898855,,1.91,0.03024139176899212,0.04165489212913427,,
2025-12-31,EPAM,,103.47474994081439,3.0771504947011192,0.029738177637164537,,1.98,0.009448691275576909,0.03907945826555126,,
2026-04-27,EPAM,6277009714.181229,17.705359,1.7560847,0.10335,,6.72,0.128,3.907,,
2026-04-27,EQIX,109349778409.23999,80.646545,7.694427,0.09722,1.73,13.75,0.081,160.291,,
2026-04-27,EQR,23327247376.060925,21.17687,2.1336532,0.100200005,4.51,2.94,0.02,74.323,,
2026-04-27,EXE,23184008781.309814,12.739762,1.2419673,0.100659996,3.31,7.57,0.383,27.495,,
2025-03-31,FAST,,146.0664308988131,11.822898655793695,0.08094192884047367,,0.26,,0.13435222068666505,,
2025-06-30,FAST,,142.61229942584862,12.371918500908178,0.08675211430372433,,0.29,0.061702562008778196,0.1431948311183485,,
2025-09-30,FAST,,167.303308947333,14.412700000469949,0.0861471305687508,,0.29,0.025477094649810125,0.13282834766979074,,
2025-12-31,FAST,,153.49693298339847,11.443376178395159,0.07455117151840958,,0.26,-0.04964140064688511,0.11205497514960949,,
2026-03-31,FAST,,154.6666717529297,13.173514240292144,0.08517358064920416,,0.3,0.08597218111867416,0.11166812883820028,,
2026-04-27,FAST,51305685299.50377,39.54867,12.860432,0.33842,2.06,1.13,0.124,11.167,,
2024-09-30,FCX,,,,,,,,,,
2024-12-31,FCX,,,,0.01558500654115238,,,,0.5538934076559923,,
2025-03-31,FCX,,155.24366696675622,3.089426208293656,0.01990049751243781,,0.24,0.0013986013986013986,0.531659882406151,,
2025-06-30,FCX,,80.85227102603552,3.428051034276111,0.042398945518453426,,0.53,0.3236731843575419,0.508073374340949,,
2025-09-30,FCX,,84.55879377282184,3.050180733362693,0.03607171527963607,,0.46,-0.08045370614613559,0.4976184104896976,,
2025-12-31,FCX,,180.54444449288502,3.8785673561623004,0.021482618127943276,,0.28,-0.19205393000573723,0.5551616487644849,,
2026-04-27,FCX,87637371951.09918,32.301586,4.381998,0.15630999,0.98,1.89,0.088,33.008,,
2024-08-31,FDS,,,,,,,,,,
2025-02-28,FDS,,121.04541697400683,8.524718840310342,0.07042578772016567,,3.76,,0.8085600926046117,,
2025-05-31,FDS,,116.99492383064842,8.063662361532426,0.068923181429689,,3.87,0.026040023832054112,0.7519105115020448,,
2025-08-31,FDS,,91.7942397351892,6.449405455950373,0.0702593700275291,,4.03,0.01943742314523842,0.712815465330658,,
2025-11-30,FDS,,67.94250187615457,4.781928800740106,0.07038199460856762,,4.06,0.01795942710767782,0.7196113814207771,,
2026-02-28,FDS,,60.39275698010967,3.7741643806175866,0.06249365932839606,,3.59,0.005592301780221552,0.7297206534930994,,
2026-04-27,FDS,8164944005.353638,14.431423,3.8569558,0.28084,1.96,15.53,0.071,72.972,,
2024-09-30,FITB,,,,,,,,,,
2024-12-31,FITB,,,,0.03156019343344362,,,,0.9414609315347416,,
2025-03-31,FITB,,53.29911675251706,1.3453435831763114,0.02524138607067588,,0.71,-0.029398040130657957,0.9656913199039356,,
2025-06-30,FITB,,45.5257155678489,1.353443920498443,0.029729217951145616,,0.88,0.06875,0.8312819541753456,,
2025-09-30,FITB,,48.10944441910628,1.4792736735680094,0.03074809304969915,,0.91,0.025191183085919926,0.8738807030842848,,
2025-12-31,FITB,,44.60666729853704,1.5009884825644715,0.03364941999631744,,1.04,-0.030715225976305396,0.6425612226109372,,
2026-04-27,FITB,44983170041.78238,16.713804,1.6448523,0.07969,3.22,2.97,0.33,,,
2024-12-31,FRT,,139.73067220052084,2.8873585534609836,0.02066374195436112,,0.75,,1.4381575952029169,,
2025-03-31,FRT,,128.44362258911133,2.5660708921361577,0.01997818840990626,,0.72,-0.007352846739702804,1.4412614380047377,,
2025-06-30,FRT,,51.02542491441361,2.4486331611554446,0.047988491330794525,,1.78,0.0076628476422753704,1.4077950673878257,,
2025-09-30,FRT,,142.03339728756225,2.723925625041118,0.019178064293753606,,0.69,0.0344436847359585,1.496061355869143,,
2025-12-31,FRT,,66.62810042097762,2.660914757491254,0.03993682456319098,,1.48,0.04279867060973831,1.5477757315087028,,
2026-04-27,FRT,9592547250.610771,23.777302,3.1010697,0.12235,4.04,4.67,0.075,143.64,,
2024-09-30,GE,,,,,,,,,,
2024-12-31,GE,,,,,,,,,,
2025-03-31,GE,,108.79572467074367,11.178533239765777,0.1027479091995221,,1.83,,1.0166225131162017,,
2025-06-30,GE,,135.4681590246776,14.357430180404817,0.10598379932061668,,1.89,0.10952285081538152,0.9870394564933368,,
2025-09-30,GE,,148.5343102181312,17.031070972810387,0.1146608547735488,,2.02,0.1051533297042279,1.1076972145439081,,
2025-12-31,GE,,128.15914154052734,17.43601106465064,0.1360496867805322,,2.4,0.044002955422379114,1.09733897306848,,
2026-03-31,GE,,156.77899945506732,16.531384779445546,0.1054438721825331,,1.81,-0.025556341904537233,1.1229440106329955,,
2026-04-27,GE,297358511390.93384,35.35404,15.980684,0.45428002,0.66,8.05,0.247,116.527,,
2024-12-31,GEV,,,,,,,,,,
2025-03-31,GEV,,334.4827505258413,9.870874710533716,0.029510863250842338,,0.91,,,,
2025-06-30,GEV,,283.866209624916,16.436547453780197,0.05790244451954489,,1.86,0.13433764940239043,,,
2025-09-30,GEV,,374.28075278677596,19.566840187326246,0.05227851029377747,,1.64,0.09417188014487982,,,
2025-12-31,GEV,,48.7449184471854,15.977937125647458,0.3277867239219896,,13.39,0.0990069214565152,0.10484881016281983,,
2026-03-31,GEV,,50.05160690447606,17.0589624164444,0.3408274673179141,,17.44,-0.14768163563344286,0.20155150122108892,,
2026-04-27,GEV,308810315308.7378,33.55299,22.18128,0.75708,0.13,34.25,0.163,24.925,,
2026-04-27,GLD,155110817792.0,,,,0.0,,,,,
2024-09-30,GOOG,,,,,,,,,,
2024-12-31,GOOG,,88.17113122274709,7.19724482941891,0.08162813303638444,,2.15,,0.06944051383642381,,
2025-03-31,GOOG,,55.40631385884675,5.542765687669446,0.10003852091280081,,2.81,-0.06463216162705118,0.06824863076981003,,
2025-06-30,GOOG,,76.6196312842431,5.952802091091377,0.07769290965402462,,2.31,0.06864374847618414,0.09798135105644282,,
2025-09-30,GOOG,,84.74559717477408,7.662365214857878,0.09041608614846963,,2.87,0.061372215539055044,0.08714364368116174,,
2025-12-31,GOOG,,111.19825214358933,9.226242947533189,0.08297111483028909,,2.82,0.11219783870400407,0.14277870757227312,,
2026-04-27,GOOG,4141045128601.074,31.637709,9.964778,0.35705003,0.25,10.82,0.18,16.133,,
2024-09-30,GOOGL,,,,,,,,,,
2024-12-31,GOOGL,,87.64133187227472,7.153998297555961,0.08162813303638444,,2.15,,0.06944051383642381,,
2025-03-31,GOOGL,,54.8418689877113,5.48629945762424,0.10003852091280081,,2.81,-0.06463216162705118,0.06824863076981003,,
2025-06-30,GOOGL,,76.11846263274485,5.9138648403290945,0.07769290965402462,,2.31,0.06864374847618414,0.09798135105644282,,
2025-09-30,GOOGL,,84.5889207793445,7.648199148391286,0.09041608614846963,,2.87,0.061372215539055044,0.08714364368116174,,
2025-12-31,GOOGL,,110.91482825313055,9.202726951372288,0.08297111483028909,,2.82,0.11219783870400407,0.14277870757227312,,
2026-04-27,GOOGL,4166206726165.7715,31.859388,10.025325,0.35705003,0.24,10.81,0.18,16.133,,
2025-01-31,HD,,132.21496177824918,59.67593982671879,0.45135542168674697,,3.02,,9.381024096385541,,
2025-04-30,HD,,101.91376174705614,43.98113690479494,0.4315524827152734,,3.45,0.0038283296393310496,7.704714016341923,,
2025-07-31,HD,,78.75045043412256,33.60462259031334,0.42672292545710266,,4.58,0.13601465274989963,5.749742147210502,,
2025-10-31,HD,,103.49335222613087,30.759290307551773,0.29721030042918456,,3.62,-0.08668860569384014,5.399224166391549,,
2026-01-31,HD,,144.22568387763445,28.939688851119815,0.20065558417232499,,2.58,-0.07627200619075257,5.100288769218762,,
2026-04-27,HD,334555744635.8689,23.587782,26.110853,1.45541,2.77,14.24,-0.038,514.392,,
2024-12-31,HSIC,,93.51350938951647,2.5907073040420125,0.02770409666961391,,0.74,,0.8458591217211907,,
2025-03-31,HSIC,,77.82954302701083,2.586480281864408,0.03323262839879154,,0.88,-0.007207771858351614,0.9740181268882175,,
2025-06-30,HSIC,,104.35714721679688,2.6051421366167,0.024963715529753266,,0.7,0.022727272727272728,0.9747460087082729,,
2025-09-30,HSIC,,79.01190803164528,2.3743536778328393,0.03005058018446891,,0.84,0.030555555555555555,1.0238024397500745,,
2025-12-31,HSIC,,88.91764921300552,2.7675447058593394,0.031124807395993836,,0.85,0.029350104821802937,1.058859784283513,,
2026-04-27,HSIC,8897563979.594978,23.712538,2.7664206,0.08701,,3.27,0.077,71.736,,
2026-04-27,HYG,16378809344.0,,,,5.88,,,,0.0588,3.8
2026-04-27,IEF,48925843456.0,,,,3.82,,,,0.0382,7.8
2026-04-27,IT,10163659461.074753,15.601037,33.34441,0.86861,,9.65,0.022,1046.535,,
2024-09-30,IVZ,,,,,,,,,,
2024-12-31,IVZ,,36.098260464875594,0.6656902131758526,0.01844106072157089,,0.46,,0.5183002630512572,,
2025-03-31,IVZ,,38.34997980218185,0.6008694883521998,0.015668052276731955,,0.38,-0.04005021971123666,0.06563845782280066,,
2025-06-30,IVZ,,-511.8475596110026,-7.504436184045234,0.014661467155862785,,-0.03,-0.00895893277530735,0.13579517195147445,,
2025-09-30,IVZ,,34.17735822273024,0.8435991844403556,0.024682983949277433,,0.66,0.08241504453975586,0.11599645855943337,,
2025-12-31,IVZ,,-9.908623931072512,0.8596223410400655,-0.08675496688741721,,-2.63,0.03145574250182882,0.7999754721609026,,
2026-04-27,IVZ,11334438226.485296,-15.606249570846554,1.1652126,-0.01219,3.29,-1.6,0.062,17.161,,
2024-12-31,JKHY,,128.61398725367303,6.369942564702066,0.049527603495708825,,1.34,,0.07592764601519059,,
2025-03-31,JKHY,,118.49190561394943,6.464937259821076,0.05456015941615503,,1.52,0.019585325730855557,0.08347938132939442,,
2025-06-30,JKHY,,101.87352643694196,6.100654330073672,0.059884589681401444,,1.75,0.05176153290023535,,,
2025-09-30,JKHY,,75.07438853307424,4.973768830434359,0.06625120667140899,,1.97,0.04772072827492964,0.00920245116489228,,
2025-12-31,JKHY,,105.70878317189774,5.981913585785825,0.056588614553043995,,1.72,-0.03940205168611126,0.009078290267437353,,
2026-04-27,JKHY,10939803211.195038,21.685797,4.9513545,0.24284,1.55,6.97,0.079,3.109,,
2024-09-30,JNJ,,,,,,,,,,
2024-12-31,JNJ,,,,,,,,,,
2025-03-31,JNJ,,35.538465861181855,5.004385999144008,0.14081603912481278,,4.54,,0.6689626035412053,,
2025-06-30,JNJ,,65.45130300730077,4.618198166903576,0.07055930065117938,,2.29,0.08450189558306308,0.6468594293578683,,
2025-09-30,JNJ,,86.45086468390699,5.618210260876279,0.06498732293098881,,2.12,0.01052941919723708,0.5776580849426693,,
2025-12-31,JNJ,,98.02650088355654,6.150097843131013,0.06273913470028451,,2.1,0.023798607927312133,0.5878176199352497,,
2026-03-31,JNJ,,114.2243002062646,7.3653611654693565,0.06448156086024684,,2.14,-0.020436411007979157,0.6772965782277732,,
2026-04-27,JNJ,547641860902.5,26.39211,6.7178497,0.26416,2.36,8.62,0.099,67.73,,
2024-09-30,JPM,,,,,,,,,,
2024-12-31,JPM,,,,0.04062269766038787,,,,1.3177678255471954,,
2025-03-31,JPM,,47.16910638752773,1.965446544967755,0.04166808946559672,,5.07,0.05926479867261807,1.3437026919355757,,
2025-06-30,JPM,,54.270870994975546,2.278797569235183,0.041989331062074836,,5.24,-0.009817548039799678,1.3590988557788213,,
2025-09-30,JPM,,61.32212381156003,2.450249653037055,0.039957025307319025,,5.07,0.034490441602424135,1.3785159850310373,,
2025-12-31,JPM,,68.92868272686623,2.477102545862831,0.035937180979919325,,4.63,-0.01365496446263192,1.379496631147948,,
2026-04-27,JPM,826036256729.126,14.750239,2.4013085,0.16465001,1.95,20.9,0.127,,,
2026-04-27,KMB,32478935696.621475,20.133743,21.62431,1.26603,5.23,4.86,-0.006,464.785,,
2026-04-27,LIN,236470032150.13306,34.97601,6.186879,0.17817,1.25,14.59,0.058,70.63,,
2024-09-30,LLY,,,,,,,,,,
2024-12-31,LLY,,156.76384597528175,48.43730437092191,0.30898262331838566,,4.88,,2.3573430493273544,,
2025-03-31,LLY,,267.92149761922997,46.894079746063454,0.17502917893027503,,3.06,-0.05943337668479546,2.4431581751750735,,
2025-06-30,LLY,,123.27294766618641,38.18696103324859,0.30977567873736517,,6.29,0.22227285226067486,2.1837694071548577,,
2025-09-30,LLY,,122.48173466435185,28.737261488055218,0.2346248733887271,,6.21,0.1313240389003516,1.786494517364132,,
2025-12-31,LLY,,145.18124550701964,36.31692305641395,0.2501488599962314,,7.39,0.09608654152083997,1.6017712455247786,,
2026-04-27,LLY,789692244612.6355,38.466496,29.808126,1.01159,0.7,22.98,0.426,165.31,,
2024-12-31,LNT,,97.94147754537649,2.09754734891583,0.02141633352370074,,0.58,,1.4857224443175328,,
2025-03-31,LNT,,75.1121704836926,2.2555889345871316,0.030029606654448048,,0.83,0.1557377049180328,1.4985196672775976,,
2025-06-30,LNT,,86.86796637142405,2.1154690201018593,0.024352694191742477,,0.68,-0.14804964539007093,1.5825052484254725,,
2025-09-30,LNT,,60.887362978873995,2.341501162866237,0.038456274804981525,,1.09,0.259105098855359,1.631449295196387,,
2025-12-31,LNT,,117.24663474343039,2.2701148259567923,0.019361876193073356,,0.55,-0.1206611570247934,1.6520316334878646,,
2026-04-27,LNT,18675971855.17218,23.028662,2.535236,0.11299,2.89,3.14,0.09,168.08,,
2026-04-27,LQD,28883736576.0,,,,4.52,,,,0.0452,8.5
2024-09-30,LYB,,48.49542236328125,,,,1.75,,,,
2024-12-31,LYB,,,,-0.0479858770662815,,,,1.0369924570694913,,
2025-03-31,LYB,,119.32005705656827,1.710296501343226,0.014333688262756982,,0.54,-0.1916394650942403,1.0372675894831682,,
2025-06-30,LYB,,,,0.00957259215719204,,,-0.0024749251009508924,1.111092451087413,,
2025-09-30,LYB,,-17.002447245353395,1.4309069669643577,-0.0841588829134824,,-2.77,0.00901018542700444,1.2469100858571562,,
2025-12-31,LYB,,,,-0.014084507042253521,,,-0.08230878736896596,1.4515969053759175,,
2026-04-27,LYB,22551890899.33232,-28.79838635844569,2.2321258,-0.06949,6.87,-2.48,-0.092,144.156,,
2024-09-30,LYV,,65.95783003841538,,,,1.66,,,,
2024-12-31,LYV,,,,1.160011081419576,,,,47.74095450269244,,
2025-03-31,LYV,,-408.0625057220459,-89.32755620801576,0.2189065521958583,,-0.32,-0.40472381601427626,78.25252134534648,,
2025-06-30,LYV,,368.9756067787729,249.43128119984414,0.6760102202349543,,0.41,1.0716731561918171,23.383353236870608,,
2025-09-30,LYV,,223.83560807737587,185.2450680742863,0.827594276288027,,0.73,0.21301248344249404,18.008786972033604,,
2025-12-31,LYV,,,,-0.7457371949802034,,,-0.25715981011261957,38.3915766013424,,
2026-04-27,LYV,36829950251.531204,-666.8260657269021,135.2677,0.36701,,-0.23,0.111,572.032,,
2024-12-31,META,,72.71449215097023,8.296372517298892,0.11409517239113652,,8.02,,0.2686202686202686,,
2025-03-31,META,,89.35731024616058,8.037999836442378,0.0899534667538602,,6.43,-0.1254727704867211,0.2676283177231677,,
2025-06-30,META,,103.13175318955707,9.694606850037976,0.09400215307325575,,7.14,0.1229380346930094,0.25406264417901264,,
2025-09-30,META,,698.2417805989583,9.746874690273298,0.013959168530293817,,1.05,0.07841569155652833,0.2631063658755269,,
2025-12-31,META,,74.27087044930673,7.783906401540282,0.10480429749174887,,8.88,0.16882635338199134,0.38618965858508675,,
2026-04-27,META,1713511957266.9902,28.73776,7.8615766,0.30238,0.31,23.49,0.238,39.164,,
2024-09-30,MGM,,,,,,,,,,
2024-12-31,MGM,,66.6346183189979,3.4696501255329455,0.05206978314069114,,0.52,,10.454985164451173,,
2025-03-31,MGM,,58.11764586205577,3.0255740802986857,0.05205947411359348,,0.51,-0.01598504749270803,11.028937349485412,,
2025-06-30,MGM,,191.05555216471356,3.1449507978138507,0.01646092333973374,,0.18,0.02987737901681567,10.497559663322987,,
2025-09-30,MGM,,-33.00952366420201,3.518758792693948,-0.10659829049608349,,-1.05,-0.03505347490391317,11.641184672088478,,
2025-12-31,MGM,,32.87387538600612,3.972219750648285,0.12083211072641575,,1.11,0.08347394543278099,12.912293300553063,,
2026-04-27,MGM,10115459875.478004,52.026318,4.2032533,0.1489,,0.76,0.06,963.089,,
2024-12-31,MOS,,44.58203225765588,0.6561662589305236,0.014718177384518916,,0.53,,0.3875322232285933,,
2025-03-31,MOS,,34.93774922688802,0.7067155519902504,0.02022785003695554,,0.75,-0.06924961823928406,0.4097732543815681,,
2025-06-30,MOS,,27.599384988001148,0.9115454293986386,0.033027744270205064,,1.29,0.14681979472700218,0.37205468435866507,,
2025-09-30,MOS,,26.416669150655583,0.8503303957200863,0.032189160218141416,,1.29,0.1485178161493163,0.3758792554398429,,
2025-12-31,MOS,,-14.56619704641947,0.6261648309555656,-0.042987529892675985,,-1.64,-0.13858231221575273,0.43686749580054446,,
2026-04-27,MOS,7628319456.0,14.117646,0.6303514,0.048249997,3.67,1.7,0.056,43.154,,
2025-03-31,MSCI,,150.39732077051045,-45.28064384903483,-0.3010734740290224,,3.71,,-4.86694242465339,,
2025-06-30,MSCI,,145.62505605269453,-49.89691841012572,-0.34263965118798295,,3.92,0.03604049342987396,-5.222734391926049,,
2025-09-30,MSCI,,132.56662166819854,-22.51351022749694,-0.16982789441407117,,4.25,0.026850736204814676,-2.932978248672347,,
2025-12-31,MSCI,,149.99416881971786,-16.085156013373414,-0.10723854227097727,,3.81,0.03667890893416651,-2.3769907403919324,,
2026-03-31,MSCI,,97.47016451457957,-14.26512627263592,-0.14635377239465053,,5.53,0.034372082166199816,-2.3602970332720523,,
2026-04-27,MSCI,43104916680.0376,33.90675,-15.575381,,1.38,17.48,0.141,,,
2024-12-31,MSFT,,129.24476836118905,10.2936384005403,0.07964452666875899,,3.23,,0.20556665950874642,,
2025-03-31,MSFT,,107.66994057363168,8.637919498754126,0.08022591498364354,,3.46,0.0062327665441176475,0.18815996719386377,,
2025-06-30,MSFT,,135.48964408979023,10.742401944506819,0.07928577875212167,,3.65,0.09098564210886878,0.17639506345366093,,
2025-09-30,MSFT,,138.65728891024025,10.596469596978144,0.07642201632716016,,3.72,0.016117005272039873,0.16678601725258624,,
2025-12-31,MSFT,,93.51137146469235,9.200538084526096,0.09838951071314359,,5.16,0.04634815186744429,0.14737959705788295,,
2026-04-27,MSFT,3155936163999.8135,26.58735,8.0699415,0.34390998,0.86,15.97,0.167,31.539,,
2024-09-30,MSI,,,,,,,,,,
2024-12-31,MSI,,128.09818567854634,45.95889104497464,0.35877862595419846,,3.56,,3.8467410452143276,,
2025-03-31,MSI,,171.17667820142665,44.854339809027095,0.2620353443022547,,2.53,-0.16041182331451345,3.976234003656307,,
2025-06-30,MSI,,137.1759615446392,35.75775826849589,0.2606707317073171,,3.04,0.09375,4.233739837398374,,
2025-09-30,MSI,,136.5080320799315,32.96842029605565,0.2415126772668672,,3.33,0.08824593128390597,4.269875376020628,,
2025-12-31,MSI,,99.04400919385526,26.672017413614963,0.2692946058091286,,3.86,0.12329677633765371,4.052282157676348,,
2026-04-27,MSI,72840396179.94214,34.373333,30.13339,1.04197,1.1,12.75,0.123,402.39,,
2026-04-27,NCLH,8432149919.176123,20.119566,3.8133497,0.23285,,0.92,0.064,703.028,,
2025-03-31,NEE,,172.10655212402344,2.878116877846935,0.016722878021360316,,0.4,,1.8003292379346343,,
2025-06-30,NEE,,69.3475139384367,2.7686036235830787,0.03992361753646869,,0.98,0.07251480710741155,1.834537472685395,,
2025-09-30,NEE,,63.113933498576536,2.8399581009861317,0.04499732378509071,,1.18,0.18895522388059702,1.718720584706816,,
2025-12-31,NEE,,109.22781539289919,3.0703321240129697,0.028109434515089363,,0.73,-0.184032136580467,1.751007178435394,,
2026-03-31,NEE,,89.30768966674803,3.5288359503973816,0.039513237477816814,,1.04,0.030923076923076925,1.8906051935822679,,
2026-04-27,NEE,198691331382.09717,24.182741,3.6344218,0.10325,2.62,3.94,0.073,156.686,,
2024-09-30,NEM,,,,,,,,,,
2024-12-31,NEM,,,,,,,,,,
2025-03-31,NEM,,28.369335901169556,1.7167951289398244,0.060515873015873016,,1.68,,0.255568356374808,,
2025-06-30,NEM,,31.233332865947,2.0046057248603875,0.06418161434977579,,1.85,0.06127744510978044,0.23688963627304435,,
2025-09-30,NEM,,50.23706401893479,2.7699482719162263,0.05513754288809968,,1.67,0.038931728418280985,0.1700776500331066,,
2025-12-31,NEM,,83.73809301552653,3.216796852782945,0.03841497623054891,,1.19,0.2342505430847212,0.16502790326866862,,
2026-03-31,NEM,,36.083333333333336,3.370092004046651,0.09339746893431827,,3.0,0.07172191258433558,0.15839202886102044,,
2026-04-27,NEM,128853615356.88751,15.654993,3.7081413,0.25832,0.86,7.71,0.458,15.762,,
2026-04-27,NRG,33939840003.503418,39.852863,29.507017,0.41548002,1.19,4.01,0.137,989.054,,
2025-01-31,NVDA,,134.865921534849,37.557490799177444,0.2784802148070644,,0.89,,0.12583357494926065,,
2025-04-30,NVDA,,143.28201695492396,32.08520530430325,0.2239304414202736,,0.76,0.12028679667437898,0.1226697517980034,,
2025-07-31,NVDA,,164.66707300256797,43.451412678130154,0.2638743246347285,,1.08,0.060846080522899554,0.10584134783433702,,
2025-10-31,NVDA,,155.74444110576923,41.799247379539395,0.2683835588786933,,1.3,0.2195622874013221,0.0881519298216103,,
2026-01-31,NVDA,,108.59071558172049,29.65839001984012,0.27312086361122234,,1.76,0.1950847279233765,0.07018748450344262,,
2026-04-27,NVDA,5062002453842.163,42.58896,32.178616,1.01485,0.02,4.89,0.732,7.255,,
2024-12-31,ODFL,,142.19127127794715,8.815173554927858,0.06199518068655898,,1.23,,0.014132584835088823,,
2025-03-31,ODFL,,138.06855017397584,8.301734881984162,0.06012763132171234,,1.19,-0.007916561134165903,0.014164205619215909,,
2025-06-30,ODFL,,127.12654654435285,8.071962714787304,0.06349549275273594,,1.27,0.023905014190556406,0.04018124010342665,,
2025-09-30,ODFL,,109.61359739303589,6.966481337675043,0.06355490106483493,,1.28,-0.000861674589621261,0.01993645143221189,,
2025-12-31,ODFL,,143.65259573000284,7.646375620216516,0.05322824541637933,,1.09,-0.07053979670262088,0.009277307166200772,,
2026-04-27,ODFL,45849466777.129684,45.450413,10.641962,0.2393,0.53,4.84,-0.057,3.28,,
2024-09-30,OKE,,,,,,,,,,
2024-12-31,OKE,,59.930730929040614,3.247010134274741,0.05417938483212022,,1.57,,1.8828950457853957,,
2025-03-31,OKE,,90.36692839402419,2.690196894710699,0.029769706047556636,,1.04,0.149,1.4997191537165324,,
2025-06-30,OKE,,58.42869886711462,2.250963616456408,0.03852496564360971,,1.34,-0.01939574785527788,1.487265231333028,,
2025-09-30,OKE,,47.56874238084627,2.022872564449737,0.04252524795072687,,1.49,0.09471281856219095,1.5274217653185997,,
2025-12-31,OKE,,46.77863336378528,2.0325872713550464,0.04345118968201023,,1.55,0.049918925179522816,1.459461863464532,,
2026-04-27,OKE,55127679600.0,16.143911,2.4504998,0.15489,4.89,5.42,0.295,146.453,,
2024-09-30,OXY,,,,,,,,,,
2024-12-31,OXY,,-150.36520957946777,0.5590439303431718,-0.0037179074328873795,,-0.32,,0.7880792763254194,,
2025-03-31,OXY,,62.74498283088982,1.691902049138997,0.02696473841899055,,0.77,0.00636094674556213,0.7486460013828071,,
2025-06-30,OXY,,159.03440622182993,2.0390167977604308,0.012821230614187336,,0.26,-0.05718065559312068,0.6767258272213202,,
2025-09-30,OXY,,71.93089998685396,1.646469953644102,0.022889605912688564,,0.65,0.03274087932647334,0.6308706323598356,,
2025-12-31,OXY,,-584.6526009695868,-1.6549526918715063,0.002830659932286174,,-0.07,-0.7355072463768116,0.6480268635177887,,
2026-04-27,OXY,56645627679.475266,42.31111,2.0298507,0.05929,1.82,1.35,1.489,63.804,,
2024-09-30,PCG,,72.33845746075664,,,,0.27,,,,
2024-12-31,PCG,,,,,,,,,,
2025-03-31,PCG,,60.78133583068847,1.2558372793435388,0.020661561023301286,,0.28,,1.9543099234153496,,
2025-06-30,PCG,,57.64125188191732,1.0147196589229979,0.017604053100750337,,0.24,-0.014206919605549055,1.9135188866799204,,
2025-09-30,PCG,,40.51380415220518,1.076888283487848,0.026580774282319093,,0.37,0.05968124788063751,1.8698167490149478,,
2025-12-31,PCG,,,,0.020590043023970498,,,0.08864,1.8849108789182545,,
2026-03-31,PCG,,45.051281268780045,1.1991092909133936,0.02661654135338346,,0.39,0.01131687242798354,1.8929624060150376,,
2026-04-27,PCG,36578954076.2113,12.87597,1.179185,0.08826999,1.2,1.29,0.15,187.872,,
2024-12-31,PG,,85.6229011048662,7.747694498818217,0.09048624140087555,,1.88,,0.6779041588492808,,
2025-03-31,PG,,106.90159983449168,7.70799146342591,0.07210361187633915,,1.54,-0.0962434877981903,0.6531412610958065,,
2025-06-30,PG,,104.63853784509607,7.272712341575449,0.06950319157117588,,1.48,0.056280339805825245,0.6818234253633777,,
2025-09-30,PG,,77.11536114032452,6.876252401286681,0.08916838746010888,,1.95,0.07166451242280626,0.6747888117139103,,
2025-12-31,PG,,79.3461574597305,6.46096517917415,0.08142757489489263,,1.78,-0.007951398195300635,0.6907675194660734,,
2026-04-27,PG,346257160176.0723,21.920116,6.587827,0.31116,2.87,6.76,0.074,67.651,,
2026-04-27,PLD,132469984749.4845,39.803925,2.4733262,0.06844,3.01,3.57,0.083,59.828,,
2024-09-30,PNW,,,,,,,,,,
2024-12-31,PNW,,-1344.045893351237,1.35851033716228,-0.0010107618674947009,,-0.06,,1.6357467105082961,,
2025-03-31,PNW,,-2288.8702392578125,1.5774283255452515,-0.0006891733303574025,,-0.04,-0.05762966858010896,1.800451227482404,,
2025-06-30,PNW,,54.951206641861155,1.5730574764335299,0.028626441029507694,,1.58,0.31626206068121054,2.0819035771604515,,
2025-09-30,PNW,,25.921880671408324,1.4942959717510567,0.0576461249356516,,3.39,0.34001078932048623,1.987524291958298,,
2025-12-31,PNW,,675.6712693434495,1.4769639671019328,0.002185920926513718,,0.13,-0.38038029571476667,2.0293361572580153,,
2026-04-27,PNW,12380924568.940979,20.257425,1.7552891,0.09059,3.56,5.05,0.03,201.771,,
2024-09-30,POOL,,,,,,,,,,
2024-12-31,POOL,,,,0.0292901650222032,,,,0.9987891304433181,,
2025-03-31,POOL,,220.03399486273108,9.511427995299018,0.043227084075043734,,1.42,0.08511269606746068,1.087501241229653,,
2025-06-30,POOL,,55.55866765330331,8.307725442181075,0.14953068158550648,,5.17,0.665409892060482,1.1957143231022893,,
2025-09-30,POOL,,90.21088544060203,8.303527956914815,0.09204574277659813,,3.4,-0.1868273438944708,1.0072520273355123,,
2025-12-31,POOL,,267.52243939568007,7.129844794238701,0.026651389731435864,,0.85,-0.3231424316619244,1.2951345267454644,,
2026-04-27,POOL,8534720921.201294,21.37408,7.1768045,0.34241,2.15,10.88,0.062,140.423,,
2024-09-30,PPG,,,,,,,,,,
2024-12-31,PPG,,-96.42478942871094,3.9792101753926397,-0.04126750184229919,,-1.2,,0.9425202652910832,,
2025-03-31,PPG,,65.3622913945672,3.519580581806491,0.05384726432799192,,1.63,0.7016166281755196,1.1349790674173523,,
2025-06-30,PPG,,56.323438702207625,3.345063668469504,0.05939025999736043,,1.98,0.13870792616720956,1.048963969908935,,
2025-09-30,PPG,,51.86922454833984,3.012404964153583,0.058076923076923075,,2.0,-0.026936829558998808,1.0146153846153847,,
2025-12-31,PPG,,76.59737723214285,2.893743000836526,0.037778617302606725,,1.33,-0.041156295933366,0.994333207404609,,
2026-04-27,PPG,24573092452.97928,15.867052,3.089303,0.21077,2.59,6.92,0.05,97.592,,
2024-09-30,PSKY,,,,,,0.0,,,,
2024-12-31,PSKY,,,,-0.013725490196078431,,,0.18615361759025406,0.9527573529411765,,
2025-03-31,PSKY,,53.50822535428134,0.49179164674390885,0.009190954166162777,,0.22,-0.09919839679358718,0.9388680614342726,,
2025-06-30,PSKY,,159.38297510147095,0.543838945272903,0.003412152050284346,,0.08,-0.04769187986651836,0.9282849446273571,,
2025-12-31,PSKY,,-25.63667113964374,,,,-0.52,,1.2663987000769692,,
2026-04-27,PSKY,12195800262.596905,365.6667,1.0545036,-0.00863,1.82,0.03,0.021,117.11,,
2026-04-27,PSX,65300017391.75351,15.078704,2.2454016,0.15427,3.12,10.8,0.013,71.38,,
2026-04-27,QQQ,372507312128.0,,,,0.49,,,,,
2024-09-30,RMD,,,,,,,,,,
2024-12-31,RMD,,96.64386194995328,6.340290106663971,0.06560468485776438,,2.34,,0.15985809276169144,,
2025-03-31,RMD,,89.45865015829762,5.888080057300306,0.0658190129951806,,2.48,0.007524438631015476,0.15141577023125843,,
2025-06-30,RMD,,99.3250055830608,6.319552999646289,0.0636249951615814,,2.58,0.04355146872116284,0.1427334325425584,,
2025-09-30,RMD,,114.95755352551423,6.545518356269004,0.056938566936502004,,2.37,-0.009207021104709001,0.13826425391879846,,
2025-12-31,RMD,,89.66915643037255,5.569396777009851,0.062110507098775344,,2.68,0.06530935577149138,0.13411441668160393,,
2026-04-27,RMD,32027397349.000397,21.745798,5.0663686,0.25676,1.09,10.11,0.11,13.411,,
2024-12-31,SBAC,,123.18436521921097,-4.185667484226149,-0.03397888584949563,,1.61,,-3.08344132551119,,
2025-03-31,SBAC,,121.58472093485169,-5.399163583378786,-0.0444065960086531,,1.77,-0.04245639325356782,-2.945485175839313,,
2025-06-30,SBAC,,110.4382236608478,-5.04896100712355,-0.04571751373535983,,2.09,0.05228920523659838,-2.9977808801361436,,
2025-09-30,SBAC,,86.81112116033381,-4.1666666603240445,-0.04799692256742676,,2.2,0.047706590021760246,-3.043489610726263,,
2025-12-31,SBAC,,55.36631823273143,-4.224067934708429,-0.07629309785333074,,3.47,-0.0174020621935283,-3.15629340278672,,
2026-04-27,SBAC,23277516593.76071,22.372068,-4.7780466,,2.28,9.81,0.037,,,
2026-04-27,SLV,35677335552.0,,,,0.0,,,,,
2026-04-27,SO,105391658274.77863,23.84949,2.9053109,0.11043,3.25,3.92,0.101,190.586,,
2026-04-27,SPY,651588272128.0,,,,1.14,,,,,
2024-09-30,SWK,,,,,,,,,,
2024-12-31,SWK,,59.271830320358276,1.3247949780889492,0.022351173751992567,,1.28,,0.7144118625213592,,
2025-03-31,SWK,,122.26868947347006,1.2501232275155734,0.010224393774882374,,0.6,0.006477623975272141,0.7622828447339848,,
2025-06-30,SWK,,97.74451184628614,1.0989921391522186,0.011243517599029019,,0.67,0.05357047481706991,0.7367538342712127,,
2025-09-30,SWK,,213.70887756347653,1.2236013396859517,0.005725552226170452,,0.34,-0.047957011051404236,0.7365911799761621,,
2025-12-31,SWK,,70.63914078932542,1.2341916896242,0.01747178229850021,,1.04,-0.01900958466453674,0.6622931990369536,,
2026-04-27,SWK,11901151823.780685,28.920753,1.3122613,0.04522,4.33,2.65,-0.01,70.024,,
2024-12-31,SWKS,,84.08934020996094,2.128278643587994,0.025309731748090054,,1.0,,0.18638586404611995,,
2025-03-31,SWKS,,144.0216951592024,1.6656213419250216,0.01156507247108732,,0.43,-0.10790828263921386,0.2036260794909348,,
2025-06-30,SWKS,,103.04819379534041,1.9142079342787692,0.018575851393188854,,0.7,0.012379353755770038,0.21367536488279523,,
2025-09-30,SWKS,,80.0113190995886,1.965156158601002,0.024560976880721196,,0.94,0.14010362694300518,0.20897674176234562,,
2025-12-31,SWKS,,118.22054161215728,1.625842938006018,0.013752626369619199,,0.53,-0.05889838211234321,0.207140252478772,,
2026-04-27,SWKS,9573339774.451286,24.386974,1.6570774,0.06485,4.46,2.61,-0.031,20.714,,
2024-09-30,TAP,,,,,,,,,,
2024-12-31,TAP,,39.35280395068711,0.8650619425779651,0.021982218691760105,,1.39,,0.47300724084201523,,
2025-03-31,TAP,,99.20581882282839,0.917007561137807,0.009243485634401045,,0.59,-0.15773504898376955,0.4765207825641887,,
2025-06-30,TAP,,21.90861590031727,0.6987897681271075,0.03189566019626954,,2.13,0.38917581702183063,0.47016152432536995,,
2025-09-30,TAP,,-2.997086417280072,0.8498000208452353,-0.28354204801890537,,-14.79,-0.07101349662584354,0.6093887710530649,,
2025-12-31,TAP,,37.87236135514057,0.8821817259444981,0.02329354955377653,,1.22,-0.10462418025895409,0.620929982502957,,
2026-04-27,TAP,7990828297.829475,-4.054883735124455,0.7915252,-0.18172,4.52,-10.75,-0.027,61.772,,
2024-12-31,TECH,,325.1206137917259,5.457542398620402,0.0167862084626739,,0.22,,0.1901027283241889,,
2025-03-31,TECH,,416.35739462716236,4.660339108701995,0.011193121988082408,,0.14,0.06447138514161821,0.20985815339254965,,
2025-06-30,TECH,,-465.7733223655007,4.291174934009719,-0.009213011411251151,,-0.11,0.0024764296399846925,0.23142388399464667,,
2025-09-30,TECH,,231.16836547851562,4.49033531951503,0.019424523378101896,,0.24,-0.09593834000075718,0.20066649235380357,,
2025-12-31,TECH,,244.71243222554526,4.625224124279521,0.018900650376506286,,0.24,0.03253127671825653,0.17448877144529384,,
2026-04-27,TECH,8478203678.6241,102.245285,4.2004495,0.03966,0.59,0.53,-0.004,17.449,,
2024-09-30,TER,,,,,,,,,,
2024-12-31,TER,,139.24619886610245,7.223501459146893,0.05187575329142686,,0.9,,0.027177371356091277,,
2025-03-31,TER,,134.90979554223233,4.769273962187157,0.03535157653318196,,0.61,-0.08926209084002316,0.024580169644385932,,
2025-06-30,TER,,183.1107626155931,5.057890117301358,0.027622025297985655,,0.49,-0.049415179092287945,0.026243602635039425,,
2025-09-30,TER,,183.30476888020834,8.065268166740557,0.04399922716692274,,0.75,0.18013737405971492,0.02530145090209861,,
2025-12-31,TER,,118.69883156992908,10.920751717755065,0.09200386872655371,,1.63,0.4083761261554062,0.10131048819780868,,
2026-04-27,TER,65454363556.00159,120.484146,23.342081,0.19734,0.12,3.47,0.439,10.131,,
2024-09-30,TKO,,,,,,,,,,
2024-12-31,TKO,,499.2051805768694,3.7833707177363305,0.00757878897283149,,0.28,,0.7536787253457142,,
2025-03-31,TKO,,218.41795548148778,3.065198448765675,0.014033637674195099,,0.69,0.9757208079776267,0.7374839019702066,,
2025-06-30,TKO,,153.73042179987982,3.5452582767578256,0.023061527024058403,,1.17,0.031243694829760405,0.7173580279504816,,
2025-09-30,TKO,,426.3778686523438,4.575637297345439,0.010731413691352451,,0.47,-0.14408586700824338,1.0580708056084427,,
2025-12-31,TKO,,-2602.02693939209,1.6535145817502184,-0.0006354717380968116,,-0.08,-0.07314758097496772,1.0871342793255492,,
2026-04-27,TKO,13981471014.5,82.522125,3.880647,0.056339998,1.67,2.26,0.119,43.924,,
2026-04-27,TLT,42618560512.0,,,,4.49,,,,0.044899996,17.4
2024-09-30,TSLA,,,,,,,,,,
2024-12-31,TSLA,,,,,,,,,,
2025-03-31,TSLA,,2159.666697184245,11.832125690171276,0.005478681365785702,,0.12,,0.17585361606365452,,
2025-06-30,TSLA,,962.6060717033617,14.592109010481154,0.015158962154331686,,0.33,0.1634859063873804,0.16987867656569314,,
2025-09-30,TSLA,,1140.3076954377002,19.57787252514646,0.017168938351881956,,0.39,0.24888869132290184,0.17241465549581092,,
2025-12-31,TSLA,,1873.8333384195964,19.163349090817306,0.01022681617297929,,0.24,-0.11368570920092542,0.17920060386914546,,
2026-03-31,TSLA,,2859.6153846153843,16.21613650746039,0.0056707404061058534,,0.13,-0.1009598008112124,0.18890579675685956,,
2026-04-27,TSLA,1413278846811.0613,345.22934,17.185003,0.04901,,1.09,0.158,18.738,,
2026-04-27,TTD,11409169489.762499,26.633333,4.591954,0.16317,,0.9,0.143,17.563,,
2024-09-30,TTWO,,,,,,,,,,
2024-12-31,TTWO,,-259.2676082127531,5.692892640740224,-0.021957593083007418,,-0.71,,0.7197074659324085,,
2025-03-31,TTWO,,-9.831593927893739,17.137336994956097,-1.743088366000842,,-21.08,0.16377408442418004,1.920709173410675,,
2025-06-30,TTWO,,-3469.285801478794,11.86029504944056,-0.0034186560946881553,,-0.07,-0.049731437598736175,1.0074693326438564,,
2025-09-30,TTWO,,-353.9177881528253,13.808558475964716,-0.03901628835339025,,-0.73,0.1795451522808884,1.0232524257699815,,
2025-12-31,TTWO,,-512.0599975585938,13.608643372580776,-0.02657626730747225,,-0.5,-0.04216935392941707,1.0044913605675707,,
2026-04-27,TTWO,39025727352.0,-9.643331586020576,11.159651,-0.86217004,,-22.57,0.249,100.449,,
2026-04-27,USO,2644515072.0,,,,0.0,,,,,
2024-12-31,V,,121.38192819994549,16.225038919352436,0.13366931272195529,,2.58,,0.5381501984541467,,
2025-03-31,V,,149.93820190429688,18.04541546452713,0.12035235340520642,,2.32,0.008832807570977918,0.5459374178280305,,
2025-06-30,V,,131.22594897188662,17.893213402125653,0.13635423132629837,,2.69,0.060245987075255365,0.6501655286571487,,
2025-09-30,V,,129.77252989324904,17.424415762922727,0.13426890711968134,,2.62,0.05426661423515533,0.6639848057189586,,
2025-12-31,V,,115.5076835808581,17.43472862776291,0.15093999020037652,,3.03,0.01650503543453935,0.5461227016014648,,
2026-04-27,V,596574039230.6237,29.080828,15.444744,0.53954,0.87,10.64,0.146,54.612,,
2024-09-30,WELL,,,,,,,,,,
2024-12-31,WELL,,649.5750427246094,2.4386550322464453,0.003754231415692375,,0.19,,0.5244162886910737,,
2025-03-31,WELL,,376.76631927490234,2.862155054939018,0.00759663194005058,,0.4,0.076310981036258,0.5009189481245839,,
2025-06-30,WELL,,337.59697808159723,2.838857472982352,0.008409013282980868,,0.45,0.05340144612693613,0.4820751094287588,,
2025-09-30,WELL,,431.2676406488186,3.121928585385722,0.007238958574978988,,0.41,0.04448081407202537,0.46866494561034394,,
2025-12-31,WELL,,1321.0983276367188,3.024200378927202,0.0022891561632184653,,0.14,0.19264621331087825,0.5074899064783539,,
2026-04-27,WELL,147070739578.75,147.00705,3.4511547,0.025390001,1.42,1.42,0.413,49.488,,
2024-07-31,WMT,,,,,,,,,,
2024-10-31,WMT,,,,,,,,,,
2025-01-31,WMT,,149.2772028996394,8.617476888298434,0.05772801687670992,,0.65,,0.6604990495863229,,
2025-04-30,WMT,,172.13329587663918,9.217501445209981,0.05354862578019644,,0.56,-0.08277302081371778,0.802035969591732,,
2025-07-31,WMT,,110.6284575028853,8.625852207471668,0.0779713683275996,,0.88,0.07120989801278917,0.7214959493951837,,
2025-10-31,WMT,,130.86671705369824,8.365915071293403,0.06392698815742918,,0.77,0.011803700071025129,0.7120527816512998,,
2026-01-31,WMT,,224.3320537063311,9.541493033856922,0.04253290101087164,,0.53,0.062174087444845566,0.6735296184386199,,
2026-04-27,WMT,1035591073113.4805,47.58974,10.392768,0.21847,0.76,2.73,0.056,64.443,,
2026-04-27,XOM,618953277709.4252,22.225374,2.3991044,0.110810004,2.77,6.7,-0.013,18.936,,
2024-09-30,XYZ,,149.17777167426215,,,,0.45,,,,
2024-12-31,XYZ,,,,0.09150019851483444,,,,0.372326420829256,,
2025-03-31,XYZ,,181.10000610351562,1.6016353645547532,0.008843927722670912,,0.3,-0.04322625166989608,0.281564226398066,,
2025-06-30,XYZ,,78.0804601208917,1.8974947121223205,0.024301787017961166,,0.87,0.0489727980684002,0.27632068512825847,,
2025-09-30,XYZ,,97.66215762576542,2.0026918651025887,0.02050632418727389,,0.74,0.009991812643148676,0.3599415623254185,,
2025-12-31,XYZ,,,,0.005213499848993063,,,0.022490119301018227,0.40381299495529643,,
2026-04-27,XYZ,43527042280.99823,34.109524,1.9422976,0.060100004,,2.1,0.036,40.444,,
2024-12-31,YUM,,87.92500335898175,-4.8630068541905445,-0.05530857740585774,,1.49,,-1.6064330543933054,,
2025-03-31,YUM,,171.54371473524304,-5.5613223767319955,-0.032419272168118914,,0.9,-0.24343776460626587,-1.4552793439261917,,
2025-06-30,YUM,,109.84645069093632,-5.349293301876326,-0.04869791666666667,,1.33,0.08114157806379407,-1.4829427083333333,,
2025-09-30,YUM,,106.80109118738919,-5.64957137926629,-0.05289806795469687,,1.41,0.024844720496894408,-1.5395069953364424,,
2025-12-31,YUM,,78.84082095161159,-5.7583398237695835,-0.07303754266211604,,1.91,0.2702020202020202,-1.8005460750853242,,
2026-04-27,YUM,44306220898.96088,28.879278,-6.06111,,1.87,5.55,0.065,,,
